# Blender 5.2.0 LTS
# www.blender.org
mtllib alien.mtl
o Sphere
v -0.000000 3.677411 0.000000
v -0.000000 3.609538 -0.223747
v -0.000000 3.498425 -0.334861
v -0.000000 3.353247 -0.394995
v -0.000000 3.274678 -0.402733
v -0.000000 3.196108 -0.394995
v -0.000000 3.050931 -0.334861
v -0.000000 2.871944 0.000000
v 0.015328 3.669673 -0.077060
v 0.030067 3.646755 -0.151158
v 0.043651 3.609538 -0.219447
v 0.055557 3.559453 -0.279304
v 0.065328 3.498425 -0.328426
v 0.072589 3.428797 -0.364928
v 0.077060 3.353247 -0.387405
v 0.078569 3.274678 -0.394995
v 0.077060 3.196108 -0.387405
v 0.072589 3.120558 -0.364928
v 0.065328 3.050931 -0.328426
v 0.055557 2.989902 -0.279304
v 0.043651 2.939817 -0.219447
v 0.030067 2.902601 -0.151158
v 0.015328 2.879683 -0.077060
v 0.030067 3.669673 -0.072589
v 0.058979 3.646755 -0.142388
v 0.085624 3.609538 -0.206715
v 0.108979 3.559453 -0.263098
v 0.128146 3.498425 -0.309371
v 0.142388 3.428797 -0.343754
v 0.151158 3.353247 -0.364928
v 0.154119 3.274678 -0.372077
v 0.151158 3.196108 -0.364928
v 0.142388 3.120558 -0.343754
v 0.128146 3.050931 -0.309371
v 0.108979 2.989902 -0.263098
v 0.085624 2.939817 -0.206715
v 0.058979 2.902601 -0.142388
v 0.030067 2.879683 -0.072589
v 0.043651 3.669673 -0.065328
v 0.085624 3.646755 -0.128146
v 0.124307 3.609538 -0.186039
v 0.158213 3.559453 -0.236782
v 0.186039 3.498425 -0.278426
v 0.206715 3.428797 -0.309371
v 0.219447 3.353247 -0.328426
v 0.223747 3.274678 -0.334860
v 0.219447 3.196108 -0.328426
v 0.206715 3.120558 -0.309371
v 0.186039 3.050931 -0.278426
v 0.158213 2.989902 -0.236782
v 0.124307 2.939817 -0.186039
v 0.085624 2.902601 -0.128146
v 0.043651 2.879683 -0.065328
v 0.055557 3.669673 -0.055557
v 0.108979 3.646755 -0.108979
v 0.158213 3.609538 -0.158213
v 0.201367 3.559453 -0.201367
v 0.236782 3.498425 -0.236782
v 0.263098 3.428797 -0.263098
v 0.279304 3.353247 -0.279304
v 0.284775 3.274678 -0.284775
v 0.279304 3.196108 -0.279304
v 0.263098 3.120558 -0.263098
v 0.236782 3.050931 -0.236782
v 0.201367 2.989902 -0.201367
v 0.158213 2.939817 -0.158213
v 0.108979 2.902601 -0.108979
v 0.055557 2.879683 -0.055557
v 0.065328 3.669673 -0.043651
v 0.128146 3.646755 -0.085624
v 0.186039 3.609538 -0.124307
v 0.236782 3.559453 -0.158213
v 0.278426 3.498425 -0.186038
v 0.309371 3.428797 -0.206715
v 0.328426 3.353247 -0.219447
v 0.334861 3.274678 -0.223747
v 0.328426 3.196108 -0.219447
v 0.309371 3.120558 -0.206715
v 0.278426 3.050931 -0.186038
v 0.236782 2.989902 -0.158213
v 0.186039 2.939817 -0.124307
v 0.128146 2.902601 -0.085624
v 0.065328 2.879683 -0.043651
v 0.072589 3.669673 -0.030067
v 0.142388 3.646755 -0.058979
v 0.206715 3.609538 -0.085624
v 0.263098 3.559453 -0.108979
v 0.309371 3.498425 -0.128146
v 0.343754 3.428797 -0.142388
v 0.364928 3.353247 -0.151158
v 0.372077 3.274678 -0.154119
v 0.364928 3.196108 -0.151158
v 0.343754 3.120558 -0.142388
v 0.309371 3.050931 -0.128146
v 0.263098 2.989902 -0.108979
v 0.206715 2.939817 -0.085624
v 0.142388 2.902601 -0.058979
v 0.072589 2.879683 -0.030067
v 0.077060 3.669673 -0.015328
v 0.151158 3.646755 -0.030067
v 0.219447 3.609538 -0.043651
v 0.279304 3.559453 -0.055557
v 0.328426 3.498425 -0.065328
v 0.364928 3.428797 -0.072589
v 0.387405 3.353247 -0.077060
v 0.394995 3.274678 -0.078569
v 0.387405 3.196108 -0.077060
v 0.364928 3.120558 -0.072589
v 0.328426 3.050931 -0.065328
v 0.279304 2.989902 -0.055557
v 0.219447 2.939817 -0.043651
v 0.151158 2.902601 -0.030067
v 0.077060 2.879683 -0.015328
v 0.078569 3.669673 0.000000
v 0.154119 3.646755 0.000000
v 0.223747 3.609538 0.000000
v 0.284775 3.559453 -0.000000
v 0.334860 3.498425 0.000000
v 0.372077 3.428797 -0.000000
v 0.394995 3.353247 0.000000
v 0.402733 3.274678 0.000000
v 0.394995 3.196108 0.000000
v 0.372077 3.120558 -0.000000
v 0.334860 3.050931 0.000000
v 0.284775 2.989902 -0.000000
v 0.223747 2.939817 0.000000
v 0.154119 2.902601 0.000000
v 0.078569 2.879683 0.000000
v 0.077060 3.669673 0.015328
v 0.151158 3.646755 0.030067
v 0.219447 3.609538 0.043651
v 0.279304 3.559453 0.055557
v 0.328426 3.498425 0.065328
v 0.364928 3.428797 0.072589
v 0.387405 3.353247 0.077060
v 0.394995 3.274678 0.078569
v 0.387405 3.196108 0.077060
v 0.364928 3.120558 0.072589
v 0.328426 3.050931 0.065328
v 0.279304 2.989902 0.055557
v 0.219447 2.939817 0.043651
v 0.151158 2.902601 0.030067
v 0.077060 2.879683 0.015328
v 0.072589 3.669673 0.030067
v 0.142388 3.646755 0.058979
v 0.206715 3.609538 0.085624
v 0.263098 3.559453 0.108979
v 0.309371 3.498425 0.128146
v 0.343754 3.428797 0.142388
v 0.364928 3.353247 0.151158
v 0.372077 3.274678 0.154119
v 0.364928 3.196108 0.151158
v 0.343754 3.120558 0.142388
v 0.309371 3.050931 0.128146
v 0.263098 2.989902 0.108979
v 0.206715 2.939817 0.085624
v 0.142388 2.902601 0.058979
v 0.072589 2.879683 0.030067
v 0.065328 3.669673 0.043651
v 0.128146 3.646755 0.085624
v 0.186038 3.609538 0.124307
v 0.236782 3.559453 0.158213
v 0.278426 3.498425 0.186039
v 0.309371 3.428797 0.206715
v 0.328426 3.353247 0.219447
v 0.334860 3.274678 0.223747
v 0.328426 3.196108 0.219447
v 0.309371 3.120558 0.206715
v 0.278426 3.050931 0.186039
v 0.236782 2.989902 0.158213
v 0.186038 2.939817 0.124307
v 0.128146 2.902601 0.085624
v 0.065328 2.879683 0.043651
v 0.055557 3.669673 0.055557
v 0.108979 3.646755 0.108979
v 0.158213 3.609538 0.158213
v 0.201367 3.559453 0.201367
v 0.236782 3.498425 0.236782
v 0.263098 3.428797 0.263098
v 0.279303 3.353247 0.279304
v 0.284775 3.274678 0.284775
v 0.279303 3.196108 0.279304
v 0.263098 3.120558 0.263098
v 0.236782 3.050931 0.236782
v 0.201367 2.989902 0.201367
v 0.158213 2.939817 0.158213
v 0.108979 2.902601 0.108979
v 0.055557 2.879683 0.055557
v 0.043651 3.669673 0.065328
v 0.085624 3.646755 0.128146
v 0.124307 3.609538 0.186038
v 0.158213 3.559453 0.236782
v 0.186038 3.498425 0.278426
v 0.206715 3.428797 0.309371
v 0.219447 3.353247 0.328426
v 0.223746 3.274678 0.334860
v 0.219447 3.196108 0.328426
v 0.206715 3.120558 0.309371
v 0.186038 3.050931 0.278426
v 0.158213 2.989902 0.236782
v 0.124307 2.939817 0.186038
v 0.085624 2.902601 0.128146
v 0.043651 2.879683 0.065328
v 0.030067 3.669673 0.072589
v 0.058979 3.646755 0.142388
v 0.085624 3.609538 0.206715
v 0.108979 3.559453 0.263098
v 0.128145 3.498425 0.309371
v 0.142388 3.428797 0.343754
v 0.151158 3.353247 0.364928
v 0.154119 3.274678 0.372077
v 0.151158 3.196108 0.364928
v 0.142388 3.120558 0.343754
v 0.128145 3.050931 0.309371
v 0.108979 2.989902 0.263098
v 0.085624 2.939817 0.206715
v 0.058979 2.902601 0.142388
v 0.030067 2.879683 0.072589
v 0.015328 3.669673 0.077060
v 0.030067 3.646755 0.151158
v 0.043651 3.609538 0.219447
v 0.055557 3.559453 0.279304
v 0.065328 3.498425 0.328426
v 0.072589 3.428797 0.364928
v 0.077060 3.353247 0.387405
v 0.078569 3.274678 0.394995
v 0.077060 3.196108 0.387405
v 0.072589 3.120558 0.364928
v 0.065328 3.050931 0.328426
v 0.055557 2.989902 0.279304
v 0.043651 2.939817 0.219447
v 0.030067 2.902601 0.151158
v 0.015328 2.879683 0.077060
v -0.000000 3.669673 0.078569
v -0.000000 3.646755 0.154119
v -0.000000 3.609538 0.223747
v -0.000000 3.559453 0.284775
v -0.000000 3.498425 0.334860
v 0.000000 3.428797 0.372077
v -0.000000 3.353247 0.394995
v -0.000000 3.274678 0.402733
v -0.000000 3.196108 0.394995
v 0.000000 3.120558 0.372077
v -0.000000 3.050931 0.334860
v -0.000000 2.989902 0.284775
v -0.000000 2.939817 0.223747
v -0.000000 2.902601 0.154119
v -0.000000 2.879683 0.078569
v -0.015328 3.669673 0.077060
v -0.030067 3.646755 0.151158
v -0.043651 3.609538 0.219447
v -0.055557 3.559453 0.279304
v -0.065328 3.498425 0.328426
v -0.072589 3.428797 0.364928
v -0.077060 3.353247 0.387405
v -0.078569 3.274678 0.394995
v -0.077060 3.196108 0.387405
v -0.072589 3.120558 0.364928
v -0.065328 3.050931 0.328426
v -0.055557 2.989902 0.279304
v -0.043651 2.939817 0.219447
v -0.030067 2.902601 0.151158
v -0.015328 2.879683 0.077060
v -0.030067 3.669673 0.072589
v -0.058979 3.646755 0.142388
v -0.085624 3.609538 0.206715
v -0.108979 3.559453 0.263098
v -0.128146 3.498425 0.309371
v -0.142388 3.428797 0.343754
v -0.151158 3.353247 0.364928
v -0.154119 3.274678 0.372077
v -0.151158 3.196108 0.364928
v -0.142388 3.120558 0.343754
v -0.128146 3.050931 0.309371
v -0.108979 2.989902 0.263098
v -0.085624 2.939817 0.206715
v -0.058979 2.902601 0.142388
v -0.030067 2.879683 0.072589
v -0.043651 3.669673 0.065328
v -0.085624 3.646755 0.128146
v -0.124307 3.609538 0.186038
v -0.158213 3.559453 0.236782
v -0.186038 3.498425 0.278426
v -0.206715 3.428797 0.309371
v -0.219447 3.353247 0.328426
v -0.223747 3.274678 0.334860
v -0.219447 3.196108 0.328426
v -0.206715 3.120558 0.309371
v -0.186038 3.050931 0.278426
v -0.158213 2.989902 0.236782
v -0.124307 2.939817 0.186038
v -0.085624 2.902601 0.128146
v -0.043651 2.879683 0.065328
v -0.055557 3.669673 0.055557
v -0.108979 3.646755 0.108979
v -0.158213 3.609538 0.158213
v -0.201367 3.559453 0.201367
v -0.236782 3.498425 0.236782
v -0.263098 3.428797 0.263098
v -0.279304 3.353247 0.279303
v -0.284775 3.274678 0.284775
v -0.279304 3.196108 0.279303
v -0.263098 3.120558 0.263098
v -0.236782 3.050931 0.236782
v -0.201367 2.989902 0.201367
v -0.158213 2.939817 0.158213
v -0.108979 2.902601 0.108979
v -0.055557 2.879683 0.055557
v -0.065328 3.669673 0.043651
v -0.128146 3.646755 0.085624
v -0.186038 3.609538 0.124307
v -0.236782 3.559453 0.158213
v -0.278426 3.498425 0.186038
v -0.309371 3.428797 0.206715
v -0.328426 3.353247 0.219447
v -0.334860 3.274678 0.223746
v -0.328426 3.196108 0.219447
v -0.309371 3.120558 0.206715
v -0.278426 3.050931 0.186038
v -0.236782 2.989902 0.158213
v -0.186038 2.939817 0.124307
v -0.128146 2.902601 0.085624
v -0.065328 2.879683 0.043651
v -0.072589 3.669673 0.030067
v -0.142388 3.646755 0.058979
v -0.206715 3.609538 0.085624
v -0.263098 3.559453 0.108979
v -0.309371 3.498425 0.128145
v -0.343754 3.428797 0.142388
v -0.364928 3.353247 0.151158
v -0.372077 3.274678 0.154119
v -0.364928 3.196108 0.151158
v -0.343754 3.120558 0.142388
v -0.309371 3.050931 0.128145
v -0.263098 2.989902 0.108979
v -0.206715 2.939817 0.085624
v -0.142388 2.902601 0.058979
v -0.072589 2.879683 0.030067
v -0.077060 3.669673 0.015328
v -0.151158 3.646755 0.030067
v -0.219447 3.609538 0.043651
v -0.279304 3.559453 0.055557
v -0.328426 3.498425 0.065328
v -0.364928 3.428797 0.072589
v -0.387405 3.353247 0.077060
v -0.394995 3.274678 0.078569
v -0.387405 3.196108 0.077060
v -0.364928 3.120558 0.072589
v -0.328426 3.050931 0.065328
v -0.279304 2.989902 0.055557
v -0.219447 2.939817 0.043651
v -0.151158 2.902601 0.030067
v -0.077060 2.879683 0.015328
v -0.078569 3.669673 -0.000000
v -0.154119 3.646755 -0.000000
v -0.223746 3.609538 -0.000000
v -0.284775 3.559453 -0.000000
v -0.334860 3.498425 -0.000000
v -0.372077 3.428797 -0.000000
v -0.394995 3.353247 -0.000000
v -0.402733 3.274678 -0.000000
v -0.394995 3.196108 -0.000000
v -0.372077 3.120558 -0.000000
v -0.334860 3.050931 -0.000000
v -0.284775 2.989902 -0.000000
v -0.223746 2.939817 -0.000000
v -0.154119 2.902601 -0.000000
v -0.078569 2.879683 -0.000000
v -0.077060 3.669673 -0.015328
v -0.151158 3.646755 -0.030067
v -0.219447 3.609538 -0.043651
v -0.279303 3.559453 -0.055557
v -0.328426 3.498425 -0.065328
v -0.364928 3.428797 -0.072589
v -0.387405 3.353247 -0.077060
v -0.394994 3.274678 -0.078569
v -0.387405 3.196108 -0.077060
v -0.364928 3.120558 -0.072589
v -0.328426 3.050931 -0.065328
v -0.279303 2.989902 -0.055557
v -0.219447 2.939817 -0.043651
v -0.151158 2.902601 -0.030067
v -0.077060 2.879683 -0.015328
v -0.072589 3.669673 -0.030067
v -0.142388 3.646755 -0.058979
v -0.206715 3.609538 -0.085624
v -0.263098 3.559453 -0.108979
v -0.309371 3.498425 -0.128146
v -0.343754 3.428797 -0.142388
v -0.364927 3.353247 -0.151158
v -0.372077 3.274678 -0.154119
v -0.364927 3.196108 -0.151158
v -0.343754 3.120558 -0.142388
v -0.309371 3.050931 -0.128146
v -0.263098 2.989902 -0.108979
v -0.206715 2.939817 -0.085624
v -0.142388 2.902601 -0.058979
v -0.072589 2.879683 -0.030067
v -0.065328 3.669673 -0.043651
v -0.128145 3.646755 -0.085624
v -0.186038 3.609538 -0.124307
v -0.236782 3.559453 -0.158213
v -0.278426 3.498425 -0.186038
v -0.309371 3.428797 -0.206715
v -0.328426 3.353247 -0.219447
v -0.334860 3.274678 -0.223747
v -0.328426 3.196108 -0.219447
v -0.309371 3.120558 -0.206715
v -0.278426 3.050931 -0.186038
v -0.236782 2.989902 -0.158213
v -0.186038 2.939817 -0.124307
v -0.128145 2.902601 -0.085624
v -0.065328 2.879683 -0.043651
v -0.055557 3.669673 -0.055557
v -0.108979 3.646755 -0.108979
v -0.158213 3.609538 -0.158213
v -0.201367 3.559453 -0.201367
v -0.236782 3.498425 -0.236782
v -0.263098 3.428797 -0.263098
v -0.279303 3.353247 -0.279303
v -0.284775 3.274678 -0.284775
v -0.279303 3.196108 -0.279303
v -0.263098 3.120558 -0.263098
v -0.236782 3.050931 -0.236782
v -0.201367 2.989902 -0.201367
v -0.158213 2.939817 -0.158213
v -0.108979 2.902601 -0.108979
v -0.055557 2.879683 -0.055557
v -0.043651 3.669673 -0.065328
v -0.085624 3.646755 -0.128146
v -0.124307 3.609538 -0.186038
v -0.158213 3.559453 -0.236782
v -0.186038 3.498425 -0.278426
v -0.206715 3.428797 -0.309371
v -0.219447 3.353247 -0.328426
v -0.223746 3.274678 -0.334860
v -0.219447 3.196108 -0.328426
v -0.206715 3.120558 -0.309371
v -0.186038 3.050931 -0.278426
v -0.158213 2.989902 -0.236782
v -0.124307 2.939817 -0.186038
v -0.085624 2.902601 -0.128146
v -0.043651 2.879683 -0.065328
v -0.030067 3.669673 -0.072589
v -0.058979 3.646755 -0.142388
v -0.085624 3.609538 -0.206715
v -0.108979 3.559453 -0.263098
v -0.128145 3.498425 -0.309371
v -0.142388 3.428797 -0.343754
v -0.151158 3.353247 -0.364928
v -0.154119 3.274678 -0.372077
v -0.151158 3.196108 -0.364928
v -0.142388 3.120558 -0.343754
v -0.128145 3.050931 -0.309371
v -0.108979 2.989902 -0.263098
v -0.085624 2.939817 -0.206715
v -0.058979 2.902601 -0.142388
v -0.030067 2.879683 -0.072589
v -0.015328 3.669673 -0.077060
v -0.030067 3.646755 -0.151158
v -0.043651 3.609538 -0.219447
v -0.055557 3.559453 -0.279304
v -0.065328 3.498425 -0.328426
v -0.072589 3.428797 -0.364928
v -0.077060 3.353247 -0.387405
v -0.078569 3.274678 -0.394994
v -0.077060 3.196108 -0.387405
v -0.072589 3.120558 -0.364928
v -0.065328 3.050931 -0.328426
v -0.055557 2.989902 -0.279304
v -0.043651 2.939817 -0.219447
v -0.030067 2.902601 -0.151158
v -0.015328 2.879683 -0.077060
v 0.000000 3.669673 -0.078569
v 0.000000 3.646755 -0.154119
v 0.000000 3.559453 -0.284775
v 0.000000 3.428797 -0.372077
v 0.000000 3.120558 -0.372077
v 0.000000 2.989902 -0.284775
v 0.000000 2.939817 -0.223746
v 0.000000 2.902601 -0.154119
v 0.000000 2.879683 -0.078569
v -0.000000 0.028569 -0.226700
v -0.000000 3.359030 -0.226700
v 0.044227 0.028569 -0.222344
v 0.044227 3.359030 -0.222344
v 0.086754 0.028569 -0.209444
v 0.086754 3.359030 -0.209444
v 0.125948 0.028569 -0.188494
v 0.125948 3.359030 -0.188494
v 0.160301 0.028569 -0.160301
v 0.160301 3.359030 -0.160301
v 0.188494 0.028569 -0.125948
v 0.188494 3.359030 -0.125948
v 0.209444 0.028569 -0.086754
v 0.209444 3.359030 -0.086754
v 0.222344 0.028569 -0.044227
v 0.222344 3.359030 -0.044227
v 0.226700 0.028569 0.000000
v 0.226700 3.359030 0.000000
v 0.222344 0.028569 0.044227
v 0.222344 3.359030 0.044227
v 0.209444 0.028569 0.086754
v 0.209444 3.359030 0.086754
v 0.188494 0.028569 0.125948
v 0.188494 3.359030 0.125948
v 0.160301 0.028569 0.160301
v 0.160301 3.359030 0.160301
v 0.125948 0.028569 0.188494
v 0.125948 3.359030 0.188494
v 0.086754 0.028569 0.209444
v 0.086754 3.359030 0.209444
v 0.044227 0.028569 0.222344
v 0.044227 3.359030 0.222344
v -0.000000 0.028569 0.226700
v -0.000000 3.359030 0.226700
v -0.044227 0.028569 0.222344
v -0.044227 3.359030 0.222344
v -0.086754 0.028569 0.209444
v -0.086754 3.359030 0.209444
v -0.125948 0.028569 0.188494
v -0.125948 3.359030 0.188494
v -0.160301 0.028569 0.160301
v -0.160301 3.359030 0.160301
v -0.188494 0.028569 0.125948
v -0.188494 3.359030 0.125948
v -0.209444 0.028569 0.086754
v -0.209444 3.359030 0.086754
v -0.222344 0.028569 0.044227
v -0.222344 3.359030 0.044227
v -0.226700 0.028569 0.000000
v -0.226700 3.359030 0.000000
v -0.222344 0.028569 -0.044227
v -0.222344 3.359030 -0.044227
v -0.209444 0.028569 -0.086754
v -0.209444 3.359030 -0.086754
v -0.188494 0.028569 -0.125948
v -0.188494 3.359030 -0.125948
v -0.160301 0.028569 -0.160301
v -0.160301 3.359030 -0.160301
v -0.125948 0.028569 -0.188494
v -0.125948 3.359030 -0.188494
v -0.086754 0.028569 -0.209444
v -0.086754 3.359030 -0.209444
v -0.044227 0.028569 -0.222344
v -0.044227 3.359030 -0.222344
vn 0.0938 -0.2890 -0.9527
vn 0.0464 0.8810 -0.4709
vn 0.0865 -0.4696 -0.8786
vn 0.0624 0.7715 -0.6332
vn 0.0759 -0.6326 -0.7708
vn 0.0759 0.6326 -0.7708
vn 0.0624 -0.7715 -0.6332
vn 0.0865 0.4696 -0.8786
vn 0.0464 -0.8810 -0.4709
vn 0.0938 0.2890 -0.9527
vn 0.0286 -0.9565 -0.2902
vn 0.0975 0.0975 -0.9904
vn 0.0097 0.9951 -0.0980
vn 0.0097 -0.9951 -0.0980
vn 0.0975 -0.0975 -0.9904
vn 0.0286 0.9565 -0.2902
vn 0.0286 -0.9951 -0.0942
vn 0.2889 -0.0976 -0.9524
vn 0.0846 0.9565 -0.2790
vn 0.2779 -0.2890 -0.9161
vn 0.1374 0.8810 -0.4528
vn 0.2563 -0.4696 -0.8448
vn 0.1847 0.7715 -0.6088
vn 0.2248 -0.6326 -0.7412
vn 0.2248 0.6326 -0.7412
vn 0.1847 -0.7715 -0.6088
vn 0.2563 0.4696 -0.8448
vn 0.1374 -0.8810 -0.4528
vn 0.2779 0.2890 -0.9161
vn 0.0846 -0.9565 -0.2790
vn 0.2889 0.0976 -0.9524
vn 0.0286 0.9951 -0.0942
vn 0.2999 -0.7715 -0.5611
vn 0.4162 0.4696 -0.7786
vn 0.2230 -0.8810 -0.4173
vn 0.4513 0.2890 -0.8443
vn 0.1374 -0.9565 -0.2571
vn 0.4691 0.0975 -0.8777
vn 0.0464 0.9951 -0.0869
vn 0.0464 -0.9951 -0.0869
vn 0.4691 -0.0975 -0.8777
vn 0.1374 0.9565 -0.2571
vn 0.4513 -0.2890 -0.8443
vn 0.2230 0.8810 -0.4173
vn 0.4162 -0.4696 -0.7786
vn 0.2999 0.7715 -0.5611
vn 0.3651 -0.6326 -0.6831
vn 0.3651 0.6326 -0.6831
vn 0.1850 0.9565 -0.2254
vn 0.6073 -0.2890 -0.7400
vn 0.3002 0.8810 -0.3658
vn 0.5601 -0.4696 -0.6825
vn 0.4036 0.7715 -0.4918
vn 0.4913 -0.6326 -0.5987
vn 0.4913 0.6326 -0.5987
vn 0.4036 -0.7715 -0.4918
vn 0.5601 0.4696 -0.6825
vn 0.3002 -0.8810 -0.3658
vn 0.6073 0.2890 -0.7400
vn 0.1850 -0.9565 -0.2254
vn 0.6314 0.0975 -0.7693
vn 0.0625 0.9951 -0.0761
vn 0.0625 -0.9951 -0.0761
vn 0.6314 -0.0975 -0.7693
vn 0.6825 0.4696 -0.5601
vn 0.3658 -0.8810 -0.3002
vn 0.7400 0.2890 -0.6073
vn 0.2254 -0.9565 -0.1850
vn 0.7693 0.0975 -0.6314
vn 0.0761 0.9951 -0.0625
vn 0.0761 -0.9951 -0.0625
vn 0.7693 -0.0975 -0.6314
vn 0.2254 0.9565 -0.1850
vn 0.7400 -0.2890 -0.6073
vn 0.3658 0.8810 -0.3002
vn 0.6825 -0.4696 -0.5601
vn 0.4918 0.7715 -0.4036
vn 0.5987 -0.6326 -0.4913
vn 0.5987 0.6326 -0.4913
vn 0.4918 -0.7715 -0.4036
vn 0.8443 -0.2890 -0.4513
vn 0.4173 0.8810 -0.2230
vn 0.7786 -0.4696 -0.4162
vn 0.5611 0.7715 -0.2999
vn 0.6831 -0.6326 -0.3651
vn 0.6831 0.6326 -0.3651
vn 0.5611 -0.7715 -0.2999
vn 0.7786 0.4696 -0.4162
vn 0.4173 -0.8810 -0.2230
vn 0.8443 0.2890 -0.4513
vn 0.2571 -0.9565 -0.1374
vn 0.8777 0.0975 -0.4691
vn 0.0869 0.9951 -0.0464
vn 0.0869 -0.9951 -0.0464
vn 0.8777 -0.0975 -0.4691
vn 0.2571 0.9565 -0.1374
vn 0.4528 -0.8810 -0.1374
vn 0.9161 0.2890 -0.2779
vn 0.2790 -0.9565 -0.0846
vn 0.9524 0.0975 -0.2889
vn 0.0942 0.9951 -0.0286
vn 0.0942 -0.9951 -0.0286
vn 0.9524 -0.0975 -0.2889
vn 0.2790 0.9565 -0.0846
vn 0.9161 -0.2890 -0.2779
vn 0.4528 0.8810 -0.1374
vn 0.8448 -0.4696 -0.2563
vn 0.6088 0.7715 -0.1847
vn 0.7412 -0.6326 -0.2248
vn 0.7412 0.6326 -0.2248
vn 0.6088 -0.7715 -0.1847
vn 0.8448 0.4696 -0.2563
vn 0.4709 0.8810 -0.0464
vn 0.8786 -0.4696 -0.0865
vn 0.6332 0.7715 -0.0624
vn 0.7708 -0.6326 -0.0759
vn 0.7708 0.6326 -0.0759
vn 0.6332 -0.7715 -0.0624
vn 0.8786 0.4696 -0.0865
vn 0.4709 -0.8810 -0.0464
vn 0.9527 0.2890 -0.0938
vn 0.2902 -0.9565 -0.0286
vn 0.9904 0.0975 -0.0975
vn 0.0980 0.9951 -0.0097
vn 0.0980 -0.9951 -0.0097
vn 0.9904 -0.0975 -0.0975
vn 0.2902 0.9565 -0.0286
vn 0.9527 -0.2890 -0.0938
vn 0.9527 0.2890 0.0938
vn 0.2902 -0.9565 0.0286
vn 0.9904 0.0975 0.0976
vn 0.0980 0.9951 0.0097
vn 0.0980 -0.9951 0.0097
vn 0.9904 -0.0975 0.0976
vn 0.2902 0.9565 0.0286
vn 0.9527 -0.2890 0.0938
vn 0.4709 0.8810 0.0464
vn 0.8786 -0.4696 0.0865
vn 0.6332 0.7715 0.0624
vn 0.7708 -0.6326 0.0759
vn 0.7708 0.6326 0.0759
vn 0.6332 -0.7715 0.0624
vn 0.8786 0.4696 0.0865
vn 0.4709 -0.8810 0.0464
vn 0.8448 -0.4696 0.2563
vn 0.6088 0.7715 0.1847
vn 0.7412 -0.6326 0.2248
vn 0.7412 0.6326 0.2248
vn 0.6088 -0.7715 0.1847
vn 0.8448 0.4696 0.2563
vn 0.4528 -0.8810 0.1374
vn 0.9161 0.2890 0.2779
vn 0.2790 -0.9565 0.0846
vn 0.9524 0.0975 0.2889
vn 0.0942 0.9951 0.0286
vn 0.0942 -0.9951 0.0286
vn 0.9524 -0.0975 0.2889
vn 0.2790 0.9565 0.0846
vn 0.9161 -0.2890 0.2779
vn 0.4528 0.8810 0.1374
vn 0.2571 -0.9565 0.1374
vn 0.8777 0.0975 0.4691
vn 0.0869 0.9951 0.0464
vn 0.0869 -0.9951 0.0464
vn 0.8777 -0.0975 0.4691
vn 0.2571 0.9565 0.1374
vn 0.8443 -0.2890 0.4513
vn 0.4173 0.8810 0.2230
vn 0.7786 -0.4696 0.4162
vn 0.5611 0.7715 0.2999
vn 0.6831 -0.6326 0.3651
vn 0.6831 0.6326 0.3651
vn 0.5611 -0.7715 0.2999
vn 0.7786 0.4696 0.4162
vn 0.4173 -0.8810 0.2230
vn 0.8443 0.2890 0.4513
vn 0.5987 -0.6326 0.4913
vn 0.5987 0.6326 0.4913
vn 0.4918 -0.7715 0.4036
vn 0.6825 0.4696 0.5601
vn 0.3658 -0.8810 0.3002
vn 0.7400 0.2890 0.6073
vn 0.2254 -0.9565 0.1850
vn 0.7693 0.0975 0.6314
vn 0.0761 0.9951 0.0625
vn 0.0761 -0.9951 0.0625
vn 0.7693 -0.0975 0.6314
vn 0.2254 0.9565 0.1850
vn 0.7400 -0.2890 0.6073
vn 0.3658 0.8810 0.3002
vn 0.6825 -0.4696 0.5601
vn 0.4918 0.7715 0.4036
vn 0.0625 0.9951 0.0761
vn 0.0625 -0.9951 0.0761
vn 0.6314 -0.0975 0.7693
vn 0.1850 0.9565 0.2254
vn 0.6073 -0.2890 0.7400
vn 0.3002 0.8810 0.3658
vn 0.5601 -0.4696 0.6825
vn 0.4036 0.7715 0.4918
vn 0.4913 -0.6326 0.5987
vn 0.4913 0.6326 0.5987
vn 0.4036 -0.7715 0.4918
vn 0.5601 0.4696 0.6825
vn 0.3002 -0.8810 0.3658
vn 0.6073 0.2890 0.7400
vn 0.1850 -0.9565 0.2254
vn 0.6314 0.0975 0.7693
vn 0.3651 0.6326 0.6831
vn 0.2999 -0.7715 0.5611
vn 0.4162 0.4696 0.7786
vn 0.2230 -0.8810 0.4173
vn 0.4513 0.2890 0.8443
vn 0.1374 -0.9565 0.2571
vn 0.4691 0.0975 0.8777
vn 0.0464 0.9951 0.0869
vn 0.0464 -0.9951 0.0869
vn 0.4691 -0.0975 0.8777
vn 0.1374 0.9565 0.2571
vn 0.4513 -0.2890 0.8443
vn 0.2230 0.8810 0.4173
vn 0.4162 -0.4696 0.7786
vn 0.2999 0.7715 0.5611
vn 0.3651 -0.6326 0.6831
vn 0.2889 -0.0975 0.9524
vn 0.0846 0.9565 0.2790
vn 0.2779 -0.2890 0.9161
vn 0.1374 0.8810 0.4528
vn 0.2563 -0.4696 0.8448
vn 0.1847 0.7715 0.6088
vn 0.2248 -0.6326 0.7412
vn 0.2248 0.6326 0.7412
vn 0.1847 -0.7715 0.6088
vn 0.2563 0.4696 0.8448
vn 0.1374 -0.8810 0.4528
vn 0.2779 0.2890 0.9161
vn 0.0846 -0.9565 0.2790
vn 0.2889 0.0975 0.9524
vn 0.0286 0.9951 0.0942
vn 0.0286 -0.9951 0.0942
vn 0.0624 -0.7715 0.6332
vn 0.0865 0.4696 0.8786
vn 0.0464 -0.8810 0.4709
vn 0.0938 0.2890 0.9527
vn 0.0286 -0.9565 0.2902
vn 0.0975 0.0975 0.9904
vn 0.0097 0.9951 0.0980
vn 0.0097 -0.9951 0.0980
vn 0.0975 -0.0975 0.9904
vn 0.0286 0.9565 0.2902
vn 0.0938 -0.2890 0.9527
vn 0.0464 0.8810 0.4709
vn 0.0865 -0.4696 0.8786
vn 0.0624 0.7715 0.6332
vn 0.0759 -0.6326 0.7708
vn 0.0759 0.6326 0.7708
vn -0.0286 0.9565 0.2902
vn -0.0938 -0.2890 0.9527
vn -0.0464 0.8810 0.4709
vn -0.0865 -0.4696 0.8786
vn -0.0624 0.7715 0.6332
vn -0.0759 -0.6326 0.7708
vn -0.0759 0.6326 0.7708
vn -0.0624 -0.7715 0.6332
vn -0.0865 0.4696 0.8786
vn -0.0464 -0.8810 0.4709
vn -0.0938 0.2890 0.9527
vn -0.0286 -0.9565 0.2902
vn -0.0976 0.0975 0.9904
vn -0.0097 0.9951 0.0980
vn -0.0097 -0.9951 0.0980
vn -0.0976 -0.0975 0.9904
vn -0.2563 0.4696 0.8448
vn -0.1374 -0.8810 0.4528
vn -0.2779 0.2890 0.9161
vn -0.0846 -0.9565 0.2790
vn -0.2889 0.0975 0.9524
vn -0.0286 0.9951 0.0942
vn -0.0286 -0.9951 0.0942
vn -0.2889 -0.0975 0.9524
vn -0.0846 0.9565 0.2790
vn -0.2779 -0.2890 0.9161
vn -0.1374 0.8810 0.4528
vn -0.2563 -0.4696 0.8448
vn -0.1847 0.7715 0.6088
vn -0.2248 -0.6326 0.7412
vn -0.2248 0.6326 0.7412
vn -0.1847 -0.7715 0.6088
vn -0.4513 -0.2890 0.8443
vn -0.2230 0.8810 0.4173
vn -0.4162 -0.4696 0.7786
vn -0.2999 0.7715 0.5611
vn -0.3651 -0.6326 0.6831
vn -0.3651 0.6326 0.6831
vn -0.2999 -0.7715 0.5611
vn -0.4162 0.4696 0.7786
vn -0.2230 -0.8810 0.4173
vn -0.4513 0.2890 0.8443
vn -0.1374 -0.9565 0.2571
vn -0.4691 0.0975 0.8777
vn -0.0464 0.9951 0.0869
vn -0.0464 -0.9951 0.0869
vn -0.4691 -0.0975 0.8777
vn -0.1374 0.9565 0.2571
vn -0.3002 -0.8810 0.3658
vn -0.6073 0.2890 0.7400
vn -0.1850 -0.9565 0.2254
vn -0.6314 0.0975 0.7693
vn -0.0625 0.9951 0.0761
vn -0.0625 -0.9951 0.0761
vn -0.6314 -0.0975 0.7693
vn -0.1850 0.9565 0.2254
vn -0.6073 -0.2890 0.7400
vn -0.3002 0.8810 0.3658
vn -0.5601 -0.4696 0.6825
vn -0.4036 0.7715 0.4918
vn -0.4913 -0.6326 0.5987
vn -0.4913 0.6326 0.5987
vn -0.4036 -0.7715 0.4918
vn -0.5601 0.4696 0.6825
vn -0.6825 -0.4696 0.5601
vn -0.4918 0.7715 0.4036
vn -0.5987 -0.6326 0.4913
vn -0.5987 0.6326 0.4913
vn -0.4918 -0.7715 0.4036
vn -0.6825 0.4696 0.5601
vn -0.3658 -0.8810 0.3002
vn -0.7400 0.2890 0.6073
vn -0.2254 -0.9565 0.1850
vn -0.7693 0.0975 0.6314
vn -0.0761 0.9951 0.0625
vn -0.0761 -0.9951 0.0625
vn -0.7693 -0.0975 0.6314
vn -0.2254 0.9565 0.1850
vn -0.7400 -0.2890 0.6073
vn -0.3658 0.8810 0.3002
vn -0.2571 -0.9565 0.1374
vn -0.8777 0.0975 0.4691
vn -0.0869 0.9951 0.0464
vn -0.0869 -0.9951 0.0464
vn -0.8777 -0.0975 0.4691
vn -0.2571 0.9565 0.1374
vn -0.8443 -0.2890 0.4513
vn -0.4173 0.8810 0.2230
vn -0.7786 -0.4696 0.4162
vn -0.5611 0.7715 0.2999
vn -0.6831 -0.6326 0.3651
vn -0.6831 0.6326 0.3651
vn -0.5611 -0.7715 0.2999
vn -0.7786 0.4696 0.4162
vn -0.4173 -0.8810 0.2230
vn -0.8443 0.2890 0.4513
vn -0.6088 0.7715 0.1847
vn -0.7412 -0.6326 0.2248
vn -0.7412 0.6326 0.2248
vn -0.6088 -0.7715 0.1847
vn -0.8448 0.4696 0.2563
vn -0.4528 -0.8810 0.1374
vn -0.9161 0.2890 0.2779
vn -0.2790 -0.9565 0.0846
vn -0.9524 0.0975 0.2889
vn -0.0942 0.9951 0.0286
vn -0.0942 -0.9951 0.0286
vn -0.9524 -0.0975 0.2889
vn -0.2790 0.9565 0.0846
vn -0.9161 -0.2890 0.2779
vn -0.4528 0.8810 0.1374
vn -0.8448 -0.4696 0.2563
vn -0.9904 0.0975 0.0975
vn -0.0980 0.9951 0.0097
vn -0.0980 -0.9951 0.0097
vn -0.9904 -0.0975 0.0975
vn -0.2902 0.9565 0.0286
vn -0.9527 -0.2890 0.0938
vn -0.4709 0.8810 0.0464
vn -0.8786 -0.4696 0.0865
vn -0.6332 0.7715 0.0624
vn -0.7708 -0.6326 0.0759
vn -0.7708 0.6326 0.0759
vn -0.6332 -0.7715 0.0624
vn -0.8786 0.4696 0.0865
vn -0.4709 -0.8810 0.0464
vn -0.9527 0.2890 0.0938
vn -0.2902 -0.9565 0.0286
vn -0.7708 -0.6326 -0.0759
vn -0.7708 0.6326 -0.0759
vn -0.6332 -0.7715 -0.0624
vn -0.8786 0.4696 -0.0865
vn -0.4709 -0.8810 -0.0464
vn -0.9527 0.2890 -0.0938
vn -0.2902 -0.9565 -0.0286
vn -0.9904 0.0975 -0.0976
vn -0.0980 0.9951 -0.0097
vn -0.0980 -0.9951 -0.0097
vn -0.9904 -0.0975 -0.0976
vn -0.2902 0.9565 -0.0286
vn -0.9527 -0.2890 -0.0938
vn -0.4709 0.8810 -0.0464
vn -0.8786 -0.4696 -0.0865
vn -0.6332 0.7715 -0.0624
vn -0.0942 0.9951 -0.0286
vn -0.0942 -0.9951 -0.0286
vn -0.9524 -0.0975 -0.2889
vn -0.2790 0.9565 -0.0846
vn -0.9161 -0.2890 -0.2779
vn -0.4528 0.8810 -0.1374
vn -0.8448 -0.4696 -0.2563
vn -0.6088 0.7715 -0.1847
vn -0.7412 -0.6326 -0.2248
vn -0.7412 0.6326 -0.2248
vn -0.6088 -0.7715 -0.1847
vn -0.8448 0.4696 -0.2563
vn -0.4528 -0.8810 -0.1374
vn -0.9161 0.2890 -0.2779
vn -0.2790 -0.9565 -0.0846
vn -0.9524 0.0975 -0.2889
vn -0.6831 0.6326 -0.3651
vn -0.5611 -0.7715 -0.2999
vn -0.7786 0.4696 -0.4162
vn -0.4173 -0.8810 -0.2231
vn -0.8443 0.2890 -0.4513
vn -0.2571 -0.9565 -0.1374
vn -0.8777 0.0975 -0.4691
vn -0.0869 0.9951 -0.0464
vn -0.0869 -0.9951 -0.0464
vn -0.8777 -0.0975 -0.4691
vn -0.2571 0.9565 -0.1374
vn -0.8443 -0.2890 -0.4513
vn -0.4173 0.8810 -0.2231
vn -0.7786 -0.4696 -0.4162
vn -0.5611 0.7715 -0.2999
vn -0.6831 -0.6326 -0.3651
vn -0.7693 -0.0975 -0.6314
vn -0.2254 0.9565 -0.1850
vn -0.7400 -0.2890 -0.6073
vn -0.3658 0.8810 -0.3002
vn -0.6825 -0.4696 -0.5601
vn -0.4918 0.7715 -0.4036
vn -0.5987 -0.6326 -0.4913
vn -0.5987 0.6326 -0.4913
vn -0.4918 -0.7715 -0.4036
vn -0.6825 0.4696 -0.5601
vn -0.3658 -0.8810 -0.3002
vn -0.7400 0.2890 -0.6073
vn -0.2254 -0.9565 -0.1850
vn -0.7693 0.0975 -0.6314
vn -0.0761 0.9951 -0.0625
vn -0.0761 -0.9951 -0.0625
vn -0.4036 -0.7715 -0.4918
vn -0.5601 0.4696 -0.6825
vn -0.3002 -0.8810 -0.3658
vn -0.6073 0.2890 -0.7400
vn -0.1850 -0.9565 -0.2254
vn -0.6314 0.0975 -0.7693
vn -0.0625 0.9951 -0.0761
vn -0.0625 -0.9951 -0.0761
vn -0.6314 -0.0975 -0.7693
vn -0.1850 0.9565 -0.2254
vn -0.6073 -0.2890 -0.7400
vn -0.3002 0.8810 -0.3658
vn -0.5601 -0.4696 -0.6825
vn -0.4036 0.7715 -0.4918
vn -0.4913 -0.6326 -0.5987
vn -0.4913 0.6326 -0.5987
vn -0.4513 -0.2890 -0.8443
vn -0.2230 0.8810 -0.4173
vn -0.4162 -0.4696 -0.7786
vn -0.2999 0.7715 -0.5611
vn -0.3651 -0.6326 -0.6831
vn -0.3651 0.6326 -0.6831
vn -0.2999 -0.7715 -0.5611
vn -0.4162 0.4696 -0.7786
vn -0.2230 -0.8810 -0.4173
vn -0.4513 0.2890 -0.8443
vn -0.1374 -0.9565 -0.2571
vn -0.4691 0.0975 -0.8777
vn -0.0464 0.9951 -0.0869
vn -0.0464 -0.9951 -0.0869
vn -0.4691 -0.0975 -0.8777
vn -0.1374 0.9565 -0.2571
vn -0.1374 -0.8810 -0.4528
vn -0.2779 0.2890 -0.9161
vn -0.0846 -0.9565 -0.2790
vn -0.2889 0.0975 -0.9524
vn -0.0286 0.9951 -0.0942
vn -0.0286 -0.9951 -0.0942
vn -0.2889 -0.0975 -0.9524
vn -0.0846 0.9565 -0.2790
vn -0.2779 -0.2890 -0.9161
vn -0.1374 0.8810 -0.4528
vn -0.2563 -0.4696 -0.8448
vn -0.1847 0.7715 -0.6088
vn -0.2248 -0.6326 -0.7412
vn -0.2248 0.6326 -0.7412
vn -0.1847 -0.7715 -0.6088
vn -0.2563 0.4696 -0.8448
vn -0.0464 0.8810 -0.4709
vn -0.0865 -0.4696 -0.8786
vn -0.0624 0.7715 -0.6332
vn -0.0759 -0.6326 -0.7708
vn -0.0759 0.6326 -0.7708
vn -0.0624 -0.7715 -0.6332
vn -0.0865 0.4696 -0.8786
vn -0.0464 -0.8810 -0.4709
vn -0.0938 0.2890 -0.9527
vn -0.0286 -0.9565 -0.2902
vn -0.0976 0.0975 -0.9904
vn -0.0097 0.9951 -0.0980
vn -0.0097 -0.9951 -0.0980
vn -0.0976 -0.0975 -0.9904
vn -0.0286 0.9565 -0.2902
vn -0.0938 -0.2890 -0.9527
vn 0.0980 -0.0000 -0.9952
vn 0.2903 -0.0000 -0.9569
vn 0.4714 -0.0000 -0.8819
vn 0.6344 -0.0000 -0.7730
vn 0.7730 -0.0000 -0.6344
vn 0.8819 -0.0000 -0.4714
vn 0.9569 -0.0000 -0.2903
vn 0.9952 -0.0000 -0.0980
vn 0.9952 -0.0000 0.0980
vn 0.9569 -0.0000 0.2903
vn 0.8819 -0.0000 0.4714
vn 0.7730 -0.0000 0.6344
vn 0.6344 -0.0000 0.7730
vn 0.4714 -0.0000 0.8819
vn 0.2903 -0.0000 0.9569
vn 0.0980 -0.0000 0.9952
vn -0.0980 -0.0000 0.9952
vn -0.2903 -0.0000 0.9569
vn -0.4714 -0.0000 0.8819
vn -0.6344 -0.0000 0.7730
vn -0.7730 -0.0000 0.6344
vn -0.8819 -0.0000 0.4714
vn -0.9569 -0.0000 0.2903
vn -0.9952 -0.0000 0.0980
vn -0.9952 -0.0000 -0.0980
vn -0.9569 -0.0000 -0.2903
vn -0.8819 -0.0000 -0.4714
vn -0.7730 -0.0000 -0.6344
vn -0.6344 -0.0000 -0.7730
vn -0.4714 -0.0000 -0.8819
vn -0.0000 1.0000 -0.0000
vn -0.2903 -0.0000 -0.9569
vn -0.0980 -0.0000 -0.9952
vn -0.0000 -1.0000 -0.0000
vt 0.750000 0.375000
vt 0.750000 0.437500
vt 0.718750 0.437500
vt 0.718750 0.375000
vt 0.750000 0.812500
vt 0.750000 0.875000
vt 0.718750 0.875000
vt 0.718750 0.812500
vt 0.750000 0.312500
vt 0.718750 0.312500
vt 0.750000 0.750000
vt 0.718750 0.750000
vt 0.750000 0.250000
vt 0.718750 0.250000
vt 0.750000 0.687500
vt 0.718750 0.687500
vt 0.750000 0.187500
vt 0.718750 0.187500
vt 0.750000 0.625000
vt 0.718750 0.625000
vt 0.750000 0.125000
vt 0.718750 0.125000
vt 0.750000 0.562500
vt 0.718750 0.562500
vt 0.750000 0.062500
vt 0.718750 0.062500
vt 0.750000 0.500000
vt 0.718750 0.500000
vt 0.750000 0.937500
vt 0.734375 1.000000
vt 0.718750 0.937500
vt 0.734375 0.000000
vt 0.703125 0.000000
vt 0.687500 0.062500
vt 0.687500 0.500000
vt 0.687500 0.437500
vt 0.687500 0.937500
vt 0.687500 0.875000
vt 0.687500 0.375000
vt 0.687500 0.812500
vt 0.687500 0.312500
vt 0.687500 0.750000
vt 0.687500 0.250000
vt 0.687500 0.687500
vt 0.687500 0.187500
vt 0.687500 0.625000
vt 0.687500 0.125000
vt 0.687500 0.562500
vt 0.703125 1.000000
vt 0.656250 0.250000
vt 0.656250 0.187500
vt 0.656250 0.687500
vt 0.656250 0.625000
vt 0.656250 0.125000
vt 0.656250 0.562500
vt 0.656250 0.062500
vt 0.656250 0.500000
vt 0.671875 1.000000
vt 0.656250 0.937500
vt 0.671875 0.000000
vt 0.656250 0.437500
vt 0.656250 0.875000
vt 0.656250 0.375000
vt 0.656250 0.812500
vt 0.656250 0.312500
vt 0.656250 0.750000
vt 0.625000 0.937500
vt 0.625000 0.875000
vt 0.625000 0.437500
vt 0.625000 0.375000
vt 0.625000 0.812500
vt 0.625000 0.312500
vt 0.625000 0.750000
vt 0.625000 0.250000
vt 0.625000 0.687500
vt 0.625000 0.187500
vt 0.625000 0.625000
vt 0.625000 0.125000
vt 0.625000 0.562500
vt 0.625000 0.062500
vt 0.625000 0.500000
vt 0.640625 1.000000
vt 0.640625 0.000000
vt 0.593750 0.687500
vt 0.593750 0.625000
vt 0.593750 0.187500
vt 0.593750 0.125000
vt 0.593750 0.562500
vt 0.593750 0.062500
vt 0.593750 0.500000
vt 0.609375 1.000000
vt 0.593750 0.937500
vt 0.609375 0.000000
vt 0.593750 0.437500
vt 0.593750 0.875000
vt 0.593750 0.375000
vt 0.593750 0.812500
vt 0.593750 0.312500
vt 0.593750 0.750000
vt 0.593750 0.250000
vt 0.562500 0.437500
vt 0.562500 0.375000
vt 0.562500 0.875000
vt 0.562500 0.812500
vt 0.562500 0.312500
vt 0.562500 0.750000
vt 0.562500 0.250000
vt 0.562500 0.687500
vt 0.562500 0.187500
vt 0.562500 0.625000
vt 0.562500 0.125000
vt 0.562500 0.562500
vt 0.562500 0.062500
vt 0.562500 0.500000
vt 0.578125 1.000000
vt 0.562500 0.937500
vt 0.578125 0.000000
vt 0.531250 0.187500
vt 0.531250 0.125000
vt 0.531250 0.625000
vt 0.531250 0.562500
vt 0.531250 0.062500
vt 0.531250 0.500000
vt 0.546875 1.000000
vt 0.531250 0.937500
vt 0.546875 0.000000
vt 0.531250 0.437500
vt 0.531250 0.875000
vt 0.531250 0.375000
vt 0.531250 0.812500
vt 0.531250 0.312500
vt 0.531250 0.750000
vt 0.531250 0.250000
vt 0.531250 0.687500
vt 0.500000 0.875000
vt 0.500000 0.812500
vt 0.500000 0.375000
vt 0.500000 0.312500
vt 0.500000 0.750000
vt 0.500000 0.250000
vt 0.500000 0.687500
vt 0.500000 0.187500
vt 0.500000 0.625000
vt 0.500000 0.125000
vt 0.500000 0.562500
vt 0.500000 0.062500
vt 0.500000 0.500000
vt 0.515625 1.000000
vt 0.500000 0.937500
vt 0.515625 0.000000
vt 0.500000 0.437500
vt 0.468750 0.625000
vt 0.468750 0.562500
vt 0.468750 0.125000
vt 0.468750 0.062500
vt 0.468750 0.500000
vt 0.484375 1.000000
vt 0.468750 0.937500
vt 0.484375 0.000000
vt 0.468750 0.437500
vt 0.468750 0.875000
vt 0.468750 0.375000
vt 0.468750 0.812500
vt 0.468750 0.312500
vt 0.468750 0.750000
vt 0.468750 0.250000
vt 0.468750 0.687500
vt 0.468750 0.187500
vt 0.437500 0.375000
vt 0.437500 0.312500
vt 0.437500 0.812500
vt 0.437500 0.750000
vt 0.437500 0.250000
vt 0.437500 0.687500
vt 0.437500 0.187500
vt 0.437500 0.625000
vt 0.437500 0.125000
vt 0.437500 0.562500
vt 0.437500 0.062500
vt 0.437500 0.500000
vt 0.453125 1.000000
vt 0.437500 0.937500
vt 0.453125 0.000000
vt 0.437500 0.437500
vt 0.437500 0.875000
vt 0.406250 0.125000
vt 0.406250 0.062500
vt 0.406250 0.562500
vt 0.406250 0.500000
vt 0.421875 1.000000
vt 0.406250 0.937500
vt 0.421875 0.000000
vt 0.406250 0.437500
vt 0.406250 0.875000
vt 0.406250 0.375000
vt 0.406250 0.812500
vt 0.406250 0.312500
vt 0.406250 0.750000
vt 0.406250 0.250000
vt 0.406250 0.687500
vt 0.406250 0.187500
vt 0.406250 0.625000
vt 0.375000 0.312500
vt 0.375000 0.250000
vt 0.375000 0.750000
vt 0.375000 0.687500
vt 0.375000 0.187500
vt 0.375000 0.625000
vt 0.375000 0.125000
vt 0.375000 0.562500
vt 0.375000 0.062500
vt 0.375000 0.500000
vt 0.390625 1.000000
vt 0.375000 0.937500
vt 0.390625 0.000000
vt 0.375000 0.437500
vt 0.375000 0.875000
vt 0.375000 0.375000
vt 0.375000 0.812500
vt 0.359375 1.000000
vt 0.343750 0.937500
vt 0.359375 0.000000
vt 0.343750 0.062500
vt 0.343750 0.500000
vt 0.343750 0.437500
vt 0.343750 0.875000
vt 0.343750 0.375000
vt 0.343750 0.812500
vt 0.343750 0.312500
vt 0.343750 0.750000
vt 0.343750 0.250000
vt 0.343750 0.687500
vt 0.343750 0.187500
vt 0.343750 0.625000
vt 0.343750 0.125000
vt 0.343750 0.562500
vt 0.312500 0.750000
vt 0.312500 0.687500
vt 0.312500 0.250000
vt 0.312500 0.187500
vt 0.312500 0.625000
vt 0.312500 0.125000
vt 0.312500 0.562500
vt 0.312500 0.062500
vt 0.312500 0.500000
vt 0.328125 1.000000
vt 0.312500 0.937500
vt 0.328125 0.000000
vt 0.312500 0.437500
vt 0.312500 0.875000
vt 0.312500 0.375000
vt 0.312500 0.812500
vt 0.312500 0.312500
vt 0.281250 0.500000
vt 0.281250 0.437500
vt 0.281250 0.937500
vt 0.281250 0.875000
vt 0.281250 0.375000
vt 0.281250 0.812500
vt 0.281250 0.312500
vt 0.281250 0.750000
vt 0.281250 0.250000
vt 0.281250 0.687500
vt 0.281250 0.187500
vt 0.281250 0.625000
vt 0.281250 0.125000
vt 0.281250 0.562500
vt 0.281250 0.062500
vt 0.296875 1.000000
vt 0.296875 0.000000
vt 0.250000 0.250000
vt 0.250000 0.187500
vt 0.250000 0.687500
vt 0.250000 0.625000
vt 0.250000 0.125000
vt 0.250000 0.562500
vt 0.250000 0.062500
vt 0.250000 0.500000
vt 0.265625 1.000000
vt 0.250000 0.937500
vt 0.265625 0.000000
vt 0.250000 0.437500
vt 0.250000 0.875000
vt 0.250000 0.375000
vt 0.250000 0.812500
vt 0.250000 0.312500
vt 0.250000 0.750000
vt 0.218750 0.937500
vt 0.218750 0.875000
vt 0.218750 0.437500
vt 0.218750 0.375000
vt 0.218750 0.812500
vt 0.218750 0.312500
vt 0.218750 0.750000
vt 0.218750 0.250000
vt 0.218750 0.687500
vt 0.218750 0.187500
vt 0.218750 0.625000
vt 0.218750 0.125000
vt 0.218750 0.562500
vt 0.218750 0.062500
vt 0.218750 0.500000
vt 0.234375 1.000000
vt 0.234375 0.000000
vt 0.187500 0.687500
vt 0.187500 0.625000
vt 0.187500 0.187500
vt 0.187500 0.125000
vt 0.187500 0.562500
vt 0.187500 0.062500
vt 0.187500 0.500000
vt 0.203125 1.000000
vt 0.187500 0.937500
vt 0.203125 0.000000
vt 0.187500 0.437500
vt 0.187500 0.875000
vt 0.187500 0.375000
vt 0.187500 0.812500
vt 0.187500 0.312500
vt 0.187500 0.750000
vt 0.187500 0.250000
vt 0.156250 0.437500
vt 0.156250 0.375000
vt 0.156250 0.875000
vt 0.156250 0.812500
vt 0.156250 0.312500
vt 0.156250 0.750000
vt 0.156250 0.250000
vt 0.156250 0.687500
vt 0.156250 0.187500
vt 0.156250 0.625000
vt 0.156250 0.125000
vt 0.156250 0.562500
vt 0.156250 0.062500
vt 0.156250 0.500000
vt 0.171875 1.000000
vt 0.156250 0.937500
vt 0.171875 0.000000
vt 0.125000 0.187500
vt 0.125000 0.125000
vt 0.125000 0.625000
vt 0.125000 0.562500
vt 0.125000 0.062500
vt 0.125000 0.500000
vt 0.140625 1.000000
vt 0.125000 0.937500
vt 0.140625 0.000000
vt 0.125000 0.437500
vt 0.125000 0.875000
vt 0.125000 0.375000
vt 0.125000 0.812500
vt 0.125000 0.312500
vt 0.125000 0.750000
vt 0.125000 0.250000
vt 0.125000 0.687500
vt 0.093750 0.375000
vt 0.093750 0.312500
vt 0.093750 0.812500
vt 0.093750 0.750000
vt 0.093750 0.250000
vt 0.093750 0.687500
vt 0.093750 0.187500
vt 0.093750 0.625000
vt 0.093750 0.125000
vt 0.093750 0.562500
vt 0.093750 0.062500
vt 0.093750 0.500000
vt 0.109375 1.000000
vt 0.093750 0.937500
vt 0.109375 0.000000
vt 0.093750 0.437500
vt 0.093750 0.875000
vt 0.062500 0.125000
vt 0.062500 0.062500
vt 0.062500 0.562500
vt 0.062500 0.500000
vt 0.078125 1.000000
vt 0.062500 0.937500
vt 0.078125 0.000000
vt 0.062500 0.437500
vt 0.062500 0.875000
vt 0.062500 0.375000
vt 0.062500 0.812500
vt 0.062500 0.312500
vt 0.062500 0.750000
vt 0.062500 0.250000
vt 0.062500 0.687500
vt 0.062500 0.187500
vt 0.062500 0.625000
vt 0.031250 0.812500
vt 0.031250 0.750000
vt 0.031250 0.312500
vt 0.031250 0.250000
vt 0.031250 0.687500
vt 0.031250 0.187500
vt 0.031250 0.625000
vt 0.031250 0.125000
vt 0.031250 0.562500
vt 0.031250 0.062500
vt 0.031250 0.500000
vt 0.046875 1.000000
vt 0.031250 0.937500
vt 0.046875 0.000000
vt 0.031250 0.437500
vt 0.031250 0.875000
vt 0.031250 0.375000
vt 0.000000 0.562500
vt 0.000000 0.500000
vt 0.015625 1.000000
vt 0.000000 0.937500
vt 0.015625 0.000000
vt 0.000000 0.062500
vt 0.000000 0.437500
vt 0.000000 0.875000
vt 0.000000 0.375000
vt 0.000000 0.812500
vt 0.000000 0.312500
vt 0.000000 0.750000
vt 0.000000 0.250000
vt 0.000000 0.687500
vt 0.000000 0.187500
vt 0.000000 0.625000
vt 0.000000 0.125000
vt 1.000000 0.250000
vt 1.000000 0.312500
vt 0.968750 0.312500
vt 0.968750 0.250000
vt 1.000000 0.687500
vt 1.000000 0.750000
vt 0.968750 0.750000
vt 0.968750 0.687500
vt 1.000000 0.187500
vt 0.968750 0.187500
vt 1.000000 0.625000
vt 0.968750 0.625000
vt 1.000000 0.125000
vt 0.968750 0.125000
vt 1.000000 0.562500
vt 0.968750 0.562500
vt 1.000000 0.062500
vt 0.968750 0.062500
vt 1.000000 0.500000
vt 0.968750 0.500000
vt 1.000000 0.937500
vt 0.984375 1.000000
vt 0.968750 0.937500
vt 0.984375 0.000000
vt 1.000000 0.437500
vt 0.968750 0.437500
vt 1.000000 0.875000
vt 0.968750 0.875000
vt 1.000000 0.375000
vt 0.968750 0.375000
vt 1.000000 0.812500
vt 0.968750 0.812500
vt 0.953125 1.000000
vt 0.937500 0.937500
vt 0.953125 0.000000
vt 0.937500 0.062500
vt 0.937500 0.500000
vt 0.937500 0.437500
vt 0.937500 0.875000
vt 0.937500 0.375000
vt 0.937500 0.812500
vt 0.937500 0.312500
vt 0.937500 0.750000
vt 0.937500 0.250000
vt 0.937500 0.687500
vt 0.937500 0.187500
vt 0.937500 0.625000
vt 0.937500 0.125000
vt 0.937500 0.562500
vt 0.906250 0.750000
vt 0.906250 0.687500
vt 0.906250 0.250000
vt 0.906250 0.187500
vt 0.906250 0.625000
vt 0.906250 0.125000
vt 0.906250 0.562500
vt 0.906250 0.062500
vt 0.906250 0.500000
vt 0.921875 1.000000
vt 0.906250 0.937500
vt 0.921875 0.000000
vt 0.906250 0.437500
vt 0.906250 0.875000
vt 0.906250 0.375000
vt 0.906250 0.812500
vt 0.906250 0.312500
vt 0.875000 0.500000
vt 0.875000 0.437500
vt 0.875000 0.937500
vt 0.875000 0.875000
vt 0.875000 0.375000
vt 0.875000 0.812500
vt 0.875000 0.312500
vt 0.875000 0.750000
vt 0.875000 0.250000
vt 0.875000 0.687500
vt 0.875000 0.187500
vt 0.875000 0.625000
vt 0.875000 0.125000
vt 0.875000 0.562500
vt 0.875000 0.062500
vt 0.890625 1.000000
vt 0.890625 0.000000
vt 0.843750 0.250000
vt 0.843750 0.187500
vt 0.843750 0.687500
vt 0.843750 0.625000
vt 0.843750 0.125000
vt 0.843750 0.562500
vt 0.843750 0.062500
vt 0.843750 0.500000
vt 0.859375 1.000000
vt 0.843750 0.937500
vt 0.859375 0.000000
vt 0.843750 0.437500
vt 0.843750 0.875000
vt 0.843750 0.375000
vt 0.843750 0.812500
vt 0.843750 0.312500
vt 0.843750 0.750000
vt 0.812500 0.437500
vt 0.812500 0.375000
vt 0.812500 0.875000
vt 0.812500 0.812500
vt 0.812500 0.312500
vt 0.812500 0.750000
vt 0.812500 0.250000
vt 0.812500 0.687500
vt 0.812500 0.187500
vt 0.812500 0.625000
vt 0.812500 0.125000
vt 0.812500 0.562500
vt 0.812500 0.062500
vt 0.812500 0.500000
vt 0.828125 1.000000
vt 0.812500 0.937500
vt 0.828125 0.000000
vt 0.781250 0.187500
vt 0.781250 0.125000
vt 0.781250 0.625000
vt 0.781250 0.562500
vt 0.781250 0.062500
vt 0.781250 0.500000
vt 0.796875 1.000000
vt 0.781250 0.937500
vt 0.796875 0.000000
vt 0.781250 0.437500
vt 0.781250 0.875000
vt 0.781250 0.375000
vt 0.781250 0.812500
vt 0.781250 0.312500
vt 0.781250 0.750000
vt 0.781250 0.250000
vt 0.781250 0.687500
vt 0.765625 1.000000
vt 0.765625 0.000000
vt 1.000000 1.000000
vt 0.968750 1.000000
vt 0.968750 0.500000
vt 0.937500 1.000000
vt 0.937500 0.500000
vt 0.906250 1.000000
vt 0.906250 0.500000
vt 0.875000 1.000000
vt 0.875000 0.500000
vt 0.843750 1.000000
vt 0.843750 0.500000
vt 0.812500 1.000000
vt 0.812500 0.500000
vt 0.781250 1.000000
vt 0.781250 0.500000
vt 0.750000 1.000000
vt 0.718750 1.000000
vt 0.687500 1.000000
vt 0.656250 1.000000
vt 0.625000 1.000000
vt 0.593750 1.000000
vt 0.562500 1.000000
vt 0.531250 1.000000
vt 0.500000 1.000000
vt 0.500000 0.500000
vt 0.468750 1.000000
vt 0.468750 0.500000
vt 0.437500 1.000000
vt 0.437500 0.500000
vt 0.406250 1.000000
vt 0.406250 0.500000
vt 0.375000 1.000000
vt 0.375000 0.500000
vt 0.343750 1.000000
vt 0.343750 0.500000
vt 0.312500 1.000000
vt 0.312500 0.500000
vt 0.281250 1.000000
vt 0.281250 0.500000
vt 0.250000 1.000000
vt 0.250000 0.500000
vt 0.218750 1.000000
vt 0.218750 0.500000
vt 0.187500 1.000000
vt 0.187500 0.500000
vt 0.156250 1.000000
vt 0.156250 0.500000
vt 0.125000 1.000000
vt 0.125000 0.500000
vt 0.093750 1.000000
vt 0.093750 0.500000
vt 0.062500 1.000000
vt 0.062500 0.500000
vt 0.296822 0.485388
vt 0.250000 0.490000
vt 0.203178 0.485388
vt 0.158156 0.471731
vt 0.116663 0.449553
vt 0.080294 0.419706
vt 0.050447 0.383337
vt 0.028269 0.341844
vt 0.014612 0.296822
vt 0.010000 0.250000
vt 0.014612 0.203178
vt 0.028269 0.158156
vt 0.050447 0.116663
vt 0.080294 0.080294
vt 0.116663 0.050447
vt 0.158156 0.028269
vt 0.203178 0.014612
vt 0.250000 0.010000
vt 0.296822 0.014612
vt 0.341844 0.028269
vt 0.383337 0.050447
vt 0.419706 0.080294
vt 0.449553 0.116663
vt 0.471731 0.158156
vt 0.485388 0.203178
vt 0.490000 0.250000
vt 0.485388 0.296822
vt 0.471731 0.341844
vt 0.449553 0.383337
vt 0.419706 0.419706
vt 0.383337 0.449553
vt 0.341844 0.471731
vt 0.031250 1.000000
vt 0.031250 0.500000
vt 0.000000 1.000000
vt 0.750000 0.490000
vt 0.796822 0.485388
vt 0.841844 0.471731
vt 0.883337 0.449553
vt 0.919706 0.419706
vt 0.949553 0.383337
vt 0.971731 0.341844
vt 0.985388 0.296822
vt 0.990000 0.250000
vt 0.985388 0.203178
vt 0.971731 0.158156
vt 0.949553 0.116663
vt 0.919706 0.080294
vt 0.883337 0.050447
vt 0.841844 0.028269
vt 0.796822 0.014612
vt 0.750000 0.010000
vt 0.703178 0.014612
vt 0.658156 0.028269
vt 0.616663 0.050447
vt 0.580294 0.080294
vt 0.550447 0.116663
vt 0.528269 0.158156
vt 0.514612 0.203178
vt 0.510000 0.250000
vt 0.514612 0.296822
vt 0.528269 0.341844
vt 0.550447 0.383337
vt 0.580294 0.419706
vt 0.616663 0.449553
vt 0.658156 0.471731
vt 0.703178 0.485388
s 0
usemtl Material
f 478/1/1 6/2/1 17/3/1 18/4/1
f 2/5/2 475/6/2 10/7/2 11/8/2
f 7/9/3 478/1/3 18/4/3 19/10/3
f 476/11/4 2/5/4 11/8/4 12/12/4
f 479/13/5 7/9/5 19/10/5 20/14/5
f 3/15/6 476/11/6 12/12/6 13/16/6
f 480/17/7 479/13/7 20/14/7 21/18/7
f 477/19/8 3/15/8 13/16/8 14/20/8
f 481/21/9 480/17/9 21/18/9 22/22/9
f 4/23/10 477/19/10 14/20/10 15/24/10
f 482/25/11 481/21/11 22/22/11 23/26/11
f 5/27/12 4/23/12 15/24/12 16/28/12
f 474/29/13 1/30/13 9/31/13
f 8/32/14 482/25/14 23/26/14
f 6/2/15 5/27/15 16/28/15 17/3/15
f 475/6/16 474/29/16 9/31/16 10/7/16
f 8/33/17 23/26/17 38/34/17
f 17/3/18 16/28/18 31/35/18 32/36/18
f 10/7/19 9/31/19 24/37/19 25/38/19
f 18/4/20 17/3/20 32/36/20 33/39/20
f 11/8/21 10/7/21 25/38/21 26/40/21
f 19/10/22 18/4/22 33/39/22 34/41/22
f 12/12/23 11/8/23 26/40/23 27/42/23
f 20/14/24 19/10/24 34/41/24 35/43/24
f 13/16/25 12/12/25 27/42/25 28/44/25
f 21/18/26 20/14/26 35/43/26 36/45/26
f 14/20/27 13/16/27 28/44/27 29/46/27
f 22/22/28 21/18/28 36/45/28 37/47/28
f 15/24/29 14/20/29 29/46/29 30/48/29
f 23/26/30 22/22/30 37/47/30 38/34/30
f 16/28/31 15/24/31 30/48/31 31/35/31
f 9/31/32 1/49/32 24/37/32
f 36/45/33 35/43/33 50/50/33 51/51/33
f 29/46/34 28/44/34 43/52/34 44/53/34
f 37/47/35 36/45/35 51/51/35 52/54/35
f 30/48/36 29/46/36 44/53/36 45/55/36
f 38/34/37 37/47/37 52/54/37 53/56/37
f 31/35/38 30/48/38 45/55/38 46/57/38
f 24/37/39 1/58/39 39/59/39
f 8/60/40 38/34/40 53/56/40
f 32/36/41 31/35/41 46/57/41 47/61/41
f 25/38/42 24/37/42 39/59/42 40/62/42
f 33/39/43 32/36/43 47/61/43 48/63/43
f 26/40/44 25/38/44 40/62/44 41/64/44
f 34/41/45 33/39/45 48/63/45 49/65/45
f 27/42/46 26/40/46 41/64/46 42/66/46
f 35/43/47 34/41/47 49/65/47 50/50/47
f 28/44/48 27/42/48 42/66/48 43/52/48
f 40/62/49 39/59/49 54/67/49 55/68/49
f 48/63/50 47/61/50 62/69/50 63/70/50
f 41/64/51 40/62/51 55/68/51 56/71/51
f 49/65/52 48/63/52 63/70/52 64/72/52
f 42/66/53 41/64/53 56/71/53 57/73/53
f 50/50/54 49/65/54 64/72/54 65/74/54
f 43/52/55 42/66/55 57/73/55 58/75/55
f 51/51/56 50/50/56 65/74/56 66/76/56
f 44/53/57 43/52/57 58/75/57 59/77/57
f 52/54/58 51/51/58 66/76/58 67/78/58
f 45/55/59 44/53/59 59/77/59 60/79/59
f 53/56/60 52/54/60 67/78/60 68/80/60
f 46/57/61 45/55/61 60/79/61 61/81/61
f 39/59/62 1/82/62 54/67/62
f 8/83/63 53/56/63 68/80/63
f 47/61/64 46/57/64 61/81/64 62/69/64
f 59/77/65 58/75/65 73/84/65 74/85/65
f 67/78/66 66/76/66 81/86/66 82/87/66
f 60/79/67 59/77/67 74/85/67 75/88/67
f 68/80/68 67/78/68 82/87/68 83/89/68
f 61/81/69 60/79/69 75/88/69 76/90/69
f 54/67/70 1/91/70 69/92/70
f 8/93/71 68/80/71 83/89/71
f 62/69/72 61/81/72 76/90/72 77/94/72
f 55/68/73 54/67/73 69/92/73 70/95/73
f 63/70/74 62/69/74 77/94/74 78/96/74
f 56/71/75 55/68/75 70/95/75 71/97/75
f 64/72/76 63/70/76 78/96/76 79/98/76
f 57/73/77 56/71/77 71/97/77 72/99/77
f 65/74/78 64/72/78 79/98/78 80/100/78
f 58/75/79 57/73/79 72/99/79 73/84/79
f 66/76/80 65/74/80 80/100/80 81/86/80
f 78/96/81 77/94/81 92/101/81 93/102/81
f 71/97/82 70/95/82 85/103/82 86/104/82
f 79/98/83 78/96/83 93/102/83 94/105/83
f 72/99/84 71/97/84 86/104/84 87/106/84
f 80/100/85 79/98/85 94/105/85 95/107/85
f 73/84/86 72/99/86 87/106/86 88/108/86
f 81/86/87 80/100/87 95/107/87 96/109/87
f 74/85/88 73/84/88 88/108/88 89/110/88
f 82/87/89 81/86/89 96/109/89 97/111/89
f 75/88/90 74/85/90 89/110/90 90/112/90
f 83/89/91 82/87/91 97/111/91 98/113/91
f 76/90/92 75/88/92 90/112/92 91/114/92
f 69/92/93 1/115/93 84/116/93
f 8/117/94 83/89/94 98/113/94
f 77/94/95 76/90/95 91/114/95 92/101/95
f 70/95/96 69/92/96 84/116/96 85/103/96
f 97/111/97 96/109/97 111/118/97 112/119/97
f 90/112/98 89/110/98 104/120/98 105/121/98
f 98/113/99 97/111/99 112/119/99 113/122/99
f 91/114/100 90/112/100 105/121/100 106/123/100
f 84/116/101 1/124/101 99/125/101
f 8/126/102 98/113/102 113/122/102
f 92/101/103 91/114/103 106/123/103 107/127/103
f 85/103/104 84/116/104 99/125/104 100/128/104
f 93/102/105 92/101/105 107/127/105 108/129/105
f 86/104/106 85/103/106 100/128/106 101/130/106
f 94/105/107 93/102/107 108/129/107 109/131/107
f 87/106/108 86/104/108 101/130/108 102/132/108
f 95/107/109 94/105/109 109/131/109 110/133/109
f 88/108/110 87/106/110 102/132/110 103/134/110
f 96/109/111 95/107/111 110/133/111 111/118/111
f 89/110/112 88/108/112 103/134/112 104/120/112
f 101/130/113 100/128/113 115/135/113 116/136/113
f 109/131/114 108/129/114 123/137/114 124/138/114
f 102/132/115 101/130/115 116/136/115 117/139/115
f 110/133/116 109/131/116 124/138/116 125/140/116
f 103/134/117 102/132/117 117/139/117 118/141/117
f 111/118/118 110/133/118 125/140/118 126/142/118
f 104/120/119 103/134/119 118/141/119 119/143/119
f 112/119/120 111/118/120 126/142/120 127/144/120
f 105/121/121 104/120/121 119/143/121 120/145/121
f 113/122/122 112/119/122 127/144/122 128/146/122
f 106/123/123 105/121/123 120/145/123 121/147/123
f 99/125/124 1/148/124 114/149/124
f 8/150/125 113/122/125 128/146/125
f 107/127/126 106/123/126 121/147/126 122/151/126
f 100/128/127 99/125/127 114/149/127 115/135/127
f 108/129/128 107/127/128 122/151/128 123/137/128
f 120/145/129 119/143/129 134/152/129 135/153/129
f 128/146/130 127/144/130 142/154/130 143/155/130
f 121/147/131 120/145/131 135/153/131 136/156/131
f 114/149/132 1/157/132 129/158/132
f 8/159/133 128/146/133 143/155/133
f 122/151/134 121/147/134 136/156/134 137/160/134
f 115/135/135 114/149/135 129/158/135 130/161/135
f 123/137/136 122/151/136 137/160/136 138/162/136
f 116/136/137 115/135/137 130/161/137 131/163/137
f 124/138/138 123/137/138 138/162/138 139/164/138
f 117/139/139 116/136/139 131/163/139 132/165/139
f 125/140/140 124/138/140 139/164/140 140/166/140
f 118/141/141 117/139/141 132/165/141 133/167/141
f 126/142/142 125/140/142 140/166/142 141/168/142
f 119/143/143 118/141/143 133/167/143 134/152/143
f 127/144/144 126/142/144 141/168/144 142/154/144
f 139/164/145 138/162/145 153/169/145 154/170/145
f 132/165/146 131/163/146 146/171/146 147/172/146
f 140/166/147 139/164/147 154/170/147 155/173/147
f 133/167/148 132/165/148 147/172/148 148/174/148
f 141/168/149 140/166/149 155/173/149 156/175/149
f 134/152/150 133/167/150 148/174/150 149/176/150
f 142/154/151 141/168/151 156/175/151 157/177/151
f 135/153/152 134/152/152 149/176/152 150/178/152
f 143/155/153 142/154/153 157/177/153 158/179/153
f 136/156/154 135/153/154 150/178/154 151/180/154
f 129/158/155 1/181/155 144/182/155
f 8/183/156 143/155/156 158/179/156
f 137/160/157 136/156/157 151/180/157 152/184/157
f 130/161/158 129/158/158 144/182/158 145/185/158
f 138/162/159 137/160/159 152/184/159 153/169/159
f 131/163/160 130/161/160 145/185/160 146/171/160
f 158/179/161 157/177/161 172/186/161 173/187/161
f 151/180/162 150/178/162 165/188/162 166/189/162
f 144/182/163 1/190/163 159/191/163
f 8/192/164 158/179/164 173/187/164
f 152/184/165 151/180/165 166/189/165 167/193/165
f 145/185/166 144/182/166 159/191/166 160/194/166
f 153/169/167 152/184/167 167/193/167 168/195/167
f 146/171/168 145/185/168 160/194/168 161/196/168
f 154/170/169 153/169/169 168/195/169 169/197/169
f 147/172/170 146/171/170 161/196/170 162/198/170
f 155/173/171 154/170/171 169/197/171 170/199/171
f 148/174/172 147/172/172 162/198/172 163/200/172
f 156/175/173 155/173/173 170/199/173 171/201/173
f 149/176/174 148/174/174 163/200/174 164/202/174
f 157/177/175 156/175/175 171/201/175 172/186/175
f 150/178/176 149/176/176 164/202/176 165/188/176
f 170/199/177 169/197/177 184/203/177 185/204/177
f 163/200/178 162/198/178 177/205/178 178/206/178
f 171/201/179 170/199/179 185/204/179 186/207/179
f 164/202/180 163/200/180 178/206/180 179/208/180
f 172/186/181 171/201/181 186/207/181 187/209/181
f 165/188/182 164/202/182 179/208/182 180/210/182
f 173/187/183 172/186/183 187/209/183 188/211/183
f 166/189/184 165/188/184 180/210/184 181/212/184
f 159/191/185 1/213/185 174/214/185
f 8/215/186 173/187/186 188/211/186
f 167/193/187 166/189/187 181/212/187 182/216/187
f 160/194/188 159/191/188 174/214/188 175/217/188
f 168/195/189 167/193/189 182/216/189 183/218/189
f 161/196/190 160/194/190 175/217/190 176/219/190
f 169/197/191 168/195/191 183/218/191 184/203/191
f 162/198/192 161/196/192 176/219/192 177/205/192
f 174/214/193 1/220/193 189/221/193
f 8/222/194 188/211/194 203/223/194
f 182/216/195 181/212/195 196/224/195 197/225/195
f 175/217/196 174/214/196 189/221/196 190/226/196
f 183/218/197 182/216/197 197/225/197 198/227/197
f 176/219/198 175/217/198 190/226/198 191/228/198
f 184/203/199 183/218/199 198/227/199 199/229/199
f 177/205/200 176/219/200 191/228/200 192/230/200
f 185/204/201 184/203/201 199/229/201 200/231/201
f 178/206/202 177/205/202 192/230/202 193/232/202
f 186/207/203 185/204/203 200/231/203 201/233/203
f 179/208/204 178/206/204 193/232/204 194/234/204
f 187/209/205 186/207/205 201/233/205 202/235/205
f 180/210/206 179/208/206 194/234/206 195/236/206
f 188/211/207 187/209/207 202/235/207 203/223/207
f 181/212/208 180/210/208 195/236/208 196/224/208
f 193/232/209 192/230/209 207/237/209 208/238/209
f 201/233/210 200/231/210 215/239/210 216/240/210
f 194/234/211 193/232/211 208/238/211 209/241/211
f 202/235/212 201/233/212 216/240/212 217/242/212
f 195/236/213 194/234/213 209/241/213 210/243/213
f 203/223/214 202/235/214 217/242/214 218/244/214
f 196/224/215 195/236/215 210/243/215 211/245/215
f 189/221/216 1/246/216 204/247/216
f 8/248/217 203/223/217 218/244/217
f 197/225/218 196/224/218 211/245/218 212/249/218
f 190/226/219 189/221/219 204/247/219 205/250/219
f 198/227/220 197/225/220 212/249/220 213/251/220
f 191/228/221 190/226/221 205/250/221 206/252/221
f 199/229/222 198/227/222 213/251/222 214/253/222
f 192/230/223 191/228/223 206/252/223 207/237/223
f 200/231/224 199/229/224 214/253/224 215/239/224
f 212/249/225 211/245/225 226/254/225 227/255/225
f 205/250/226 204/247/226 219/256/226 220/257/226
f 213/251/227 212/249/227 227/255/227 228/258/227
f 206/252/228 205/250/228 220/257/228 221/259/228
f 214/253/229 213/251/229 228/258/229 229/260/229
f 207/237/230 206/252/230 221/259/230 222/261/230
f 215/239/231 214/253/231 229/260/231 230/262/231
f 208/238/232 207/237/232 222/261/232 223/263/232
f 216/240/233 215/239/233 230/262/233 231/264/233
f 209/241/234 208/238/234 223/263/234 224/265/234
f 217/242/235 216/240/235 231/264/235 232/266/235
f 210/243/236 209/241/236 224/265/236 225/267/236
f 218/244/237 217/242/237 232/266/237 233/268/237
f 211/245/238 210/243/238 225/267/238 226/254/238
f 204/247/239 1/269/239 219/256/239
f 8/270/240 218/244/240 233/268/240
f 231/264/241 230/262/241 245/271/241 246/272/241
f 224/265/242 223/263/242 238/273/242 239/274/242
f 232/266/243 231/264/243 246/272/243 247/275/243
f 225/267/244 224/265/244 239/274/244 240/276/244
f 233/268/245 232/266/245 247/275/245 248/277/245
f 226/254/246 225/267/246 240/276/246 241/278/246
f 219/256/247 1/279/247 234/280/247
f 8/281/248 233/268/248 248/277/248
f 227/255/249 226/254/249 241/278/249 242/282/249
f 220/257/250 219/256/250 234/280/250 235/283/250
f 228/258/251 227/255/251 242/282/251 243/284/251
f 221/259/252 220/257/252 235/283/252 236/285/252
f 229/260/253 228/258/253 243/284/253 244/286/253
f 222/261/254 221/259/254 236/285/254 237/287/254
f 230/262/255 229/260/255 244/286/255 245/271/255
f 223/263/256 222/261/256 237/287/256 238/273/256
f 235/283/257 234/280/257 249/288/257 250/289/257
f 243/284/258 242/282/258 257/290/258 258/291/258
f 236/285/259 235/283/259 250/289/259 251/292/259
f 244/286/260 243/284/260 258/291/260 259/293/260
f 237/287/261 236/285/261 251/292/261 252/294/261
f 245/271/262 244/286/262 259/293/262 260/295/262
f 238/273/263 237/287/263 252/294/263 253/296/263
f 246/272/264 245/271/264 260/295/264 261/297/264
f 239/274/265 238/273/265 253/296/265 254/298/265
f 247/275/266 246/272/266 261/297/266 262/299/266
f 240/276/267 239/274/267 254/298/267 255/300/267
f 248/277/268 247/275/268 262/299/268 263/301/268
f 241/278/269 240/276/269 255/300/269 256/302/269
f 234/280/270 1/303/270 249/288/270
f 8/304/271 248/277/271 263/301/271
f 242/282/272 241/278/272 256/302/272 257/290/272
f 254/298/273 253/296/273 268/305/273 269/306/273
f 262/299/274 261/297/274 276/307/274 277/308/274
f 255/300/275 254/298/275 269/306/275 270/309/275
f 263/301/276 262/299/276 277/308/276 278/310/276
f 256/302/277 255/300/277 270/309/277 271/311/277
f 249/288/278 1/312/278 264/313/278
f 8/314/279 263/301/279 278/310/279
f 257/290/280 256/302/280 271/311/280 272/315/280
f 250/289/281 249/288/281 264/313/281 265/316/281
f 258/291/282 257/290/282 272/315/282 273/317/282
f 251/292/283 250/289/283 265/316/283 266/318/283
f 259/293/284 258/291/284 273/317/284 274/319/284
f 252/294/285 251/292/285 266/318/285 267/320/285
f 260/295/286 259/293/286 274/319/286 275/321/286
f 253/296/287 252/294/287 267/320/287 268/305/287
f 261/297/288 260/295/288 275/321/288 276/307/288
f 273/317/289 272/315/289 287/322/289 288/323/289
f 266/318/290 265/316/290 280/324/290 281/325/290
f 274/319/291 273/317/291 288/323/291 289/326/291
f 267/320/292 266/318/292 281/325/292 282/327/292
f 275/321/293 274/319/293 289/326/293 290/328/293
f 268/305/294 267/320/294 282/327/294 283/329/294
f 276/307/295 275/321/295 290/328/295 291/330/295
f 269/306/296 268/305/296 283/329/296 284/331/296
f 277/308/297 276/307/297 291/330/297 292/332/297
f 270/309/298 269/306/298 284/331/298 285/333/298
f 278/310/299 277/308/299 292/332/299 293/334/299
f 271/311/300 270/309/300 285/333/300 286/335/300
f 264/313/301 1/336/301 279/337/301
f 8/338/302 278/310/302 293/334/302
f 272/315/303 271/311/303 286/335/303 287/322/303
f 265/316/304 264/313/304 279/337/304 280/324/304
f 292/332/305 291/330/305 306/339/305 307/340/305
f 285/333/306 284/331/306 299/341/306 300/342/306
f 293/334/307 292/332/307 307/340/307 308/343/307
f 286/335/308 285/333/308 300/342/308 301/344/308
f 279/337/309 1/345/309 294/346/309
f 8/347/310 293/334/310 308/343/310
f 287/322/311 286/335/311 301/344/311 302/348/311
f 280/324/312 279/337/312 294/346/312 295/349/312
f 288/323/313 287/322/313 302/348/313 303/350/313
f 281/325/314 280/324/314 295/349/314 296/351/314
f 289/326/315 288/323/315 303/350/315 304/352/315
f 282/327/316 281/325/316 296/351/316 297/353/316
f 290/328/317 289/326/317 304/352/317 305/354/317
f 283/329/318 282/327/318 297/353/318 298/355/318
f 291/330/319 290/328/319 305/354/319 306/339/319
f 284/331/320 283/329/320 298/355/320 299/341/320
f 304/352/321 303/350/321 318/356/321 319/357/321
f 297/353/322 296/351/322 311/358/322 312/359/322
f 305/354/323 304/352/323 319/357/323 320/360/323
f 298/355/324 297/353/324 312/359/324 313/361/324
f 306/339/325 305/354/325 320/360/325 321/362/325
f 299/341/326 298/355/326 313/361/326 314/363/326
f 307/340/327 306/339/327 321/362/327 322/364/327
f 300/342/328 299/341/328 314/363/328 315/365/328
f 308/343/329 307/340/329 322/364/329 323/366/329
f 301/344/330 300/342/330 315/365/330 316/367/330
f 294/346/331 1/368/331 309/369/331
f 8/370/332 308/343/332 323/366/332
f 302/348/333 301/344/333 316/367/333 317/371/333
f 295/349/334 294/346/334 309/369/334 310/372/334
f 303/350/335 302/348/335 317/371/335 318/356/335
f 296/351/336 295/349/336 310/372/336 311/358/336
f 323/366/337 322/364/337 337/373/337 338/374/337
f 316/367/338 315/365/338 330/375/338 331/376/338
f 309/369/339 1/377/339 324/378/339
f 8/379/340 323/366/340 338/374/340
f 317/371/341 316/367/341 331/376/341 332/380/341
f 310/372/342 309/369/342 324/378/342 325/381/342
f 318/356/343 317/371/343 332/380/343 333/382/343
f 311/358/344 310/372/344 325/381/344 326/383/344
f 319/357/345 318/356/345 333/382/345 334/384/345
f 312/359/346 311/358/346 326/383/346 327/385/346
f 320/360/347 319/357/347 334/384/347 335/386/347
f 313/361/348 312/359/348 327/385/348 328/387/348
f 321/362/349 320/360/349 335/386/349 336/388/349
f 314/363/350 313/361/350 328/387/350 329/389/350
f 322/364/351 321/362/351 336/388/351 337/373/351
f 315/365/352 314/363/352 329/389/352 330/375/352
f 327/385/353 326/383/353 341/390/353 342/391/353
f 335/386/354 334/384/354 349/392/354 350/393/354
f 328/387/355 327/385/355 342/391/355 343/394/355
f 336/388/356 335/386/356 350/393/356 351/395/356
f 329/389/357 328/387/357 343/394/357 344/396/357
f 337/373/358 336/388/358 351/395/358 352/397/358
f 330/375/359 329/389/359 344/396/359 345/398/359
f 338/374/360 337/373/360 352/397/360 353/399/360
f 331/376/361 330/375/361 345/398/361 346/400/361
f 324/378/362 1/401/362 339/402/362
f 8/403/363 338/374/363 353/399/363
f 332/380/364 331/376/364 346/400/364 347/404/364
f 325/381/365 324/378/365 339/402/365 340/405/365
f 333/382/366 332/380/366 347/404/366 348/406/366
f 326/383/367 325/381/367 340/405/367 341/390/367
f 334/384/368 333/382/368 348/406/368 349/392/368
f 346/400/369 345/398/369 360/407/369 361/408/369
f 339/402/370 1/409/370 354/410/370
f 8/411/371 353/399/371 368/412/371
f 347/404/372 346/400/372 361/408/372 362/413/372
f 340/405/373 339/402/373 354/410/373 355/414/373
f 348/406/374 347/404/374 362/413/374 363/415/374
f 341/390/375 340/405/375 355/414/375 356/416/375
f 349/392/376 348/406/376 363/415/376 364/417/376
f 342/391/377 341/390/377 356/416/377 357/418/377
f 350/393/378 349/392/378 364/417/378 365/419/378
f 343/394/379 342/391/379 357/418/379 358/420/379
f 351/395/380 350/393/380 365/419/380 366/421/380
f 344/396/381 343/394/381 358/420/381 359/422/381
f 352/397/382 351/395/382 366/421/382 367/423/382
f 345/398/383 344/396/383 359/422/383 360/407/383
f 353/399/384 352/397/384 367/423/384 368/412/384
f 365/424/385 364/425/385 379/426/385 380/427/385
f 358/428/386 357/429/386 372/430/386 373/431/386
f 366/432/387 365/424/387 380/427/387 381/433/387
f 359/434/388 358/428/388 373/431/388 374/435/388
f 367/436/389 366/432/389 381/433/389 382/437/389
f 360/438/390 359/434/390 374/435/390 375/439/390
f 368/440/391 367/436/391 382/437/391 383/441/391
f 361/442/392 360/438/392 375/439/392 376/443/392
f 354/444/393 1/445/393 369/446/393
f 8/447/394 368/440/394 383/441/394
f 362/448/395 361/442/395 376/443/395 377/449/395
f 355/450/396 354/444/396 369/446/396 370/451/396
f 363/452/397 362/448/397 377/449/397 378/453/397
f 356/454/398 355/450/398 370/451/398 371/455/398
f 364/425/399 363/452/399 378/453/399 379/426/399
f 357/429/400 356/454/400 371/455/400 372/430/400
f 369/446/401 1/456/401 384/457/401
f 8/458/402 383/441/402 398/459/402
f 377/449/403 376/443/403 391/460/403 392/461/403
f 370/451/404 369/446/404 384/457/404 385/462/404
f 378/453/405 377/449/405 392/461/405 393/463/405
f 371/455/406 370/451/406 385/462/406 386/464/406
f 379/426/407 378/453/407 393/463/407 394/465/407
f 372/430/408 371/455/408 386/464/408 387/466/408
f 380/427/409 379/426/409 394/465/409 395/467/409
f 373/431/410 372/430/410 387/466/410 388/468/410
f 381/433/411 380/427/411 395/467/411 396/469/411
f 374/435/412 373/431/412 388/468/412 389/470/412
f 382/437/413 381/433/413 396/469/413 397/471/413
f 375/439/414 374/435/414 389/470/414 390/472/414
f 383/441/415 382/437/415 397/471/415 398/459/415
f 376/443/416 375/439/416 390/472/416 391/460/416
f 388/468/417 387/466/417 402/473/417 403/474/417
f 396/469/418 395/467/418 410/475/418 411/476/418
f 389/470/419 388/468/419 403/474/419 404/477/419
f 397/471/420 396/469/420 411/476/420 412/478/420
f 390/472/421 389/470/421 404/477/421 405/479/421
f 398/459/422 397/471/422 412/478/422 413/480/422
f 391/460/423 390/472/423 405/479/423 406/481/423
f 384/457/424 1/482/424 399/483/424
f 8/484/425 398/459/425 413/480/425
f 392/461/426 391/460/426 406/481/426 407/485/426
f 385/462/427 384/457/427 399/483/427 400/486/427
f 393/463/428 392/461/428 407/485/428 408/487/428
f 386/464/429 385/462/429 400/486/429 401/488/429
f 394/465/430 393/463/430 408/487/430 409/489/430
f 387/466/431 386/464/431 401/488/431 402/473/431
f 395/467/432 394/465/432 409/489/432 410/475/432
f 407/485/433 406/481/433 421/490/433 422/491/433
f 400/486/434 399/483/434 414/492/434 415/493/434
f 408/487/435 407/485/435 422/491/435 423/494/435
f 401/488/436 400/486/436 415/493/436 416/495/436
f 409/489/437 408/487/437 423/494/437 424/496/437
f 402/473/438 401/488/438 416/495/438 417/497/438
f 410/475/439 409/489/439 424/496/439 425/498/439
f 403/474/440 402/473/440 417/497/440 418/499/440
f 411/476/441 410/475/441 425/498/441 426/500/441
f 404/477/442 403/474/442 418/499/442 419/501/442
f 412/478/443 411/476/443 426/500/443 427/502/443
f 405/479/444 404/477/444 419/501/444 420/503/444
f 413/480/445 412/478/445 427/502/445 428/504/445
f 406/481/446 405/479/446 420/503/446 421/490/446
f 399/483/447 1/505/447 414/492/447
f 8/506/448 413/480/448 428/504/448
f 426/500/449 425/498/449 440/507/449 441/508/449
f 419/501/450 418/499/450 433/509/450 434/510/450
f 427/502/451 426/500/451 441/508/451 442/511/451
f 420/503/452 419/501/452 434/510/452 435/512/452
f 428/504/453 427/502/453 442/511/453 443/513/453
f 421/490/454 420/503/454 435/512/454 436/514/454
f 414/492/455 1/515/455 429/516/455
f 8/517/456 428/504/456 443/513/456
f 422/491/457 421/490/457 436/514/457 437/518/457
f 415/493/458 414/492/458 429/516/458 430/519/458
f 423/494/459 422/491/459 437/518/459 438/520/459
f 416/495/460 415/493/460 430/519/460 431/521/460
f 424/496/461 423/494/461 438/520/461 439/522/461
f 417/497/462 416/495/462 431/521/462 432/523/462
f 425/498/463 424/496/463 439/522/463 440/507/463
f 418/499/464 417/497/464 432/523/464 433/509/464
f 438/520/465 437/518/465 452/524/465 453/525/465
f 431/521/466 430/519/466 445/526/466 446/527/466
f 439/522/467 438/520/467 453/525/467 454/528/467
f 432/523/468 431/521/468 446/527/468 447/529/468
f 440/507/469 439/522/469 454/528/469 455/530/469
f 433/509/470 432/523/470 447/529/470 448/531/470
f 441/508/471 440/507/471 455/530/471 456/532/471
f 434/510/472 433/509/472 448/531/472 449/533/472
f 442/511/473 441/508/473 456/532/473 457/534/473
f 435/512/474 434/510/474 449/533/474 450/535/474
f 443/513/475 442/511/475 457/534/475 458/536/475
f 436/514/476 435/512/476 450/535/476 451/537/476
f 429/516/477 1/538/477 444/539/477
f 8/540/478 443/513/478 458/536/478
f 437/518/479 436/514/479 451/537/479 452/524/479
f 430/519/480 429/516/480 444/539/480 445/526/480
f 457/534/481 456/532/481 471/541/481 472/542/481
f 450/535/482 449/533/482 464/543/482 465/544/482
f 458/536/483 457/534/483 472/542/483 473/545/483
f 451/537/484 450/535/484 465/544/484 466/546/484
f 444/539/485 1/547/485 459/548/485
f 8/549/486 458/536/486 473/545/486
f 452/524/487 451/537/487 466/546/487 467/550/487
f 445/526/488 444/539/488 459/548/488 460/551/488
f 453/525/489 452/524/489 467/550/489 468/552/489
f 446/527/490 445/526/490 460/551/490 461/553/490
f 454/528/491 453/525/491 468/552/491 469/554/491
f 447/529/492 446/527/492 461/553/492 462/555/492
f 455/530/493 454/528/493 469/554/493 470/556/493
f 448/531/494 447/529/494 462/555/494 463/557/494
f 456/532/495 455/530/495 470/556/495 471/541/495
f 449/533/496 448/531/496 463/557/496 464/543/496
f 461/553/497 460/551/497 475/6/497 2/5/497
f 469/554/498 468/552/498 478/1/498 7/9/498
f 462/555/499 461/553/499 2/5/499 476/11/499
f 470/556/500 469/554/500 7/9/500 479/13/500
f 463/557/501 462/555/501 476/11/501 3/15/501
f 471/541/502 470/556/502 479/13/502 480/17/502
f 464/543/503 463/557/503 3/15/503 477/19/503
f 472/542/504 471/541/504 480/17/504 481/21/504
f 465/544/505 464/543/505 477/19/505 4/23/505
f 473/545/506 472/542/506 481/21/506 482/25/506
f 466/546/507 465/544/507 4/23/507 5/27/507
f 459/548/508 1/558/508 474/29/508
f 8/559/509 473/545/509 482/25/509
f 467/550/510 466/546/510 5/27/510 6/2/510
f 460/551/511 459/548/511 474/29/511 475/6/511
f 468/552/512 467/550/512 6/2/512 478/1/512
f 483/442/513 484/560/513 486/561/513 485/562/513
f 485/562/514 486/561/514 488/563/514 487/564/514
f 487/564/515 488/563/515 490/565/515 489/566/515
f 489/566/516 490/565/516 492/567/516 491/568/516
f 491/568/517 492/567/517 494/569/517 493/570/517
f 493/570/518 494/569/518 496/571/518 495/572/518
f 495/572/519 496/571/519 498/573/519 497/574/519
f 497/574/520 498/573/520 500/575/520 499/27/520
f 499/27/521 500/575/521 502/576/521 501/28/521
f 501/28/522 502/576/522 504/577/522 503/35/522
f 503/35/523 504/577/523 506/578/523 505/57/523
f 505/57/524 506/578/524 508/579/524 507/81/524
f 507/81/525 508/579/525 510/580/525 509/90/525
f 509/90/526 510/580/526 512/581/526 511/114/526
f 511/114/527 512/581/527 514/582/527 513/123/527
f 513/123/528 514/582/528 516/583/528 515/584/528
f 515/584/529 516/583/529 518/585/529 517/586/529
f 517/586/530 518/585/530 520/587/530 519/588/530
f 519/588/531 520/587/531 522/589/531 521/590/531
f 521/590/532 522/589/532 524/591/532 523/592/532
f 523/592/533 524/591/533 526/593/533 525/594/533
f 525/594/534 526/593/534 528/595/534 527/596/534
f 527/596/535 528/595/535 530/597/535 529/598/535
f 529/598/536 530/597/536 532/599/536 531/600/536
f 531/600/537 532/599/537 534/601/537 533/602/537
f 533/602/538 534/601/538 536/603/538 535/604/538
f 535/604/539 536/603/539 538/605/539 537/606/539
f 537/606/540 538/605/540 540/607/540 539/608/540
f 539/608/541 540/607/541 542/609/541 541/610/541
f 541/610/542 542/609/542 544/611/542 543/612/542
f 486/613/543 484/614/543 546/615/543 544/616/543 542/617/543 540/618/543 538/619/543 536/620/543 534/621/543 532/622/543 530/623/543 528/624/543 526/625/543 524/626/543 522/627/543 520/628/543 518/629/543 516/630/543 514/631/543 512/632/543 510/633/543 508/634/543 506/635/543 504/636/543 502/637/543 500/638/543 498/639/543 496/640/543 494/641/543 492/642/543 490/643/543 488/644/543
f 543/612/544 544/611/544 546/645/544 545/646/544
f 545/646/545 546/645/545 484/647/545 483/408/545
f 483/648/546 485/649/546 487/650/546 489/651/546 491/652/546 493/653/546 495/654/546 497/655/546 499/656/546 501/657/546 503/658/546 505/659/546 507/660/546 509/661/546 511/662/546 513/663/546 515/664/546 517/665/546 519/666/546 521/667/546 523/668/546 525/669/546 527/670/546 529/671/546 531/672/546 533/673/546 535/674/546 537/675/546 539/676/546 541/677/546 543/678/546 545/679/546
o Sphere.001
v -0.388583 3.566836 -0.792725
v -0.379248 3.462531 -1.001776
v -0.367812 3.334742 -1.092506
v -0.354152 3.182098 -1.127232
v -0.347132 3.103665 -1.121576
v -0.340346 3.027838 -1.100666
v -0.328498 2.895446 -1.016854
v -0.317819 2.776123 -0.656554
v -0.371475 3.547630 -0.867367
v -0.353664 3.513968 -0.936524
v -0.335836 3.467145 -0.997539
v -0.318675 3.408960 -1.048066
v -0.302841 3.341649 -1.086164
v -0.288942 3.267798 -1.110370
v -0.277513 3.190245 -1.119751
v -0.268992 3.111972 -1.113949
v -0.263708 3.035985 -1.093186
v -0.261862 2.965205 -1.058259
v -0.263527 2.902352 -1.010512
v -0.268638 2.849842 -0.951779
v -0.276998 2.809692 -0.884318
v -0.288287 2.783445 -0.810719
v -0.302071 2.772110 -0.733813
v -0.356862 3.549696 -0.862960
v -0.325000 3.518022 -0.927880
v -0.294222 3.473031 -0.984990
v -0.265710 3.416451 -1.032094
v -0.240561 3.350457 -1.067383
v -0.219740 3.277585 -1.089501
v -0.204048 3.200635 -1.097597
v -0.194088 3.122565 -1.091361
v -0.190243 3.046375 -1.071032
v -0.192660 2.974992 -1.037391
v -0.201246 2.911160 -0.991731
v -0.215673 2.857332 -0.935807
v -0.235384 2.815577 -0.871768
v -0.259623 2.787499 -0.802075
v -0.287458 2.774177 -0.729407
v -0.343442 3.552130 -0.855804
v -0.298675 3.522795 -0.913843
v -0.256005 3.479960 -0.964611
v -0.217069 3.425271 -1.006157
v -0.183365 3.360828 -1.036884
v -0.156187 3.289109 -1.055612
v -0.136581 3.212869 -1.061621
v -0.125299 3.135038 -1.054680
v -0.122775 3.058608 -1.035056
v -0.129107 2.986516 -1.003502
v -0.144050 2.921531 -0.961232
v -0.167031 2.866152 -0.909870
v -0.197166 2.822507 -0.851390
v -0.233298 2.792272 -0.788038
v -0.274038 2.776610 -0.722250
v -0.331730 3.554836 -0.846174
v -0.275703 3.528105 -0.894952
v -0.222653 3.487668 -0.937186
v -0.174620 3.435081 -0.971251
v -0.133451 3.372363 -0.995839
v -0.100726 3.301926 -1.010006
v -0.077703 3.226475 -1.013206
v -0.065268 3.148912 -1.005316
v -0.063898 3.072215 -0.986640
v -0.073645 2.999333 -0.957896
v -0.094136 2.933067 -0.920187
v -0.124583 2.875962 -0.874964
v -0.163815 2.830215 -0.823964
v -0.210325 2.797581 -0.769147
v -0.262326 2.779317 -0.712620
v -0.322178 3.557712 -0.834439
v -0.256964 3.533746 -0.871934
v -0.195449 3.495858 -0.903768
v -0.139996 3.445504 -0.928718
v -0.092737 3.384620 -0.945826
v -0.055487 3.315545 -0.954434
v -0.029678 3.240933 -0.954211
v -0.016302 3.163652 -0.945166
v -0.015873 3.086673 -0.927646
v -0.028407 3.012952 -0.902324
v -0.053422 2.945323 -0.870174
v -0.089959 2.886386 -0.832432
v -0.136611 2.838404 -0.790547
v -0.191587 2.803222 -0.746129
v -0.252773 2.782193 -0.700885
v -0.315151 3.560647 -0.821051
v -0.243180 3.539502 -0.845672
v -0.175438 3.504214 -0.865642
v -0.114527 3.456140 -0.880193
v -0.062788 3.397126 -0.888767
v -0.022210 3.329441 -0.891033
v 0.005649 3.255686 -0.886904
v 0.019717 3.178694 -0.876540
v 0.019454 3.101425 -0.860339
v 0.004871 3.026849 -0.838923
v -0.023474 2.957830 -0.813115
v -0.064489 2.897022 -0.783906
v -0.116600 2.846761 -0.752421
v -0.177803 2.808979 -0.719867
v -0.245746 2.785127 -0.687497
v -0.310919 3.563527 -0.806524
v -0.234880 3.545152 -0.817176
v -0.163389 3.512417 -0.824273
v -0.099191 3.466580 -0.827540
v -0.044755 3.409402 -0.826853
v -0.002172 3.343081 -0.822238
v 0.026920 3.270166 -0.813873
v 0.041405 3.193458 -0.802078
v 0.040726 3.115906 -0.787307
v 0.024908 3.040489 -0.770128
v -0.005441 2.970106 -0.751201
v -0.049153 2.907462 -0.731253
v -0.104550 2.854963 -0.711051
v -0.169503 2.814629 -0.691372
v -0.241515 2.788007 -0.672970
v -0.309647 3.566242 -0.791416
v -0.232384 3.550479 -0.787542
v -0.159764 3.520150 -0.781250
v -0.094578 3.476423 -0.772783
v -0.039331 3.420976 -0.762466
v 0.003855 3.355942 -0.750695
v 0.033319 3.283818 -0.737922
v 0.047929 3.207378 -0.724639
v 0.047124 3.129558 -0.711357
v 0.030935 3.053349 -0.698585
v -0.000016 2.981680 -0.686813
v -0.044540 2.917304 -0.676496
v -0.100926 2.862697 -0.668029
v -0.167007 2.819955 -0.661737
v -0.240242 2.790723 -0.657863
v -0.311381 3.568689 -0.776309
v -0.235787 3.555278 -0.757908
v -0.164704 3.527117 -0.738228
v -0.100866 3.485290 -0.718026
v -0.046724 3.431403 -0.698078
v -0.004360 3.367527 -0.679151
v 0.024598 3.296118 -0.661972
v 0.039037 3.219918 -0.647201
v 0.038403 3.141857 -0.635406
v 0.022720 3.064934 -0.627041
v -0.007410 2.992106 -0.622426
v -0.050828 2.926172 -0.621739
v -0.105866 2.869663 -0.625006
v -0.170409 2.824754 -0.632103
v -0.241977 2.793169 -0.642755
v -0.316057 3.570772 -0.761782
v -0.244958 3.559364 -0.729412
v -0.178019 3.533050 -0.696859
v -0.117811 3.492841 -0.665373
v -0.066650 3.440282 -0.636164
v -0.026501 3.377393 -0.610356
v 0.001093 3.306591 -0.588940
v 0.015072 3.230597 -0.572739
v 0.014899 3.152330 -0.562375
v 0.000579 3.074800 -0.558246
v -0.027336 3.000985 -0.560512
v -0.067774 2.933722 -0.569086
v -0.119180 2.875596 -0.583637
v -0.179580 2.828841 -0.603607
v -0.246652 2.795253 -0.628228
v -0.323493 3.572412 -0.748394
v -0.259545 3.562581 -0.703150
v -0.199196 3.537720 -0.658732
v -0.144765 3.498785 -0.616848
v -0.098344 3.447272 -0.579105
v -0.061717 3.385160 -0.546955
v -0.036292 3.314836 -0.521634
v -0.023046 3.239003 -0.504113
v -0.022487 3.160576 -0.495068
v -0.034637 3.082567 -0.494845
v -0.059030 3.007975 -0.503453
v -0.094727 2.939667 -0.520561
v -0.140357 2.880267 -0.545511
v -0.194167 2.832058 -0.577345
v -0.254089 2.796893 -0.614840
v -0.333405 3.573546 -0.736659
v -0.278987 3.564805 -0.680132
v -0.227421 3.540949 -0.625315
v -0.180689 3.502895 -0.574315
v -0.140587 3.452104 -0.529092
v -0.108655 3.390529 -0.491383
v -0.086121 3.320536 -0.462639
v -0.073851 3.244815 -0.443963
v -0.072316 3.166276 -0.436073
v -0.081575 3.087936 -0.439273
v -0.101273 3.012808 -0.453440
v -0.130652 2.943776 -0.478028
v -0.168583 2.883496 -0.512093
v -0.213610 2.834282 -0.554327
v -0.264000 2.798027 -0.603105
v -0.345411 3.574130 -0.727029
v -0.302538 3.565951 -0.661241
v -0.261612 3.542613 -0.597890
v -0.224205 3.505012 -0.539409
v -0.191756 3.454593 -0.488047
v -0.165511 3.393295 -0.445777
v -0.146479 3.323472 -0.414223
v -0.135392 3.247809 -0.394599
v -0.132674 3.169212 -0.387658
v -0.138431 3.090702 -0.393667
v -0.152442 3.015297 -0.412395
v -0.174167 2.945893 -0.443122
v -0.202773 2.885159 -0.484668
v -0.237160 2.835428 -0.535436
v -0.276006 2.798611 -0.593475
v -0.359050 3.574142 -0.719873
v -0.329291 3.565974 -0.647204
v -0.300452 3.542646 -0.577511
v -0.273640 3.505054 -0.513472
v -0.249885 3.454643 -0.457548
v -0.230101 3.393351 -0.411888
v -0.215047 3.323531 -0.378247
v -0.205302 3.247869 -0.357918
v -0.201242 3.169271 -0.351682
v -0.203020 3.090758 -0.359778
v -0.210571 3.015347 -0.381896
v -0.223602 2.945936 -0.417185
v -0.241614 2.885192 -0.464289
v -0.263914 2.835451 -0.521399
v -0.289645 2.798622 -0.586319
v -0.373797 3.573581 -0.715466
v -0.358220 3.564874 -0.638560
v -0.342450 3.541049 -0.564962
v -0.327093 3.503021 -0.497500
v -0.312740 3.452252 -0.438767
v -0.299941 3.390694 -0.391020
v -0.289189 3.320711 -0.356093
v -0.280897 3.244994 -0.335330
v -0.275384 3.166451 -0.329528
v -0.272861 3.088101 -0.338910
v -0.273425 3.012956 -0.363115
v -0.277055 2.943903 -0.401213
v -0.283612 2.883595 -0.451740
v -0.292843 2.834350 -0.512755
v -0.304393 2.798061 -0.581912
v -0.389087 3.572469 -0.713978
v -0.388212 3.562692 -0.635641
v -0.385992 3.537881 -0.560724
v -0.382511 3.498990 -0.492107
v -0.377905 3.447513 -0.432425
v -0.372348 3.385427 -0.383973
v -0.366056 3.315120 -0.348613
v -0.359270 3.239293 -0.327703
v -0.352251 3.160860 -0.322048
v -0.345268 3.082835 -0.331863
v -0.338590 3.008216 -0.356773
v -0.332474 2.939872 -0.395820
v -0.327154 2.880428 -0.447503
v -0.322835 2.832169 -0.509836
v -0.319683 2.796949 -0.580424
v -0.404332 3.570848 -0.715466
v -0.418115 3.559513 -0.638560
v -0.429404 3.533267 -0.564962
v -0.437765 3.493117 -0.497500
v -0.442876 3.440606 -0.438767
v -0.444540 3.377753 -0.391020
v -0.442695 3.306973 -0.356093
v -0.437410 3.230987 -0.335330
v -0.428889 3.152713 -0.329528
v -0.417460 3.075161 -0.338910
v -0.403561 3.001310 -0.363115
v -0.387727 2.933998 -0.401213
v -0.370566 2.875813 -0.451740
v -0.352738 2.828990 -0.512755
v -0.334927 2.795329 -0.581912
v -0.418945 3.568782 -0.719873
v -0.446780 3.555459 -0.647204
v -0.471019 3.527381 -0.577511
v -0.490730 3.485626 -0.513472
v -0.505156 3.431798 -0.457548
v -0.513742 3.367966 -0.411888
v -0.516159 3.296584 -0.378247
v -0.512314 3.220393 -0.357918
v -0.502354 3.142323 -0.351682
v -0.486662 3.065374 -0.359778
v -0.465841 2.992501 -0.381896
v -0.440692 2.926507 -0.417185
v -0.412180 2.869928 -0.464289
v -0.381402 2.824936 -0.521399
v -0.349540 2.793262 -0.586319
v -0.432365 3.566348 -0.727029
v -0.473104 3.550686 -0.661241
v -0.509236 3.520452 -0.597890
v -0.539371 3.476806 -0.539409
v -0.562352 3.421427 -0.488047
v -0.577295 3.356443 -0.445777
v -0.583627 3.284350 -0.414223
v -0.581103 3.207920 -0.394599
v -0.569821 3.130090 -0.387658
v -0.550215 3.053850 -0.393667
v -0.523038 2.982131 -0.412395
v -0.489333 2.917688 -0.443122
v -0.450398 2.862998 -0.484668
v -0.407727 2.820163 -0.535436
v -0.362960 2.790829 -0.593475
v -0.444076 3.563642 -0.736659
v -0.496077 3.545377 -0.680132
v -0.542587 3.512744 -0.625315
v -0.581820 3.466996 -0.574315
v -0.612266 3.409892 -0.529092
v -0.632757 3.343625 -0.491383
v -0.642504 3.270743 -0.462639
v -0.641134 3.194047 -0.443963
v -0.628699 3.116483 -0.436074
v -0.605677 3.041033 -0.439273
v -0.572952 2.970595 -0.453440
v -0.531782 2.907878 -0.478028
v -0.483749 2.855290 -0.512094
v -0.430700 2.814854 -0.554327
v -0.374672 2.788122 -0.603106
v -0.453629 3.560766 -0.748394
v -0.514816 3.539736 -0.703150
v -0.569791 3.504554 -0.658733
v -0.616444 3.456573 -0.616848
v -0.652980 3.397635 -0.579105
v -0.677995 3.330007 -0.546955
v -0.690530 3.256286 -0.521634
v -0.690100 3.179306 -0.504114
v -0.676724 3.102025 -0.495068
v -0.650915 3.027414 -0.494845
v -0.613665 2.958339 -0.503453
v -0.566406 2.897455 -0.520561
v -0.510953 2.847101 -0.545511
v -0.449438 2.809213 -0.577345
v -0.384225 2.785246 -0.614840
v -0.460656 3.557831 -0.761782
v -0.528600 3.533980 -0.729412
v -0.589802 3.496198 -0.696859
v -0.641913 3.445937 -0.665373
v -0.682929 3.385128 -0.636165
v -0.711273 3.316110 -0.610356
v -0.725857 3.241533 -0.588940
v -0.726119 3.164264 -0.572739
v -0.712051 3.087273 -0.562375
v -0.684193 3.013517 -0.558246
v -0.643614 2.945832 -0.560513
v -0.591875 2.886818 -0.569086
v -0.530964 2.838744 -0.583637
v -0.463222 2.803457 -0.603607
v -0.391252 2.782312 -0.628228
v -0.464887 3.554951 -0.776309
v -0.536899 3.528330 -0.757908
v -0.601852 3.487995 -0.738228
v -0.657249 3.435497 -0.718026
v -0.700962 3.372853 -0.698078
v -0.731310 3.302469 -0.679151
v -0.747128 3.227053 -0.661972
v -0.747807 3.149500 -0.647201
v -0.733323 3.072792 -0.635406
v -0.704230 2.999877 -0.627041
v -0.661647 2.933556 -0.622426
v -0.607211 2.876379 -0.621739
v -0.543014 2.830541 -0.625006
v -0.471522 2.797807 -0.632103
v -0.395483 2.779432 -0.642755
v -0.466160 3.552235 -0.791416
v -0.539396 3.523003 -0.787542
v -0.605476 3.480262 -0.781250
v -0.661862 3.425654 -0.772783
v -0.706386 3.361279 -0.762466
v -0.737337 3.289609 -0.750695
v -0.753526 3.213400 -0.737922
v -0.754331 3.135581 -0.724640
v -0.739721 3.059140 -0.711357
v -0.710257 2.987017 -0.698584
v -0.667071 2.921982 -0.686814
v -0.611824 2.866536 -0.676496
v -0.546638 2.822808 -0.668029
v -0.474018 2.792480 -0.661737
v -0.396756 2.776716 -0.657863
v -0.464425 3.549789 -0.806524
v -0.535993 3.518204 -0.817176
v -0.600536 3.473295 -0.824273
v -0.655575 3.416787 -0.827540
v -0.698993 3.350852 -0.826853
v -0.729122 3.278024 -0.822238
v -0.744805 3.201101 -0.813873
v -0.745439 3.123040 -0.802078
v -0.731000 3.046841 -0.787307
v -0.702042 2.975431 -0.770128
v -0.659678 2.911556 -0.751201
v -0.605537 2.857669 -0.731253
v -0.541698 2.815841 -0.711051
v -0.470616 2.787681 -0.691372
v -0.395021 2.774270 -0.672970
v -0.459750 3.547706 -0.821051
v -0.526822 3.514118 -0.845672
v -0.587222 3.467362 -0.865642
v -0.638629 3.409236 -0.880193
v -0.679066 3.341973 -0.888767
v -0.706981 3.268158 -0.891033
v -0.721301 3.190628 -0.886905
v -0.721474 3.112362 -0.876541
v -0.707495 3.036368 -0.860339
v -0.679901 2.965565 -0.838923
v -0.639752 2.902677 -0.813115
v -0.588591 2.850118 -0.783906
v -0.528384 2.809909 -0.752421
v -0.461445 2.783594 -0.719867
v -0.390346 2.772186 -0.687497
v -0.452313 3.546066 -0.834439
v -0.512235 3.510900 -0.871934
v -0.566045 3.462692 -0.903768
v -0.611675 3.403292 -0.928718
v -0.647373 3.334983 -0.945826
v -0.671765 3.260391 -0.954434
v -0.683916 3.182383 -0.954211
v -0.683357 3.103955 -0.945166
v -0.670110 3.028122 -0.927646
v -0.644685 2.957799 -0.902324
v -0.608058 2.895687 -0.870174
v -0.561638 2.844173 -0.832432
v -0.507207 2.805238 -0.790547
v -0.446858 2.780377 -0.746129
v -0.382909 2.770546 -0.700885
v -0.442402 3.544932 -0.846174
v -0.492793 3.508677 -0.894952
v -0.537819 3.459463 -0.937186
v -0.575751 3.399182 -0.971251
v -0.605130 3.330151 -0.995839
v -0.624827 3.255022 -1.010006
v -0.634086 3.176683 -1.013206
v -0.632551 3.098143 -1.005316
v -0.620281 3.022422 -0.986640
v -0.597747 2.952429 -0.957896
v -0.565815 2.890854 -0.920187
v -0.525713 2.840064 -0.874964
v -0.478981 2.802009 -0.823964
v -0.427415 2.778153 -0.769147
v -0.372998 2.769412 -0.712620
v -0.430396 3.544348 -0.855804
v -0.469242 3.507531 -0.913843
v -0.503629 3.457800 -0.964611
v -0.532235 3.397065 -1.006157
v -0.553960 3.327662 -1.036884
v -0.567971 3.252256 -1.055612
v -0.573728 3.173747 -1.061621
v -0.571011 3.095150 -1.054680
v -0.559923 3.019486 -1.035056
v -0.540891 2.949664 -1.003502
v -0.514646 2.888365 -0.961232
v -0.482197 2.837947 -0.909870
v -0.444791 2.800346 -0.851389
v -0.403865 2.777008 -0.788038
v -0.360992 2.768828 -0.722250
v -0.416757 3.544336 -0.862960
v -0.442488 3.507508 -0.927880
v -0.464788 3.457766 -0.984990
v -0.482800 3.397023 -1.032094
v -0.495832 3.327612 -1.067383
v -0.503382 3.252201 -1.089501
v -0.505161 3.173687 -1.097597
v -0.501100 3.095089 -1.091361
v -0.491355 3.019427 -1.071032
v -0.476302 2.949608 -1.037391
v -0.456517 2.888315 -0.991731
v -0.432763 2.837904 -0.935807
v -0.405950 2.800313 -0.871768
v -0.377111 2.776984 -0.802075
v -0.347353 2.768817 -0.729406
v -0.402009 3.544897 -0.867367
v -0.413559 3.508608 -0.936524
v -0.422790 3.459364 -0.997539
v -0.429347 3.399056 -1.048066
v -0.432977 3.330003 -1.086164
v -0.433542 3.254857 -1.110369
v -0.431019 3.176507 -1.119751
v -0.425505 3.097965 -1.113949
v -0.417213 3.022247 -1.093186
v -0.406461 2.952264 -1.058259
v -0.393663 2.890706 -1.010512
v -0.379309 2.839937 -0.951779
v -0.363952 2.801910 -0.884317
v -0.348182 2.778085 -0.810719
v -0.332605 2.769377 -0.733813
v -0.386719 3.546009 -0.868855
v -0.383567 3.510790 -0.939443
v -0.373929 3.403087 -1.053459
v -0.361134 3.260124 -1.117416
v -0.334054 2.957531 -1.065306
v -0.323891 2.843968 -0.957173
v -0.320410 2.805077 -0.888555
v -0.318190 2.780266 -0.813638
v -0.317315 2.770490 -0.735301
v -0.064599 -0.053343 -0.399298
v -0.357196 3.216113 -0.962337
v -0.020614 -0.048667 -0.395005
v -0.313210 3.220789 -0.958044
v 0.021550 -0.042704 -0.382290
v -0.271047 3.226752 -0.945329
v 0.060272 -0.035683 -0.361642
v -0.232325 3.233773 -0.924681
v 0.094064 -0.027873 -0.333855
v -0.198533 3.241583 -0.896894
v 0.121627 -0.019576 -0.299996
v -0.170970 3.249880 -0.863035
v 0.141902 -0.011109 -0.261367
v -0.150694 3.258347 -0.824406
v 0.154110 -0.002798 -0.219451
v -0.138486 3.266658 -0.782490
v 0.157783 0.005038 -0.175861
v -0.134814 3.274493 -0.738900
v 0.152777 0.012097 -0.132270
v -0.139819 3.281552 -0.695309
v 0.139287 0.018108 -0.090355
v -0.153309 3.287563 -0.653394
v 0.117831 0.022840 -0.051726
v -0.174766 3.292296 -0.614765
v 0.089232 0.026111 -0.017867
v -0.203364 3.295567 -0.580906
v 0.054591 0.027796 0.009920
v -0.238006 3.297252 -0.553119
v 0.015238 0.027830 0.030568
v -0.277359 3.297286 -0.532471
v -0.027315 0.026212 0.043283
v -0.319911 3.295668 -0.519756
v -0.071432 0.023003 0.047576
v -0.364028 3.292459 -0.515463
v -0.115417 0.018327 0.043283
v -0.408013 3.287783 -0.519756
v -0.157581 0.012364 0.030568
v -0.450177 3.281820 -0.532471
v -0.196302 0.005343 0.009920
v -0.488899 3.274799 -0.553119
v -0.230094 -0.002466 -0.017867
v -0.522691 3.266989 -0.580906
v -0.257657 -0.010764 -0.051726
v -0.550254 3.258692 -0.614765
v -0.277933 -0.019231 -0.090355
v -0.570529 3.250225 -0.653394
v -0.290141 -0.027542 -0.132270
v -0.582738 3.241914 -0.695309
v -0.293813 -0.035378 -0.175861
v -0.586410 3.234078 -0.738900
v -0.288808 -0.042436 -0.219451
v -0.581405 3.227020 -0.782490
v -0.275318 -0.048447 -0.261367
v -0.567915 3.221009 -0.824406
v -0.253861 -0.053180 -0.299996
v -0.546458 3.216276 -0.863035
v -0.225263 -0.056451 -0.333855
v -0.517859 3.213005 -0.896894
v -0.190621 -0.058136 -0.361642
v -0.483218 3.211320 -0.924681
v -0.151268 -0.058170 -0.382290
v -0.443865 3.211286 -0.945329
v -0.108716 -0.056551 -0.395005
v -0.401312 3.212904 -0.958044
vn 0.1332 -0.4358 -0.8901
vn -0.0241 0.7897 -0.6130
vn 0.1407 -0.6013 -0.7866
vn 0.0039 0.6563 -0.7545
vn 0.1428 -0.7440 -0.6527
vn 0.0317 0.4980 -0.8666
vn 0.1394 -0.8584 -0.4936
vn 0.0582 0.3208 -0.9454
vn 0.1307 -0.9400 -0.3152
vn 0.0824 0.1317 -0.9879
vn 0.1169 -0.9853 -0.1243
vn 0.1035 -0.0623 -0.9927
vn -0.0763 0.9613 -0.2648
vn 0.0985 -0.9926 0.0716
vn 0.1207 -0.2538 -0.9597
vn -0.0512 0.8927 -0.4477
vn 0.1173 -0.9902 0.0753
vn 0.3107 -0.2304 -0.9222
vn 0.0045 0.8996 -0.4367
vn 0.3160 -0.4132 -0.8541
vn 0.0662 0.8008 -0.5952
vn 0.3093 -0.5804 -0.7533
vn 0.1253 0.6713 -0.7305
vn 0.2907 -0.7257 -0.6236
vn 0.1795 0.5162 -0.8374
vn 0.2609 -0.8434 -0.4696
vn 0.2267 0.3416 -0.9121
vn 0.2210 -0.9288 -0.2973
vn 0.2652 0.1542 -0.9518
vn 0.1725 -0.9785 -0.1133
vn 0.2935 -0.0388 -0.9552
vn -0.0575 0.9636 -0.2611
vn 0.3750 -0.8251 -0.4226
vn 0.3850 0.3670 -0.8468
vn 0.3058 -0.9152 -0.2624
vn 0.4368 0.1818 -0.8810
vn 0.2248 -0.9701 -0.0917
vn 0.4719 -0.0102 -0.8816
vn -0.0399 0.9664 -0.2538
vn 0.1350 -0.9874 0.0826
vn 0.4891 -0.2017 -0.8486
vn 0.0567 0.9080 -0.4152
vn 0.4876 -0.3856 -0.7833
vn 0.1511 0.8145 -0.5602
vn 0.4675 -0.5550 -0.6880
vn 0.2394 0.6896 -0.6835
vn 0.4295 -0.7034 -0.5663
vn 0.3184 0.5385 -0.7802
vn 0.1036 0.9176 -0.3839
vn 0.6414 -0.3542 -0.6805
vn 0.2271 0.8300 -0.5094
vn 0.6094 -0.5260 -0.5932
vn 0.3416 0.7105 -0.6152
vn 0.5540 -0.6780 -0.4831
vn 0.4428 0.5640 -0.6970
vn 0.4772 -0.8042 -0.3543
vn 0.5269 0.3960 -0.7520
vn 0.3819 -0.8997 -0.2116
vn 0.5907 0.2132 -0.7782
vn 0.2717 -0.9605 -0.0604
vn 0.6319 0.0225 -0.7747
vn -0.0240 0.9697 -0.2433
vn 0.1508 -0.9842 0.0932
vn 0.6490 -0.1690 -0.7418
vn 0.6469 0.4276 -0.6314
vn 0.4462 -0.8828 -0.1469
vn 0.7208 0.2474 -0.6474
vn 0.3113 -0.9501 -0.0206
vn 0.7672 0.0580 -0.6388
vn -0.0107 0.9732 -0.2298
vn 0.1642 -0.9806 0.1067
vn 0.7843 -0.1335 -0.6058
vn 0.1432 0.9280 -0.3440
vn 0.7716 -0.3200 -0.5497
vn 0.2914 0.8469 -0.4448
vn 0.7294 -0.4945 -0.4726
vn 0.4281 0.7333 -0.5282
vn 0.6593 -0.6503 -0.3773
vn 0.5482 0.5916 -0.5912
vn 0.5637 -0.7815 -0.2674
vn 0.8731 -0.2844 -0.3959
vn 0.3416 0.8645 -0.3688
vn 0.8230 -0.4617 -0.3308
vn 0.4956 0.7569 -0.4260
vn 0.7414 -0.6216 -0.2529
vn 0.6303 0.6204 -0.4668
vn 0.6312 -0.7579 -0.1652
vn 0.7405 0.4604 -0.4896
vn 0.4964 -0.8652 -0.0709
vn 0.8223 0.2830 -0.4936
vn 0.3422 -0.9393 0.0262
vn 0.8727 0.0950 -0.4789
vn -0.0002 0.9768 -0.2140
vn 0.1746 -0.9770 0.1225
vn 0.8899 -0.0965 -0.4459
vn 0.1742 0.9388 -0.2972
vn 0.5305 -0.8476 0.0136
vn 0.8913 0.3186 -0.3228
vn 0.3632 -0.9284 0.0783
vn 0.9444 0.1320 -0.3012
vn 0.0069 0.9805 -0.1964
vn 0.1817 -0.9733 0.1401
vn 0.9615 -0.0595 -0.2683
vn 0.1951 0.9496 -0.2451
vn 0.9420 -0.2488 -0.2250
vn 0.3757 0.8821 -0.2843
vn 0.8866 -0.4289 -0.1732
vn 0.5414 0.7805 -0.3125
vn 0.7972 -0.5928 -0.1147
vn 0.6860 0.6492 -0.3285
vn 0.6770 -0.7342 -0.0516
vn 0.8041 0.4932 -0.3320
vn 0.3923 0.8990 -0.1946
vn 0.9177 -0.3973 -0.0059
vn 0.5638 0.8033 -0.1919
vn 0.8244 -0.5651 0.0321
vn 0.7133 0.6769 -0.1818
vn 0.6994 -0.7114 0.0690
vn 0.8352 0.5248 -0.1647
vn 0.5471 -0.8307 0.1032
vn 0.9249 0.3528 -0.1413
vn 0.3735 -0.9180 0.1335
vn 0.9794 0.1676 -0.1126
vn 0.0103 0.9840 -0.1777
vn 0.1852 -0.9698 0.1587
vn 0.9965 -0.0239 -0.0797
vn 0.2054 0.9601 -0.1899
vn 0.9757 -0.2146 -0.0436
vn 0.9221 0.3844 0.0436
vn 0.3726 -0.9084 0.1899
vn 0.9765 0.2005 0.0797
vn 0.0100 0.9873 -0.1587
vn 0.1849 -0.9665 0.1778
vn 0.9936 0.0089 0.1126
vn 0.2045 0.9697 -0.1335
vn 0.9729 -0.1830 0.1413
vn 0.3909 0.9146 -0.1032
vn 0.9151 -0.3681 0.1647
vn 0.5619 0.8243 -0.0690
vn 0.8221 -0.5395 0.1818
vn 0.7110 0.7025 -0.0321
vn 0.6975 -0.6904 0.1919
vn 0.8326 0.5539 0.0059
vn 0.5457 -0.8151 0.1946
vn 0.8789 -0.3426 0.3320
vn 0.5358 0.8427 0.0516
vn 0.7904 -0.5171 0.3285
vn 0.6792 0.7249 0.1147
vn 0.6714 -0.6720 0.3125
vn 0.7964 0.5795 0.1732
vn 0.5263 -0.8013 0.2843
vn 0.8829 0.4122 0.2250
vn 0.3607 -0.8999 0.2451
vn 0.9357 0.2293 0.2683
vn 0.0060 0.9901 -0.1401
vn 0.1809 -0.9637 0.1964
vn 0.9528 0.0378 0.3012
vn 0.1926 0.9782 -0.0783
vn 0.9337 -0.1553 0.3228
vn 0.3715 0.9283 -0.0136
vn 0.3381 -0.8930 0.2972
vn 0.8586 0.2530 0.4459
vn -0.0016 0.9925 -0.1225
vn 0.1732 -0.9614 0.2140
vn 0.8757 0.0615 0.4789
vn 0.1700 0.9851 -0.0262
vn 0.8595 -0.1325 0.4936
vn 0.3349 0.9396 0.0709
vn 0.8105 -0.3215 0.4896
vn 0.4866 0.8579 0.1652
vn 0.7304 -0.4986 0.4668
vn 0.6193 0.7433 0.2529
vn 0.6221 -0.6569 0.4260
vn 0.7280 0.6005 0.3308
vn 0.4897 -0.7901 0.3688
vn 0.8087 0.4350 0.3959
vn 0.6445 -0.4849 0.5912
vn 0.5333 0.7571 0.3773
vn 0.5515 -0.6456 0.5282
vn 0.6300 0.6162 0.4726
vn 0.4372 -0.7817 0.4448
vn 0.7025 0.4519 0.5497
vn 0.3057 -0.8878 0.3440
vn 0.7482 0.2706 0.6058
vn -0.0125 0.9942 -0.1067
vn 0.1623 -0.9596 0.2298
vn 0.7653 0.0791 0.6388
vn 0.1377 0.9903 0.0206
vn 0.7533 -0.1155 0.6474
vn 0.2824 0.9480 0.1469
vn 0.7126 -0.3059 0.6314
vn 0.4160 0.8692 0.2674
vn -0.0263 0.9953 -0.0932
vn 0.1485 -0.9585 0.2433
vn 0.6258 0.0901 0.7747
vn 0.0968 0.9935 0.0604
vn 0.6191 -0.1050 0.7782
vn 0.2161 0.9532 0.2116
vn 0.5888 -0.2962 0.7520
vn 0.3268 0.8762 0.3543
vn 0.5359 -0.4764 0.6970
vn 0.4248 0.7656 0.4831
vn 0.4624 -0.6386 0.6152
vn 0.5063 0.6259 0.5932
vn 0.3709 -0.7765 0.5094
vn 0.5684 0.4625 0.6805
vn 0.2649 -0.8846 0.3839
vn 0.6087 0.2816 0.7418
vn 0.2978 0.7685 0.5663
vn 0.3580 -0.6362 0.6835
vn 0.3615 0.6292 0.6880
vn 0.2933 -0.7747 0.5602
vn 0.4114 0.4661 0.7833
vn 0.2171 -0.8835 0.4152
vn 0.4455 0.2854 0.8486
vn -0.0425 0.9957 -0.0826
vn 0.1324 -0.9581 0.2538
vn 0.4626 0.0939 0.8816
vn 0.0490 0.9946 0.0917
vn 0.4622 -0.1013 0.8810
vn 0.1385 0.9550 0.2624
vn 0.4440 -0.2928 0.8468
vn 0.2225 0.8786 0.4226
vn 0.4089 -0.4734 0.7802
vn 0.2820 0.0904 0.9552
vn -0.0039 0.9936 0.1133
vn 0.2884 -0.1047 0.9518
vn 0.0526 0.9533 0.2973
vn 0.2838 -0.2959 0.9121
vn 0.1070 0.8764 0.4696
vn 0.2683 -0.4761 0.8374
vn 0.1572 0.7658 0.6236
vn 0.2426 -0.6384 0.7305
vn 0.2013 0.6261 0.7533
vn 0.2074 -0.7763 0.5952
vn 0.2376 0.4627 0.8541
vn 0.1641 -0.8845 0.4367
vn 0.2648 0.2819 0.9222
vn -0.0604 0.9953 -0.0753
vn 0.1145 -0.9585 0.2611
vn 0.1204 -0.6452 0.7545
vn 0.0317 0.6167 0.7866
vn 0.1165 -0.7814 0.6130
vn 0.0537 0.4525 0.8901
vn 0.1081 -0.8876 0.4477
vn 0.0737 0.2712 0.9597
vn -0.0793 0.9943 -0.0716
vn 0.0956 -0.9595 0.2648
vn 0.0908 0.0797 0.9927
vn -0.0599 0.9904 0.1243
vn 0.1045 -0.1149 0.9879
vn -0.0383 0.9483 0.3152
vn 0.1142 -0.3054 0.9454
vn -0.0152 0.8695 0.4936
vn 0.1196 -0.4844 0.8666
vn 0.0084 0.7575 0.6527
vn -0.1169 0.9853 0.1243
vn -0.0824 -0.1317 0.9879
vn -0.1307 0.9400 0.3152
vn -0.0582 -0.3208 0.9454
vn -0.1394 0.8584 0.4936
vn -0.0317 -0.4980 0.8666
vn -0.1428 0.7440 0.6527
vn -0.0039 -0.6563 0.7545
vn -0.1407 0.6013 0.7866
vn 0.0241 -0.7897 0.6130
vn -0.1332 0.4358 0.8901
vn 0.0512 -0.8927 0.4477
vn -0.1207 0.2538 0.9597
vn -0.0985 0.9926 -0.0716
vn 0.0763 -0.9613 0.2648
vn -0.1035 0.0623 0.9927
vn -0.3093 0.5804 0.7533
vn -0.0662 -0.8008 0.5952
vn -0.3160 0.4132 0.8541
vn -0.0045 -0.8996 0.4367
vn -0.3107 0.2304 0.9222
vn -0.1173 0.9902 -0.0753
vn 0.0575 -0.9636 0.2611
vn -0.2935 0.0389 0.9552
vn -0.1725 0.9785 0.1133
vn -0.2652 -0.1542 0.9518
vn -0.2210 0.9288 0.2973
vn -0.2267 -0.3416 0.9121
vn -0.2609 0.8434 0.4696
vn -0.1795 -0.5162 0.8374
vn -0.2907 0.7257 0.6236
vn -0.1253 -0.6713 0.7305
vn -0.4368 -0.1818 0.8810
vn -0.3058 0.9152 0.2624
vn -0.3850 -0.3670 0.8468
vn -0.3750 0.8251 0.4226
vn -0.3184 -0.5385 0.7802
vn -0.4295 0.7034 0.5663
vn -0.2394 -0.6896 0.6834
vn -0.4675 0.5550 0.6880
vn -0.1511 -0.8145 0.5602
vn -0.4876 0.3856 0.7833
vn -0.0567 -0.9080 0.4152
vn -0.4891 0.2017 0.8486
vn -0.1350 0.9874 -0.0826
vn 0.0399 -0.9664 0.2538
vn -0.4719 0.0102 0.8816
vn -0.2248 0.9701 0.0917
vn -0.2271 -0.8300 0.5094
vn -0.6414 0.3542 0.6805
vn -0.1036 -0.9176 0.3839
vn -0.6490 0.1690 0.7418
vn -0.1508 0.9842 -0.0932
vn 0.0240 -0.9697 0.2433
vn -0.6319 -0.0225 0.7747
vn -0.2717 0.9605 0.0604
vn -0.5907 -0.2132 0.7782
vn -0.3819 0.8997 0.2116
vn -0.5269 -0.3960 0.7520
vn -0.4772 0.8042 0.3543
vn -0.4428 -0.5640 0.6970
vn -0.5540 0.6780 0.4831
vn -0.3416 -0.7105 0.6152
vn -0.6094 0.5260 0.5932
vn -0.6469 -0.4276 0.6314
vn -0.5637 0.7815 0.2674
vn -0.5482 -0.5916 0.5912
vn -0.6593 0.6503 0.3773
vn -0.4281 -0.7333 0.5282
vn -0.7294 0.4945 0.4726
vn -0.2914 -0.8469 0.4448
vn -0.7716 0.3200 0.5497
vn -0.1432 -0.9280 0.3440
vn -0.7843 0.1335 0.6058
vn -0.1642 0.9806 -0.1067
vn 0.0107 -0.9732 0.2298
vn -0.7672 -0.0580 0.6388
vn -0.3113 0.9501 0.0206
vn -0.7208 -0.2474 0.6474
vn -0.4462 0.8828 0.1469
vn -0.1742 -0.9388 0.2972
vn -0.8899 0.0965 0.4459
vn -0.1746 0.9770 -0.1225
vn 0.0002 -0.9768 0.2140
vn -0.8727 -0.0950 0.4789
vn -0.3422 0.9393 -0.0262
vn -0.8223 -0.2830 0.4936
vn -0.4964 0.8652 0.0709
vn -0.7405 -0.4604 0.4896
vn -0.6312 0.7579 0.1652
vn -0.6303 -0.6204 0.4668
vn -0.7414 0.6216 0.2529
vn -0.4956 -0.7569 0.4260
vn -0.8230 0.4617 0.3308
vn -0.3416 -0.8645 0.3688
vn -0.8731 0.2844 0.3959
vn -0.6770 0.7342 0.0516
vn -0.6860 -0.6492 0.3285
vn -0.7972 0.5928 0.1147
vn -0.5414 -0.7805 0.3125
vn -0.8866 0.4289 0.1732
vn -0.3757 -0.8821 0.2843
vn -0.9420 0.2488 0.2250
vn -0.1951 -0.9496 0.2451
vn -0.9615 0.0595 0.2683
vn -0.1817 0.9733 -0.1401
vn -0.0069 -0.9805 0.1964
vn -0.9444 -0.1320 0.3012
vn -0.3632 0.9284 -0.0783
vn -0.8913 -0.3186 0.3228
vn -0.5305 0.8476 -0.0136
vn -0.8041 -0.4932 0.3320
vn -0.9965 0.0239 0.0797
vn -0.1852 0.9698 -0.1587
vn -0.0103 -0.9840 0.1778
vn -0.9794 -0.1676 0.1126
vn -0.3735 0.9180 -0.1335
vn -0.9249 -0.3528 0.1413
vn -0.5471 0.8307 -0.1032
vn -0.8352 -0.5248 0.1647
vn -0.6994 0.7114 -0.0690
vn -0.7133 -0.6769 0.1818
vn -0.8244 0.5651 -0.0321
vn -0.5638 -0.8033 0.1919
vn -0.9177 0.3973 0.0059
vn -0.3923 -0.8990 0.1946
vn -0.9757 0.2146 0.0436
vn -0.2054 -0.9601 0.1899
vn -0.7110 -0.7025 0.0321
vn -0.8221 0.5395 -0.1818
vn -0.5619 -0.8243 0.0690
vn -0.9151 0.3681 -0.1647
vn -0.3909 -0.9146 0.1032
vn -0.9729 0.1830 -0.1413
vn -0.2045 -0.9697 0.1335
vn -0.9936 -0.0090 -0.1126
vn -0.1849 0.9665 -0.1778
vn -0.0100 -0.9873 0.1587
vn -0.9765 -0.2005 -0.0797
vn -0.3726 0.9084 -0.1899
vn -0.9221 -0.3844 -0.0436
vn -0.5457 0.8151 -0.1946
vn -0.8326 -0.5539 -0.0059
vn -0.6975 0.6904 -0.1919
vn -0.1809 0.9637 -0.1964
vn -0.0060 -0.9901 0.1401
vn -0.9357 -0.2293 -0.2683
vn -0.3607 0.8999 -0.2451
vn -0.8829 -0.4122 -0.2250
vn -0.5263 0.8013 -0.2843
vn -0.7964 -0.5795 -0.1732
vn -0.6714 0.6720 -0.3125
vn -0.6792 -0.7249 -0.1147
vn -0.7904 0.5171 -0.3285
vn -0.5358 -0.8427 -0.0516
vn -0.8789 0.3426 -0.3320
vn -0.3715 -0.9283 0.0136
vn -0.9337 0.1553 -0.3228
vn -0.1926 -0.9782 0.0783
vn -0.9528 -0.0378 -0.3012
vn -0.7304 0.4986 -0.4668
vn -0.4866 -0.8579 -0.1652
vn -0.8105 0.3215 -0.4896
vn -0.3349 -0.9396 -0.0709
vn -0.8595 0.1325 -0.4936
vn -0.1700 -0.9851 0.0262
vn -0.8757 -0.0615 -0.4789
vn -0.1732 0.9614 -0.2140
vn 0.0016 -0.9925 0.1225
vn -0.8586 -0.2530 -0.4459
vn -0.3381 0.8930 -0.2972
vn -0.8087 -0.4350 -0.3959
vn -0.4897 0.7901 -0.3688
vn -0.7280 -0.6005 -0.3308
vn -0.6221 0.6569 -0.4260
vn -0.6193 -0.7433 -0.2529
vn -0.7482 -0.2706 -0.6058
vn -0.3057 0.8878 -0.3440
vn -0.7025 -0.4519 -0.5497
vn -0.4372 0.7817 -0.4448
vn -0.6300 -0.6162 -0.4726
vn -0.5515 0.6456 -0.5282
vn -0.5333 -0.7571 -0.3773
vn -0.6445 0.4849 -0.5912
vn -0.4160 -0.8692 -0.2674
vn -0.7126 0.3059 -0.6314
vn -0.2824 -0.9480 -0.1469
vn -0.7533 0.1155 -0.6474
vn -0.1377 -0.9903 -0.0206
vn -0.7653 -0.0791 -0.6388
vn -0.1623 0.9596 -0.2298
vn 0.0125 -0.9942 0.1067
vn -0.3268 -0.8762 -0.3543
vn -0.5888 0.2962 -0.7520
vn -0.2161 -0.9532 -0.2116
vn -0.6191 0.1050 -0.7782
vn -0.0968 -0.9935 -0.0604
vn -0.6258 -0.0901 -0.7747
vn -0.1485 0.9585 -0.2433
vn 0.0263 -0.9953 0.0932
vn -0.6087 -0.2816 -0.7418
vn -0.2649 0.8846 -0.3839
vn -0.5684 -0.4625 -0.6805
vn -0.3709 0.7765 -0.5094
vn -0.5063 -0.6259 -0.5932
vn -0.4624 0.6386 -0.6152
vn -0.4248 -0.7656 -0.4831
vn -0.5359 0.4764 -0.6970
vn -0.4114 -0.4661 -0.7833
vn -0.2933 0.7747 -0.5602
vn -0.3615 -0.6292 -0.6880
vn -0.3580 0.6362 -0.6834
vn -0.2978 -0.7685 -0.5663
vn -0.4089 0.4734 -0.7802
vn -0.2225 -0.8786 -0.4226
vn -0.4440 0.2928 -0.8468
vn -0.1385 -0.9550 -0.2624
vn -0.4622 0.1013 -0.8810
vn -0.0490 -0.9946 -0.0917
vn -0.4626 -0.0939 -0.8816
vn -0.1324 0.9581 -0.2538
vn 0.0425 -0.9957 0.0826
vn -0.4455 -0.2854 -0.8486
vn -0.2171 0.8835 -0.4152
vn -0.0526 -0.9533 -0.2973
vn -0.2884 0.1047 -0.9518
vn 0.0039 -0.9936 -0.1133
vn -0.2820 -0.0904 -0.9552
vn -0.1145 0.9585 -0.2611
vn 0.0604 -0.9953 0.0753
vn -0.2648 -0.2819 -0.9222
vn -0.1641 0.8845 -0.4367
vn -0.2376 -0.4627 -0.8541
vn -0.2074 0.7763 -0.5952
vn -0.2013 -0.6261 -0.7533
vn -0.2426 0.6384 -0.7305
vn -0.1572 -0.7658 -0.6236
vn -0.2683 0.4761 -0.8374
vn -0.1070 -0.8764 -0.4696
vn -0.2838 0.2959 -0.9121
vn -0.1165 0.7814 -0.6130
vn -0.0317 -0.6167 -0.7866
vn -0.1204 0.6452 -0.7545
vn -0.0084 -0.7575 -0.6527
vn -0.1196 0.4844 -0.8666
vn 0.0152 -0.8695 -0.4936
vn -0.1142 0.3054 -0.9454
vn 0.0383 -0.9483 -0.3152
vn -0.1045 0.1149 -0.9879
vn 0.0599 -0.9904 -0.1243
vn -0.0908 -0.0797 -0.9927
vn -0.0956 0.9595 -0.2648
vn 0.0793 -0.9943 0.0716
vn -0.0737 -0.2712 -0.9597
vn -0.1081 0.8876 -0.4477
vn -0.0537 -0.4525 -0.8901
vn 0.1126 -0.1588 -0.9809
vn 0.3035 -0.1353 -0.9432
vn 0.4828 -0.1065 -0.8692
vn 0.6435 -0.0736 -0.7619
vn 0.7795 -0.0379 -0.6253
vn 0.8855 -0.0008 -0.4646
vn 0.9575 0.0364 -0.2861
vn 0.9927 0.0722 -0.0966
vn 0.9897 0.1052 0.0966
vn 0.9488 0.1342 0.2861
vn 0.8713 0.1580 0.4646
vn 0.7604 0.1757 0.6253
vn 0.6202 0.1867 0.7619
vn 0.4562 0.1905 0.8692
vn 0.2747 0.1870 0.9432
vn 0.0826 0.1763 0.9809
vn -0.1126 0.1588 0.9809
vn -0.3035 0.1353 0.9432
vn -0.4828 0.1065 0.8692
vn -0.6435 0.0736 0.7619
vn -0.7795 0.0379 0.6253
vn -0.8855 0.0008 0.4646
vn -0.9575 -0.0364 0.2861
vn -0.9927 -0.0722 0.0966
vn -0.9897 -0.1052 -0.0966
vn -0.9488 -0.1342 -0.2861
vn -0.8713 -0.1580 -0.4646
vn -0.7604 -0.1757 -0.6253
vn -0.6202 -0.1867 -0.7619
vn -0.4562 -0.1905 -0.8692
vn -0.0879 0.9817 -0.1691
vn -0.2747 -0.1870 -0.9432
vn -0.0826 -0.1763 -0.9809
vn 0.0879 -0.9817 0.1691
vt 0.750000 0.375000
vt 0.750000 0.437500
vt 0.718750 0.437500
vt 0.718750 0.375000
vt 0.750000 0.812500
vt 0.750000 0.875000
vt 0.718750 0.875000
vt 0.718750 0.812500
vt 0.750000 0.312500
vt 0.718750 0.312500
vt 0.750000 0.750000
vt 0.718750 0.750000
vt 0.750000 0.250000
vt 0.718750 0.250000
vt 0.750000 0.687500
vt 0.718750 0.687500
vt 0.750000 0.187500
vt 0.718750 0.187500
vt 0.750000 0.625000
vt 0.718750 0.625000
vt 0.750000 0.125000
vt 0.718750 0.125000
vt 0.750000 0.562500
vt 0.718750 0.562500
vt 0.750000 0.062500
vt 0.718750 0.062500
vt 0.750000 0.500000
vt 0.718750 0.500000
vt 0.750000 0.937500
vt 0.734375 1.000000
vt 0.718750 0.937500
vt 0.734375 0.000000
vt 0.703125 0.000000
vt 0.687500 0.062500
vt 0.687500 0.500000
vt 0.687500 0.437500
vt 0.687500 0.937500
vt 0.687500 0.875000
vt 0.687500 0.375000
vt 0.687500 0.812500
vt 0.687500 0.312500
vt 0.687500 0.750000
vt 0.687500 0.250000
vt 0.687500 0.687500
vt 0.687500 0.187500
vt 0.687500 0.625000
vt 0.687500 0.125000
vt 0.687500 0.562500
vt 0.703125 1.000000
vt 0.656250 0.250000
vt 0.656250 0.187500
vt 0.656250 0.687500
vt 0.656250 0.625000
vt 0.656250 0.125000
vt 0.656250 0.562500
vt 0.656250 0.062500
vt 0.656250 0.500000
vt 0.671875 1.000000
vt 0.656250 0.937500
vt 0.671875 0.000000
vt 0.656250 0.437500
vt 0.656250 0.875000
vt 0.656250 0.375000
vt 0.656250 0.812500
vt 0.656250 0.312500
vt 0.656250 0.750000
vt 0.625000 0.937500
vt 0.625000 0.875000
vt 0.625000 0.437500
vt 0.625000 0.375000
vt 0.625000 0.812500
vt 0.625000 0.312500
vt 0.625000 0.750000
vt 0.625000 0.250000
vt 0.625000 0.687500
vt 0.625000 0.187500
vt 0.625000 0.625000
vt 0.625000 0.125000
vt 0.625000 0.562500
vt 0.625000 0.062500
vt 0.625000 0.500000
vt 0.640625 1.000000
vt 0.640625 0.000000
vt 0.593750 0.687500
vt 0.593750 0.625000
vt 0.593750 0.187500
vt 0.593750 0.125000
vt 0.593750 0.562500
vt 0.593750 0.062500
vt 0.593750 0.500000
vt 0.609375 1.000000
vt 0.593750 0.937500
vt 0.609375 0.000000
vt 0.593750 0.437500
vt 0.593750 0.875000
vt 0.593750 0.375000
vt 0.593750 0.812500
vt 0.593750 0.312500
vt 0.593750 0.750000
vt 0.593750 0.250000
vt 0.562500 0.437500
vt 0.562500 0.375000
vt 0.562500 0.875000
vt 0.562500 0.812500
vt 0.562500 0.312500
vt 0.562500 0.750000
vt 0.562500 0.250000
vt 0.562500 0.687500
vt 0.562500 0.187500
vt 0.562500 0.625000
vt 0.562500 0.125000
vt 0.562500 0.562500
vt 0.562500 0.062500
vt 0.562500 0.500000
vt 0.578125 1.000000
vt 0.562500 0.937500
vt 0.578125 0.000000
vt 0.531250 0.187500
vt 0.531250 0.125000
vt 0.531250 0.625000
vt 0.531250 0.562500
vt 0.531250 0.062500
vt 0.531250 0.500000
vt 0.546875 1.000000
vt 0.531250 0.937500
vt 0.546875 0.000000
vt 0.531250 0.437500
vt 0.531250 0.875000
vt 0.531250 0.375000
vt 0.531250 0.812500
vt 0.531250 0.312500
vt 0.531250 0.750000
vt 0.531250 0.250000
vt 0.531250 0.687500
vt 0.500000 0.875000
vt 0.500000 0.812500
vt 0.500000 0.375000
vt 0.500000 0.312500
vt 0.500000 0.750000
vt 0.500000 0.250000
vt 0.500000 0.687500
vt 0.500000 0.187500
vt 0.500000 0.625000
vt 0.500000 0.125000
vt 0.500000 0.562500
vt 0.500000 0.062500
vt 0.500000 0.500000
vt 0.515625 1.000000
vt 0.500000 0.937500
vt 0.515625 0.000000
vt 0.500000 0.437500
vt 0.468750 0.625000
vt 0.468750 0.562500
vt 0.468750 0.125000
vt 0.468750 0.062500
vt 0.468750 0.500000
vt 0.484375 1.000000
vt 0.468750 0.937500
vt 0.484375 0.000000
vt 0.468750 0.437500
vt 0.468750 0.875000
vt 0.468750 0.375000
vt 0.468750 0.812500
vt 0.468750 0.312500
vt 0.468750 0.750000
vt 0.468750 0.250000
vt 0.468750 0.687500
vt 0.468750 0.187500
vt 0.437500 0.375000
vt 0.437500 0.312500
vt 0.437500 0.812500
vt 0.437500 0.750000
vt 0.437500 0.250000
vt 0.437500 0.687500
vt 0.437500 0.187500
vt 0.437500 0.625000
vt 0.437500 0.125000
vt 0.437500 0.562500
vt 0.437500 0.062500
vt 0.437500 0.500000
vt 0.453125 1.000000
vt 0.437500 0.937500
vt 0.453125 0.000000
vt 0.437500 0.437500
vt 0.437500 0.875000
vt 0.406250 0.125000
vt 0.406250 0.062500
vt 0.406250 0.562500
vt 0.406250 0.500000
vt 0.421875 1.000000
vt 0.406250 0.937500
vt 0.421875 0.000000
vt 0.406250 0.437500
vt 0.406250 0.875000
vt 0.406250 0.375000
vt 0.406250 0.812500
vt 0.406250 0.312500
vt 0.406250 0.750000
vt 0.406250 0.250000
vt 0.406250 0.687500
vt 0.406250 0.187500
vt 0.406250 0.625000
vt 0.375000 0.312500
vt 0.375000 0.250000
vt 0.375000 0.750000
vt 0.375000 0.687500
vt 0.375000 0.187500
vt 0.375000 0.625000
vt 0.375000 0.125000
vt 0.375000 0.562500
vt 0.375000 0.062500
vt 0.375000 0.500000
vt 0.390625 1.000000
vt 0.375000 0.937500
vt 0.390625 0.000000
vt 0.375000 0.437500
vt 0.375000 0.875000
vt 0.375000 0.375000
vt 0.375000 0.812500
vt 0.359375 1.000000
vt 0.343750 0.937500
vt 0.359375 0.000000
vt 0.343750 0.062500
vt 0.343750 0.500000
vt 0.343750 0.437500
vt 0.343750 0.875000
vt 0.343750 0.375000
vt 0.343750 0.812500
vt 0.343750 0.312500
vt 0.343750 0.750000
vt 0.343750 0.250000
vt 0.343750 0.687500
vt 0.343750 0.187500
vt 0.343750 0.625000
vt 0.343750 0.125000
vt 0.343750 0.562500
vt 0.312500 0.750000
vt 0.312500 0.687500
vt 0.312500 0.250000
vt 0.312500 0.187500
vt 0.312500 0.625000
vt 0.312500 0.125000
vt 0.312500 0.562500
vt 0.312500 0.062500
vt 0.312500 0.500000
vt 0.328125 1.000000
vt 0.312500 0.937500
vt 0.328125 0.000000
vt 0.312500 0.437500
vt 0.312500 0.875000
vt 0.312500 0.375000
vt 0.312500 0.812500
vt 0.312500 0.312500
vt 0.281250 0.500000
vt 0.281250 0.437500
vt 0.281250 0.937500
vt 0.281250 0.875000
vt 0.281250 0.375000
vt 0.281250 0.812500
vt 0.281250 0.312500
vt 0.281250 0.750000
vt 0.281250 0.250000
vt 0.281250 0.687500
vt 0.281250 0.187500
vt 0.281250 0.625000
vt 0.281250 0.125000
vt 0.281250 0.562500
vt 0.281250 0.062500
vt 0.296875 1.000000
vt 0.296875 0.000000
vt 0.250000 0.250000
vt 0.250000 0.187500
vt 0.250000 0.687500
vt 0.250000 0.625000
vt 0.250000 0.125000
vt 0.250000 0.562500
vt 0.250000 0.062500
vt 0.250000 0.500000
vt 0.265625 1.000000
vt 0.250000 0.937500
vt 0.265625 0.000000
vt 0.250000 0.437500
vt 0.250000 0.875000
vt 0.250000 0.375000
vt 0.250000 0.812500
vt 0.250000 0.312500
vt 0.250000 0.750000
vt 0.218750 0.937500
vt 0.218750 0.875000
vt 0.218750 0.437500
vt 0.218750 0.375000
vt 0.218750 0.812500
vt 0.218750 0.312500
vt 0.218750 0.750000
vt 0.218750 0.250000
vt 0.218750 0.687500
vt 0.218750 0.187500
vt 0.218750 0.625000
vt 0.218750 0.125000
vt 0.218750 0.562500
vt 0.218750 0.062500
vt 0.218750 0.500000
vt 0.234375 1.000000
vt 0.234375 0.000000
vt 0.187500 0.687500
vt 0.187500 0.625000
vt 0.187500 0.187500
vt 0.187500 0.125000
vt 0.187500 0.562500
vt 0.187500 0.062500
vt 0.187500 0.500000
vt 0.203125 1.000000
vt 0.187500 0.937500
vt 0.203125 0.000000
vt 0.187500 0.437500
vt 0.187500 0.875000
vt 0.187500 0.375000
vt 0.187500 0.812500
vt 0.187500 0.312500
vt 0.187500 0.750000
vt 0.187500 0.250000
vt 0.156250 0.437500
vt 0.156250 0.375000
vt 0.156250 0.875000
vt 0.156250 0.812500
vt 0.156250 0.312500
vt 0.156250 0.750000
vt 0.156250 0.250000
vt 0.156250 0.687500
vt 0.156250 0.187500
vt 0.156250 0.625000
vt 0.156250 0.125000
vt 0.156250 0.562500
vt 0.156250 0.062500
vt 0.156250 0.500000
vt 0.171875 1.000000
vt 0.156250 0.937500
vt 0.171875 0.000000
vt 0.125000 0.187500
vt 0.125000 0.125000
vt 0.125000 0.625000
vt 0.125000 0.562500
vt 0.125000 0.062500
vt 0.125000 0.500000
vt 0.140625 1.000000
vt 0.125000 0.937500
vt 0.140625 0.000000
vt 0.125000 0.437500
vt 0.125000 0.875000
vt 0.125000 0.375000
vt 0.125000 0.812500
vt 0.125000 0.312500
vt 0.125000 0.750000
vt 0.125000 0.250000
vt 0.125000 0.687500
vt 0.093750 0.375000
vt 0.093750 0.312500
vt 0.093750 0.812500
vt 0.093750 0.750000
vt 0.093750 0.250000
vt 0.093750 0.687500
vt 0.093750 0.187500
vt 0.093750 0.625000
vt 0.093750 0.125000
vt 0.093750 0.562500
vt 0.093750 0.062500
vt 0.093750 0.500000
vt 0.109375 1.000000
vt 0.093750 0.937500
vt 0.109375 0.000000
vt 0.093750 0.437500
vt 0.093750 0.875000
vt 0.062500 0.125000
vt 0.062500 0.062500
vt 0.062500 0.562500
vt 0.062500 0.500000
vt 0.078125 1.000000
vt 0.062500 0.937500
vt 0.078125 0.000000
vt 0.062500 0.437500
vt 0.062500 0.875000
vt 0.062500 0.375000
vt 0.062500 0.812500
vt 0.062500 0.312500
vt 0.062500 0.750000
vt 0.062500 0.250000
vt 0.062500 0.687500
vt 0.062500 0.187500
vt 0.062500 0.625000
vt 0.031250 0.812500
vt 0.031250 0.750000
vt 0.031250 0.312500
vt 0.031250 0.250000
vt 0.031250 0.687500
vt 0.031250 0.187500
vt 0.031250 0.625000
vt 0.031250 0.125000
vt 0.031250 0.562500
vt 0.031250 0.062500
vt 0.031250 0.500000
vt 0.046875 1.000000
vt 0.031250 0.937500
vt 0.046875 0.000000
vt 0.031250 0.437500
vt 0.031250 0.875000
vt 0.031250 0.375000
vt 0.000000 0.562500
vt 0.000000 0.500000
vt 0.015625 1.000000
vt 0.000000 0.937500
vt 0.015625 0.000000
vt 0.000000 0.062500
vt 0.000000 0.437500
vt 0.000000 0.875000
vt 0.000000 0.375000
vt 0.000000 0.812500
vt 0.000000 0.312500
vt 0.000000 0.750000
vt 0.000000 0.250000
vt 0.000000 0.687500
vt 0.000000 0.187500
vt 0.000000 0.625000
vt 0.000000 0.125000
vt 1.000000 0.250000
vt 1.000000 0.312500
vt 0.968750 0.312500
vt 0.968750 0.250000
vt 1.000000 0.687500
vt 1.000000 0.750000
vt 0.968750 0.750000
vt 0.968750 0.687500
vt 1.000000 0.187500
vt 0.968750 0.187500
vt 1.000000 0.625000
vt 0.968750 0.625000
vt 1.000000 0.125000
vt 0.968750 0.125000
vt 1.000000 0.562500
vt 0.968750 0.562500
vt 1.000000 0.062500
vt 0.968750 0.062500
vt 1.000000 0.500000
vt 0.968750 0.500000
vt 1.000000 0.937500
vt 0.984375 1.000000
vt 0.968750 0.937500
vt 0.984375 0.000000
vt 1.000000 0.437500
vt 0.968750 0.437500
vt 1.000000 0.875000
vt 0.968750 0.875000
vt 1.000000 0.375000
vt 0.968750 0.375000
vt 1.000000 0.812500
vt 0.968750 0.812500
vt 0.953125 1.000000
vt 0.937500 0.937500
vt 0.953125 0.000000
vt 0.937500 0.062500
vt 0.937500 0.500000
vt 0.937500 0.437500
vt 0.937500 0.875000
vt 0.937500 0.375000
vt 0.937500 0.812500
vt 0.937500 0.312500
vt 0.937500 0.750000
vt 0.937500 0.250000
vt 0.937500 0.687500
vt 0.937500 0.187500
vt 0.937500 0.625000
vt 0.937500 0.125000
vt 0.937500 0.562500
vt 0.906250 0.750000
vt 0.906250 0.687500
vt 0.906250 0.250000
vt 0.906250 0.187500
vt 0.906250 0.625000
vt 0.906250 0.125000
vt 0.906250 0.562500
vt 0.906250 0.062500
vt 0.906250 0.500000
vt 0.921875 1.000000
vt 0.906250 0.937500
vt 0.921875 0.000000
vt 0.906250 0.437500
vt 0.906250 0.875000
vt 0.906250 0.375000
vt 0.906250 0.812500
vt 0.906250 0.312500
vt 0.875000 0.500000
vt 0.875000 0.437500
vt 0.875000 0.937500
vt 0.875000 0.875000
vt 0.875000 0.375000
vt 0.875000 0.812500
vt 0.875000 0.312500
vt 0.875000 0.750000
vt 0.875000 0.250000
vt 0.875000 0.687500
vt 0.875000 0.187500
vt 0.875000 0.625000
vt 0.875000 0.125000
vt 0.875000 0.562500
vt 0.875000 0.062500
vt 0.890625 1.000000
vt 0.890625 0.000000
vt 0.843750 0.250000
vt 0.843750 0.187500
vt 0.843750 0.687500
vt 0.843750 0.625000
vt 0.843750 0.125000
vt 0.843750 0.562500
vt 0.843750 0.062500
vt 0.843750 0.500000
vt 0.859375 1.000000
vt 0.843750 0.937500
vt 0.859375 0.000000
vt 0.843750 0.437500
vt 0.843750 0.875000
vt 0.843750 0.375000
vt 0.843750 0.812500
vt 0.843750 0.312500
vt 0.843750 0.750000
vt 0.812500 0.437500
vt 0.812500 0.375000
vt 0.812500 0.875000
vt 0.812500 0.812500
vt 0.812500 0.312500
vt 0.812500 0.750000
vt 0.812500 0.250000
vt 0.812500 0.687500
vt 0.812500 0.187500
vt 0.812500 0.625000
vt 0.812500 0.125000
vt 0.812500 0.562500
vt 0.812500 0.062500
vt 0.812500 0.500000
vt 0.828125 1.000000
vt 0.812500 0.937500
vt 0.828125 0.000000
vt 0.781250 0.187500
vt 0.781250 0.125000
vt 0.781250 0.625000
vt 0.781250 0.562500
vt 0.781250 0.062500
vt 0.781250 0.500000
vt 0.796875 1.000000
vt 0.781250 0.937500
vt 0.796875 0.000000
vt 0.781250 0.437500
vt 0.781250 0.875000
vt 0.781250 0.375000
vt 0.781250 0.812500
vt 0.781250 0.312500
vt 0.781250 0.750000
vt 0.781250 0.250000
vt 0.781250 0.687500
vt 0.765625 1.000000
vt 0.765625 0.000000
vt 1.000000 1.000000
vt 0.968750 1.000000
vt 0.968750 0.500000
vt 0.937500 1.000000
vt 0.937500 0.500000
vt 0.906250 1.000000
vt 0.906250 0.500000
vt 0.875000 1.000000
vt 0.875000 0.500000
vt 0.843750 1.000000
vt 0.843750 0.500000
vt 0.812500 1.000000
vt 0.812500 0.500000
vt 0.781250 1.000000
vt 0.781250 0.500000
vt 0.750000 1.000000
vt 0.718750 1.000000
vt 0.687500 1.000000
vt 0.656250 1.000000
vt 0.625000 1.000000
vt 0.593750 1.000000
vt 0.562500 1.000000
vt 0.531250 1.000000
vt 0.500000 1.000000
vt 0.500000 0.500000
vt 0.468750 1.000000
vt 0.468750 0.500000
vt 0.437500 1.000000
vt 0.437500 0.500000
vt 0.406250 1.000000
vt 0.406250 0.500000
vt 0.375000 1.000000
vt 0.375000 0.500000
vt 0.343750 1.000000
vt 0.343750 0.500000
vt 0.312500 1.000000
vt 0.312500 0.500000
vt 0.281250 1.000000
vt 0.281250 0.500000
vt 0.250000 1.000000
vt 0.250000 0.500000
vt 0.218750 1.000000
vt 0.218750 0.500000
vt 0.187500 1.000000
vt 0.187500 0.500000
vt 0.156250 1.000000
vt 0.156250 0.500000
vt 0.125000 1.000000
vt 0.125000 0.500000
vt 0.093750 1.000000
vt 0.093750 0.500000
vt 0.062500 1.000000
vt 0.062500 0.500000
vt 0.296822 0.485388
vt 0.250000 0.490000
vt 0.203178 0.485388
vt 0.158156 0.471731
vt 0.116663 0.449553
vt 0.080294 0.419706
vt 0.050447 0.383337
vt 0.028269 0.341844
vt 0.014612 0.296822
vt 0.010000 0.250000
vt 0.014612 0.203178
vt 0.028269 0.158156
vt 0.050447 0.116663
vt 0.080294 0.080294
vt 0.116663 0.050447
vt 0.158156 0.028269
vt 0.203178 0.014612
vt 0.250000 0.010000
vt 0.296822 0.014612
vt 0.341844 0.028269
vt 0.383337 0.050447
vt 0.419706 0.080294
vt 0.449553 0.116663
vt 0.471731 0.158156
vt 0.485388 0.203178
vt 0.490000 0.250000
vt 0.485388 0.296822
vt 0.471731 0.341844
vt 0.449553 0.383337
vt 0.419706 0.419706
vt 0.383337 0.449553
vt 0.341844 0.471731
vt 0.031250 1.000000
vt 0.031250 0.500000
vt 0.000000 1.000000
vt 0.750000 0.490000
vt 0.796822 0.485388
vt 0.841844 0.471731
vt 0.883337 0.449553
vt 0.919706 0.419706
vt 0.949553 0.383337
vt 0.971731 0.341844
vt 0.985388 0.296822
vt 0.990000 0.250000
vt 0.985388 0.203178
vt 0.971731 0.158156
vt 0.949553 0.116663
vt 0.919706 0.080294
vt 0.883337 0.050447
vt 0.841844 0.028269
vt 0.796822 0.014612
vt 0.750000 0.010000
vt 0.703178 0.014612
vt 0.658156 0.028269
vt 0.616663 0.050447
vt 0.580294 0.080294
vt 0.550447 0.116663
vt 0.528269 0.158156
vt 0.514612 0.203178
vt 0.510000 0.250000
vt 0.514612 0.296822
vt 0.528269 0.341844
vt 0.550447 0.383337
vt 0.580294 0.419706
vt 0.616663 0.449553
vt 0.658156 0.471731
vt 0.703178 0.485388
s 0
usemtl Material
f 1024/680/547 552/681/547 563/682/547 564/683/547
f 548/684/548 1021/685/548 556/686/548 557/687/548
f 553/688/549 1024/680/549 564/683/549 565/689/549
f 1022/690/550 548/684/550 557/687/550 558/691/550
f 1025/692/551 553/688/551 565/689/551 566/693/551
f 549/694/552 1022/690/552 558/691/552 559/695/552
f 1026/696/553 1025/692/553 566/693/553 567/697/553
f 1023/698/554 549/694/554 559/695/554 560/699/554
f 1027/700/555 1026/696/555 567/697/555 568/701/555
f 550/702/556 1023/698/556 560/699/556 561/703/556
f 1028/704/557 1027/700/557 568/701/557 569/705/557
f 551/706/558 550/702/558 561/703/558 562/707/558
f 1020/708/559 547/709/559 555/710/559
f 554/711/560 1028/704/560 569/705/560
f 552/681/561 551/706/561 562/707/561 563/682/561
f 1021/685/562 1020/708/562 555/710/562 556/686/562
f 554/712/563 569/705/563 584/713/563
f 563/682/564 562/707/564 577/714/564 578/715/564
f 556/686/565 555/710/565 570/716/565 571/717/565
f 564/683/566 563/682/566 578/715/566 579/718/566
f 557/687/567 556/686/567 571/717/567 572/719/567
f 565/689/568 564/683/568 579/718/568 580/720/568
f 558/691/569 557/687/569 572/719/569 573/721/569
f 566/693/570 565/689/570 580/720/570 581/722/570
f 559/695/571 558/691/571 573/721/571 574/723/571
f 567/697/572 566/693/572 581/722/572 582/724/572
f 560/699/573 559/695/573 574/723/573 575/725/573
f 568/701/574 567/697/574 582/724/574 583/726/574
f 561/703/575 560/699/575 575/725/575 576/727/575
f 569/705/576 568/701/576 583/726/576 584/713/576
f 562/707/577 561/703/577 576/727/577 577/714/577
f 555/710/578 547/728/578 570/716/578
f 582/724/579 581/722/579 596/729/579 597/730/579
f 575/725/580 574/723/580 589/731/580 590/732/580
f 583/726/581 582/724/581 597/730/581 598/733/581
f 576/727/582 575/725/582 590/732/582 591/734/582
f 584/713/583 583/726/583 598/733/583 599/735/583
f 577/714/584 576/727/584 591/734/584 592/736/584
f 570/716/585 547/737/585 585/738/585
f 554/739/586 584/713/586 599/735/586
f 578/715/587 577/714/587 592/736/587 593/740/587
f 571/717/588 570/716/588 585/738/588 586/741/588
f 579/718/589 578/715/589 593/740/589 594/742/589
f 572/719/590 571/717/590 586/741/590 587/743/590
f 580/720/591 579/718/591 594/742/591 595/744/591
f 573/721/592 572/719/592 587/743/592 588/745/592
f 581/722/593 580/720/593 595/744/593 596/729/593
f 574/723/594 573/721/594 588/745/594 589/731/594
f 586/741/595 585/738/595 600/746/595 601/747/595
f 594/742/596 593/740/596 608/748/596 609/749/596
f 587/743/597 586/741/597 601/747/597 602/750/597
f 595/744/598 594/742/598 609/749/598 610/751/598
f 588/745/599 587/743/599 602/750/599 603/752/599
f 596/729/600 595/744/600 610/751/600 611/753/600
f 589/731/601 588/745/601 603/752/601 604/754/601
f 597/730/602 596/729/602 611/753/602 612/755/602
f 590/732/603 589/731/603 604/754/603 605/756/603
f 598/733/604 597/730/604 612/755/604 613/757/604
f 591/734/605 590/732/605 605/756/605 606/758/605
f 599/735/606 598/733/606 613/757/606 614/759/606
f 592/736/607 591/734/607 606/758/607 607/760/607
f 585/738/608 547/761/608 600/746/608
f 554/762/609 599/735/609 614/759/609
f 593/740/610 592/736/610 607/760/610 608/748/610
f 605/756/611 604/754/611 619/763/611 620/764/611
f 613/757/612 612/755/612 627/765/612 628/766/612
f 606/758/613 605/756/613 620/764/613 621/767/613
f 614/759/614 613/757/614 628/766/614 629/768/614
f 607/760/615 606/758/615 621/767/615 622/769/615
f 600/746/616 547/770/616 615/771/616
f 554/772/617 614/759/617 629/768/617
f 608/748/618 607/760/618 622/769/618 623/773/618
f 601/747/619 600/746/619 615/771/619 616/774/619
f 609/749/620 608/748/620 623/773/620 624/775/620
f 602/750/621 601/747/621 616/774/621 617/776/621
f 610/751/622 609/749/622 624/775/622 625/777/622
f 603/752/623 602/750/623 617/776/623 618/778/623
f 611/753/624 610/751/624 625/777/624 626/779/624
f 604/754/625 603/752/625 618/778/625 619/763/625
f 612/755/626 611/753/626 626/779/626 627/765/626
f 624/775/627 623/773/627 638/780/627 639/781/627
f 617/776/628 616/774/628 631/782/628 632/783/628
f 625/777/629 624/775/629 639/781/629 640/784/629
f 618/778/630 617/776/630 632/783/630 633/785/630
f 626/779/631 625/777/631 640/784/631 641/786/631
f 619/763/632 618/778/632 633/785/632 634/787/632
f 627/765/633 626/779/633 641/786/633 642/788/633
f 620/764/634 619/763/634 634/787/634 635/789/634
f 628/766/635 627/765/635 642/788/635 643/790/635
f 621/767/636 620/764/636 635/789/636 636/791/636
f 629/768/637 628/766/637 643/790/637 644/792/637
f 622/769/638 621/767/638 636/791/638 637/793/638
f 615/771/639 547/794/639 630/795/639
f 554/796/640 629/768/640 644/792/640
f 623/773/641 622/769/641 637/793/641 638/780/641
f 616/774/642 615/771/642 630/795/642 631/782/642
f 643/790/643 642/788/643 657/797/643 658/798/643
f 636/791/644 635/789/644 650/799/644 651/800/644
f 644/792/645 643/790/645 658/798/645 659/801/645
f 637/793/646 636/791/646 651/800/646 652/802/646
f 630/795/647 547/803/647 645/804/647
f 554/805/648 644/792/648 659/801/648
f 638/780/649 637/793/649 652/802/649 653/806/649
f 631/782/650 630/795/650 645/804/650 646/807/650
f 639/781/651 638/780/651 653/806/651 654/808/651
f 632/783/652 631/782/652 646/807/652 647/809/652
f 640/784/653 639/781/653 654/808/653 655/810/653
f 633/785/654 632/783/654 647/809/654 648/811/654
f 641/786/655 640/784/655 655/810/655 656/812/655
f 634/787/656 633/785/656 648/811/656 649/813/656
f 642/788/657 641/786/657 656/812/657 657/797/657
f 635/789/658 634/787/658 649/813/658 650/799/658
f 647/809/659 646/807/659 661/814/659 662/815/659
f 655/810/660 654/808/660 669/816/660 670/817/660
f 648/811/661 647/809/661 662/815/661 663/818/661
f 656/812/662 655/810/662 670/817/662 671/819/662
f 649/813/663 648/811/663 663/818/663 664/820/663
f 657/797/664 656/812/664 671/819/664 672/821/664
f 650/799/665 649/813/665 664/820/665 665/822/665
f 658/798/666 657/797/666 672/821/666 673/823/666
f 651/800/667 650/799/667 665/822/667 666/824/667
f 659/801/668 658/798/668 673/823/668 674/825/668
f 652/802/669 651/800/669 666/824/669 667/826/669
f 645/804/670 547/827/670 660/828/670
f 554/829/671 659/801/671 674/825/671
f 653/806/672 652/802/672 667/826/672 668/830/672
f 646/807/673 645/804/673 660/828/673 661/814/673
f 654/808/674 653/806/674 668/830/674 669/816/674
f 666/824/675 665/822/675 680/831/675 681/832/675
f 674/825/676 673/823/676 688/833/676 689/834/676
f 667/826/677 666/824/677 681/832/677 682/835/677
f 660/828/678 547/836/678 675/837/678
f 554/838/679 674/825/679 689/834/679
f 668/830/680 667/826/680 682/835/680 683/839/680
f 661/814/681 660/828/681 675/837/681 676/840/681
f 669/816/682 668/830/682 683/839/682 684/841/682
f 662/815/683 661/814/683 676/840/683 677/842/683
f 670/817/684 669/816/684 684/841/684 685/843/684
f 663/818/685 662/815/685 677/842/685 678/844/685
f 671/819/686 670/817/686 685/843/686 686/845/686
f 664/820/687 663/818/687 678/844/687 679/846/687
f 672/821/688 671/819/688 686/845/688 687/847/688
f 665/822/689 664/820/689 679/846/689 680/831/689
f 673/823/690 672/821/690 687/847/690 688/833/690
f 685/843/691 684/841/691 699/848/691 700/849/691
f 678/844/692 677/842/692 692/850/692 693/851/692
f 686/845/693 685/843/693 700/849/693 701/852/693
f 679/846/694 678/844/694 693/851/694 694/853/694
f 687/847/695 686/845/695 701/852/695 702/854/695
f 680/831/696 679/846/696 694/853/696 695/855/696
f 688/833/697 687/847/697 702/854/697 703/856/697
f 681/832/698 680/831/698 695/855/698 696/857/698
f 689/834/699 688/833/699 703/856/699 704/858/699
f 682/835/700 681/832/700 696/857/700 697/859/700
f 675/837/701 547/860/701 690/861/701
f 554/862/702 689/834/702 704/858/702
f 683/839/703 682/835/703 697/859/703 698/863/703
f 676/840/704 675/837/704 690/861/704 691/864/704
f 684/841/705 683/839/705 698/863/705 699/848/705
f 677/842/706 676/840/706 691/864/706 692/850/706
f 704/858/707 703/856/707 718/865/707 719/866/707
f 697/859/708 696/857/708 711/867/708 712/868/708
f 690/861/709 547/869/709 705/870/709
f 554/871/710 704/858/710 719/866/710
f 698/863/711 697/859/711 712/868/711 713/872/711
f 691/864/712 690/861/712 705/870/712 706/873/712
f 699/848/713 698/863/713 713/872/713 714/874/713
f 692/850/714 691/864/714 706/873/714 707/875/714
f 700/849/715 699/848/715 714/874/715 715/876/715
f 693/851/716 692/850/716 707/875/716 708/877/716
f 701/852/717 700/849/717 715/876/717 716/878/717
f 694/853/718 693/851/718 708/877/718 709/879/718
f 702/854/719 701/852/719 716/878/719 717/880/719
f 695/855/720 694/853/720 709/879/720 710/881/720
f 703/856/721 702/854/721 717/880/721 718/865/721
f 696/857/722 695/855/722 710/881/722 711/867/722
f 716/878/723 715/876/723 730/882/723 731/883/723
f 709/879/724 708/877/724 723/884/724 724/885/724
f 717/880/725 716/878/725 731/883/725 732/886/725
f 710/881/726 709/879/726 724/885/726 725/887/726
f 718/865/727 717/880/727 732/886/727 733/888/727
f 711/867/728 710/881/728 725/887/728 726/889/728
f 719/866/729 718/865/729 733/888/729 734/890/729
f 712/868/730 711/867/730 726/889/730 727/891/730
f 705/870/731 547/892/731 720/893/731
f 554/894/732 719/866/732 734/890/732
f 713/872/733 712/868/733 727/891/733 728/895/733
f 706/873/734 705/870/734 720/893/734 721/896/734
f 714/874/735 713/872/735 728/895/735 729/897/735
f 707/875/736 706/873/736 721/896/736 722/898/736
f 715/876/737 714/874/737 729/897/737 730/882/737
f 708/877/738 707/875/738 722/898/738 723/884/738
f 720/893/739 547/899/739 735/900/739
f 554/901/740 734/890/740 749/902/740
f 728/895/741 727/891/741 742/903/741 743/904/741
f 721/896/742 720/893/742 735/900/742 736/905/742
f 729/897/743 728/895/743 743/904/743 744/906/743
f 722/898/744 721/896/744 736/905/744 737/907/744
f 730/882/745 729/897/745 744/906/745 745/908/745
f 723/884/746 722/898/746 737/907/746 738/909/746
f 731/883/747 730/882/747 745/908/747 746/910/747
f 724/885/748 723/884/748 738/909/748 739/911/748
f 732/886/749 731/883/749 746/910/749 747/912/749
f 725/887/750 724/885/750 739/911/750 740/913/750
f 733/888/751 732/886/751 747/912/751 748/914/751
f 726/889/752 725/887/752 740/913/752 741/915/752
f 734/890/753 733/888/753 748/914/753 749/902/753
f 727/891/754 726/889/754 741/915/754 742/903/754
f 739/911/755 738/909/755 753/916/755 754/917/755
f 747/912/756 746/910/756 761/918/756 762/919/756
f 740/913/757 739/911/757 754/917/757 755/920/757
f 748/914/758 747/912/758 762/919/758 763/921/758
f 741/915/759 740/913/759 755/920/759 756/922/759
f 749/902/760 748/914/760 763/921/760 764/923/760
f 742/903/761 741/915/761 756/922/761 757/924/761
f 735/900/762 547/925/762 750/926/762
f 554/927/763 749/902/763 764/923/763
f 743/904/764 742/903/764 757/924/764 758/928/764
f 736/905/765 735/900/765 750/926/765 751/929/765
f 744/906/766 743/904/766 758/928/766 759/930/766
f 737/907/767 736/905/767 751/929/767 752/931/767
f 745/908/768 744/906/768 759/930/768 760/932/768
f 738/909/769 737/907/769 752/931/769 753/916/769
f 746/910/770 745/908/770 760/932/770 761/918/770
f 758/928/771 757/924/771 772/933/771 773/934/771
f 751/929/772 750/926/772 765/935/772 766/936/772
f 759/930/773 758/928/773 773/934/773 774/937/773
f 752/931/774 751/929/774 766/936/774 767/938/774
f 760/932/775 759/930/775 774/937/775 775/939/775
f 753/916/776 752/931/776 767/938/776 768/940/776
f 761/918/777 760/932/777 775/939/777 776/941/777
f 754/917/778 753/916/778 768/940/778 769/942/778
f 762/919/779 761/918/779 776/941/779 777/943/779
f 755/920/780 754/917/780 769/942/780 770/944/780
f 763/921/781 762/919/781 777/943/781 778/945/781
f 756/922/782 755/920/782 770/944/782 771/946/782
f 764/923/783 763/921/783 778/945/783 779/947/783
f 757/924/784 756/922/784 771/946/784 772/933/784
f 750/926/785 547/948/785 765/935/785
f 554/949/786 764/923/786 779/947/786
f 777/943/787 776/941/787 791/950/787 792/951/787
f 770/944/788 769/942/788 784/952/788 785/953/788
f 778/945/789 777/943/789 792/951/789 793/954/789
f 771/946/790 770/944/790 785/953/790 786/955/790
f 779/947/791 778/945/791 793/954/791 794/956/791
f 772/933/792 771/946/792 786/955/792 787/957/792
f 765/935/793 547/958/793 780/959/793
f 554/960/794 779/947/794 794/956/794
f 773/934/795 772/933/795 787/957/795 788/961/795
f 766/936/796 765/935/796 780/959/796 781/962/796
f 774/937/797 773/934/797 788/961/797 789/963/797
f 767/938/798 766/936/798 781/962/798 782/964/798
f 775/939/799 774/937/799 789/963/799 790/965/799
f 768/940/800 767/938/800 782/964/800 783/966/800
f 776/941/801 775/939/801 790/965/801 791/950/801
f 769/942/802 768/940/802 783/966/802 784/952/802
f 781/962/803 780/959/803 795/967/803 796/968/803
f 789/963/804 788/961/804 803/969/804 804/970/804
f 782/964/805 781/962/805 796/968/805 797/971/805
f 790/965/806 789/963/806 804/970/806 805/972/806
f 783/966/807 782/964/807 797/971/807 798/973/807
f 791/950/808 790/965/808 805/972/808 806/974/808
f 784/952/809 783/966/809 798/973/809 799/975/809
f 792/951/810 791/950/810 806/974/810 807/976/810
f 785/953/811 784/952/811 799/975/811 800/977/811
f 793/954/812 792/951/812 807/976/812 808/978/812
f 786/955/813 785/953/813 800/977/813 801/979/813
f 794/956/814 793/954/814 808/978/814 809/980/814
f 787/957/815 786/955/815 801/979/815 802/981/815
f 780/959/816 547/982/816 795/967/816
f 554/983/817 794/956/817 809/980/817
f 788/961/818 787/957/818 802/981/818 803/969/818
f 800/977/819 799/975/819 814/984/819 815/985/819
f 808/978/820 807/976/820 822/986/820 823/987/820
f 801/979/821 800/977/821 815/985/821 816/988/821
f 809/980/822 808/978/822 823/987/822 824/989/822
f 802/981/823 801/979/823 816/988/823 817/990/823
f 795/967/824 547/991/824 810/992/824
f 554/993/825 809/980/825 824/989/825
f 803/969/826 802/981/826 817/990/826 818/994/826
f 796/968/827 795/967/827 810/992/827 811/995/827
f 804/970/828 803/969/828 818/994/828 819/996/828
f 797/971/829 796/968/829 811/995/829 812/997/829
f 805/972/830 804/970/830 819/996/830 820/998/830
f 798/973/831 797/971/831 812/997/831 813/999/831
f 806/974/832 805/972/832 820/998/832 821/1000/832
f 799/975/833 798/973/833 813/999/833 814/984/833
f 807/976/834 806/974/834 821/1000/834 822/986/834
f 819/996/835 818/994/835 833/1001/835 834/1002/835
f 812/997/836 811/995/836 826/1003/836 827/1004/836
f 820/998/837 819/996/837 834/1002/837 835/1005/837
f 813/999/838 812/997/838 827/1004/838 828/1006/838
f 821/1000/839 820/998/839 835/1005/839 836/1007/839
f 814/984/840 813/999/840 828/1006/840 829/1008/840
f 822/986/841 821/1000/841 836/1007/841 837/1009/841
f 815/985/842 814/984/842 829/1008/842 830/1010/842
f 823/987/843 822/986/843 837/1009/843 838/1011/843
f 816/988/844 815/985/844 830/1010/844 831/1012/844
f 824/989/845 823/987/845 838/1011/845 839/1013/845
f 817/990/846 816/988/846 831/1012/846 832/1014/846
f 810/992/847 547/1015/847 825/1016/847
f 554/1017/848 824/989/848 839/1013/848
f 818/994/849 817/990/849 832/1014/849 833/1001/849
f 811/995/850 810/992/850 825/1016/850 826/1003/850
f 838/1011/851 837/1009/851 852/1018/851 853/1019/851
f 831/1012/852 830/1010/852 845/1020/852 846/1021/852
f 839/1013/853 838/1011/853 853/1019/853 854/1022/853
f 832/1014/854 831/1012/854 846/1021/854 847/1023/854
f 825/1016/855 547/1024/855 840/1025/855
f 554/1026/856 839/1013/856 854/1022/856
f 833/1001/857 832/1014/857 847/1023/857 848/1027/857
f 826/1003/858 825/1016/858 840/1025/858 841/1028/858
f 834/1002/859 833/1001/859 848/1027/859 849/1029/859
f 827/1004/860 826/1003/860 841/1028/860 842/1030/860
f 835/1005/861 834/1002/861 849/1029/861 850/1031/861
f 828/1006/862 827/1004/862 842/1030/862 843/1032/862
f 836/1007/863 835/1005/863 850/1031/863 851/1033/863
f 829/1008/864 828/1006/864 843/1032/864 844/1034/864
f 837/1009/865 836/1007/865 851/1033/865 852/1018/865
f 830/1010/866 829/1008/866 844/1034/866 845/1020/866
f 850/1031/867 849/1029/867 864/1035/867 865/1036/867
f 843/1032/868 842/1030/868 857/1037/868 858/1038/868
f 851/1033/869 850/1031/869 865/1036/869 866/1039/869
f 844/1034/870 843/1032/870 858/1038/870 859/1040/870
f 852/1018/871 851/1033/871 866/1039/871 867/1041/871
f 845/1020/872 844/1034/872 859/1040/872 860/1042/872
f 853/1019/873 852/1018/873 867/1041/873 868/1043/873
f 846/1021/874 845/1020/874 860/1042/874 861/1044/874
f 854/1022/875 853/1019/875 868/1043/875 869/1045/875
f 847/1023/876 846/1021/876 861/1044/876 862/1046/876
f 840/1025/877 547/1047/877 855/1048/877
f 554/1049/878 854/1022/878 869/1045/878
f 848/1027/879 847/1023/879 862/1046/879 863/1050/879
f 841/1028/880 840/1025/880 855/1048/880 856/1051/880
f 849/1029/881 848/1027/881 863/1050/881 864/1035/881
f 842/1030/882 841/1028/882 856/1051/882 857/1037/882
f 869/1045/883 868/1043/883 883/1052/883 884/1053/883
f 862/1046/884 861/1044/884 876/1054/884 877/1055/884
f 855/1048/885 547/1056/885 870/1057/885
f 554/1058/886 869/1045/886 884/1053/886
f 863/1050/887 862/1046/887 877/1055/887 878/1059/887
f 856/1051/888 855/1048/888 870/1057/888 871/1060/888
f 864/1035/889 863/1050/889 878/1059/889 879/1061/889
f 857/1037/890 856/1051/890 871/1060/890 872/1062/890
f 865/1036/891 864/1035/891 879/1061/891 880/1063/891
f 858/1038/892 857/1037/892 872/1062/892 873/1064/892
f 866/1039/893 865/1036/893 880/1063/893 881/1065/893
f 859/1040/894 858/1038/894 873/1064/894 874/1066/894
f 867/1041/895 866/1039/895 881/1065/895 882/1067/895
f 860/1042/896 859/1040/896 874/1066/896 875/1068/896
f 868/1043/897 867/1041/897 882/1067/897 883/1052/897
f 861/1044/898 860/1042/898 875/1068/898 876/1054/898
f 873/1064/899 872/1062/899 887/1069/899 888/1070/899
f 881/1065/900 880/1063/900 895/1071/900 896/1072/900
f 874/1066/901 873/1064/901 888/1070/901 889/1073/901
f 882/1067/902 881/1065/902 896/1072/902 897/1074/902
f 875/1068/903 874/1066/903 889/1073/903 890/1075/903
f 883/1052/904 882/1067/904 897/1074/904 898/1076/904
f 876/1054/905 875/1068/905 890/1075/905 891/1077/905
f 884/1053/906 883/1052/906 898/1076/906 899/1078/906
f 877/1055/907 876/1054/907 891/1077/907 892/1079/907
f 870/1057/908 547/1080/908 885/1081/908
f 554/1082/909 884/1053/909 899/1078/909
f 878/1059/910 877/1055/910 892/1079/910 893/1083/910
f 871/1060/911 870/1057/911 885/1081/911 886/1084/911
f 879/1061/912 878/1059/912 893/1083/912 894/1085/912
f 872/1062/913 871/1060/913 886/1084/913 887/1069/913
f 880/1063/914 879/1061/914 894/1085/914 895/1071/914
f 892/1079/915 891/1077/915 906/1086/915 907/1087/915
f 885/1081/916 547/1088/916 900/1089/916
f 554/1090/917 899/1078/917 914/1091/917
f 893/1083/918 892/1079/918 907/1087/918 908/1092/918
f 886/1084/919 885/1081/919 900/1089/919 901/1093/919
f 894/1085/920 893/1083/920 908/1092/920 909/1094/920
f 887/1069/921 886/1084/921 901/1093/921 902/1095/921
f 895/1071/922 894/1085/922 909/1094/922 910/1096/922
f 888/1070/923 887/1069/923 902/1095/923 903/1097/923
f 896/1072/924 895/1071/924 910/1096/924 911/1098/924
f 889/1073/925 888/1070/925 903/1097/925 904/1099/925
f 897/1074/926 896/1072/926 911/1098/926 912/1100/926
f 890/1075/927 889/1073/927 904/1099/927 905/1101/927
f 898/1076/928 897/1074/928 912/1100/928 913/1102/928
f 891/1077/929 890/1075/929 905/1101/929 906/1086/929
f 899/1078/930 898/1076/930 913/1102/930 914/1091/930
f 911/1103/931 910/1104/931 925/1105/931 926/1106/931
f 904/1107/932 903/1108/932 918/1109/932 919/1110/932
f 912/1111/933 911/1103/933 926/1106/933 927/1112/933
f 905/1113/934 904/1107/934 919/1110/934 920/1114/934
f 913/1115/935 912/1111/935 927/1112/935 928/1116/935
f 906/1117/936 905/1113/936 920/1114/936 921/1118/936
f 914/1119/937 913/1115/937 928/1116/937 929/1120/937
f 907/1121/938 906/1117/938 921/1118/938 922/1122/938
f 900/1123/939 547/1124/939 915/1125/939
f 554/1126/940 914/1119/940 929/1120/940
f 908/1127/941 907/1121/941 922/1122/941 923/1128/941
f 901/1129/942 900/1123/942 915/1125/942 916/1130/942
f 909/1131/943 908/1127/943 923/1128/943 924/1132/943
f 902/1133/944 901/1129/944 916/1130/944 917/1134/944
f 910/1104/945 909/1131/945 924/1132/945 925/1105/945
f 903/1108/946 902/1133/946 917/1134/946 918/1109/946
f 915/1125/947 547/1135/947 930/1136/947
f 554/1137/948 929/1120/948 944/1138/948
f 923/1128/949 922/1122/949 937/1139/949 938/1140/949
f 916/1130/950 915/1125/950 930/1136/950 931/1141/950
f 924/1132/951 923/1128/951 938/1140/951 939/1142/951
f 917/1134/952 916/1130/952 931/1141/952 932/1143/952
f 925/1105/953 924/1132/953 939/1142/953 940/1144/953
f 918/1109/954 917/1134/954 932/1143/954 933/1145/954
f 926/1106/955 925/1105/955 940/1144/955 941/1146/955
f 919/1110/956 918/1109/956 933/1145/956 934/1147/956
f 927/1112/957 926/1106/957 941/1146/957 942/1148/957
f 920/1114/958 919/1110/958 934/1147/958 935/1149/958
f 928/1116/959 927/1112/959 942/1148/959 943/1150/959
f 921/1118/960 920/1114/960 935/1149/960 936/1151/960
f 929/1120/961 928/1116/961 943/1150/961 944/1138/961
f 922/1122/962 921/1118/962 936/1151/962 937/1139/962
f 934/1147/963 933/1145/963 948/1152/963 949/1153/963
f 942/1148/964 941/1146/964 956/1154/964 957/1155/964
f 935/1149/965 934/1147/965 949/1153/965 950/1156/965
f 943/1150/966 942/1148/966 957/1155/966 958/1157/966
f 936/1151/967 935/1149/967 950/1156/967 951/1158/967
f 944/1138/968 943/1150/968 958/1157/968 959/1159/968
f 937/1139/969 936/1151/969 951/1158/969 952/1160/969
f 930/1136/970 547/1161/970 945/1162/970
f 554/1163/971 944/1138/971 959/1159/971
f 938/1140/972 937/1139/972 952/1160/972 953/1164/972
f 931/1141/973 930/1136/973 945/1162/973 946/1165/973
f 939/1142/974 938/1140/974 953/1164/974 954/1166/974
f 932/1143/975 931/1141/975 946/1165/975 947/1167/975
f 940/1144/976 939/1142/976 954/1166/976 955/1168/976
f 933/1145/977 932/1143/977 947/1167/977 948/1152/977
f 941/1146/978 940/1144/978 955/1168/978 956/1154/978
f 953/1164/979 952/1160/979 967/1169/979 968/1170/979
f 946/1165/980 945/1162/980 960/1171/980 961/1172/980
f 954/1166/981 953/1164/981 968/1170/981 969/1173/981
f 947/1167/982 946/1165/982 961/1172/982 962/1174/982
f 955/1168/983 954/1166/983 969/1173/983 970/1175/983
f 948/1152/984 947/1167/984 962/1174/984 963/1176/984
f 956/1154/985 955/1168/985 970/1175/985 971/1177/985
f 949/1153/986 948/1152/986 963/1176/986 964/1178/986
f 957/1155/987 956/1154/987 971/1177/987 972/1179/987
f 950/1156/988 949/1153/988 964/1178/988 965/1180/988
f 958/1157/989 957/1155/989 972/1179/989 973/1181/989
f 951/1158/990 950/1156/990 965/1180/990 966/1182/990
f 959/1159/991 958/1157/991 973/1181/991 974/1183/991
f 952/1160/992 951/1158/992 966/1182/992 967/1169/992
f 945/1162/993 547/1184/993 960/1171/993
f 554/1185/994 959/1159/994 974/1183/994
f 972/1179/995 971/1177/995 986/1186/995 987/1187/995
f 965/1180/996 964/1178/996 979/1188/996 980/1189/996
f 973/1181/997 972/1179/997 987/1187/997 988/1190/997
f 966/1182/998 965/1180/998 980/1189/998 981/1191/998
f 974/1183/999 973/1181/999 988/1190/999 989/1192/999
f 967/1169/1000 966/1182/1000 981/1191/1000 982/1193/1000
f 960/1171/1001 547/1194/1001 975/1195/1001
f 554/1196/1002 974/1183/1002 989/1192/1002
f 968/1170/1003 967/1169/1003 982/1193/1003 983/1197/1003
f 961/1172/1004 960/1171/1004 975/1195/1004 976/1198/1004
f 969/1173/1005 968/1170/1005 983/1197/1005 984/1199/1005
f 962/1174/1006 961/1172/1006 976/1198/1006 977/1200/1006
f 970/1175/1007 969/1173/1007 984/1199/1007 985/1201/1007
f 963/1176/1008 962/1174/1008 977/1200/1008 978/1202/1008
f 971/1177/1009 970/1175/1009 985/1201/1009 986/1186/1009
f 964/1178/1010 963/1176/1010 978/1202/1010 979/1188/1010
f 984/1199/1011 983/1197/1011 998/1203/1011 999/1204/1011
f 977/1200/1012 976/1198/1012 991/1205/1012 992/1206/1012
f 985/1201/1013 984/1199/1013 999/1204/1013 1000/1207/1013
f 978/1202/1014 977/1200/1014 992/1206/1014 993/1208/1014
f 986/1186/1015 985/1201/1015 1000/1207/1015 1001/1209/1015
f 979/1188/1016 978/1202/1016 993/1208/1016 994/1210/1016
f 987/1187/1017 986/1186/1017 1001/1209/1017 1002/1211/1017
f 980/1189/1018 979/1188/1018 994/1210/1018 995/1212/1018
f 988/1190/1019 987/1187/1019 1002/1211/1019 1003/1213/1019
f 981/1191/1020 980/1189/1020 995/1212/1020 996/1214/1020
f 989/1192/1021 988/1190/1021 1003/1213/1021 1004/1215/1021
f 982/1193/1022 981/1191/1022 996/1214/1022 997/1216/1022
f 975/1195/1023 547/1217/1023 990/1218/1023
f 554/1219/1024 989/1192/1024 1004/1215/1024
f 983/1197/1025 982/1193/1025 997/1216/1025 998/1203/1025
f 976/1198/1026 975/1195/1026 990/1218/1026 991/1205/1026
f 1003/1213/1027 1002/1211/1027 1017/1220/1027 1018/1221/1027
f 996/1214/1028 995/1212/1028 1010/1222/1028 1011/1223/1028
f 1004/1215/1029 1003/1213/1029 1018/1221/1029 1019/1224/1029
f 997/1216/1030 996/1214/1030 1011/1223/1030 1012/1225/1030
f 990/1218/1031 547/1226/1031 1005/1227/1031
f 554/1228/1032 1004/1215/1032 1019/1224/1032
f 998/1203/1033 997/1216/1033 1012/1225/1033 1013/1229/1033
f 991/1205/1034 990/1218/1034 1005/1227/1034 1006/1230/1034
f 999/1204/1035 998/1203/1035 1013/1229/1035 1014/1231/1035
f 992/1206/1036 991/1205/1036 1006/1230/1036 1007/1232/1036
f 1000/1207/1037 999/1204/1037 1014/1231/1037 1015/1233/1037
f 993/1208/1038 992/1206/1038 1007/1232/1038 1008/1234/1038
f 1001/1209/1039 1000/1207/1039 1015/1233/1039 1016/1235/1039
f 994/1210/1040 993/1208/1040 1008/1234/1040 1009/1236/1040
f 1002/1211/1041 1001/1209/1041 1016/1235/1041 1017/1220/1041
f 995/1212/1042 994/1210/1042 1009/1236/1042 1010/1222/1042
f 1007/1232/1043 1006/1230/1043 1021/685/1043 548/684/1043
f 1015/1233/1044 1014/1231/1044 1024/680/1044 553/688/1044
f 1008/1234/1045 1007/1232/1045 548/684/1045 1022/690/1045
f 1016/1235/1046 1015/1233/1046 553/688/1046 1025/692/1046
f 1009/1236/1047 1008/1234/1047 1022/690/1047 549/694/1047
f 1017/1220/1048 1016/1235/1048 1025/692/1048 1026/696/1048
f 1010/1222/1049 1009/1236/1049 549/694/1049 1023/698/1049
f 1018/1221/1050 1017/1220/1050 1026/696/1050 1027/700/1050
f 1011/1223/1051 1010/1222/1051 1023/698/1051 550/702/1051
f 1019/1224/1052 1018/1221/1052 1027/700/1052 1028/704/1052
f 1012/1225/1053 1011/1223/1053 550/702/1053 551/706/1053
f 1005/1227/1054 547/1237/1054 1020/708/1054
f 554/1238/1055 1019/1224/1055 1028/704/1055
f 1013/1229/1056 1012/1225/1056 551/706/1056 552/681/1056
f 1006/1230/1057 1005/1227/1057 1020/708/1057 1021/685/1057
f 1014/1231/1058 1013/1229/1058 552/681/1058 1024/680/1058
f 1029/1121/1059 1030/1239/1059 1032/1240/1059 1031/1241/1059
f 1031/1241/1060 1032/1240/1060 1034/1242/1060 1033/1243/1060
f 1033/1243/1061 1034/1242/1061 1036/1244/1061 1035/1245/1061
f 1035/1245/1062 1036/1244/1062 1038/1246/1062 1037/1247/1062
f 1037/1247/1063 1038/1246/1063 1040/1248/1063 1039/1249/1063
f 1039/1249/1064 1040/1248/1064 1042/1250/1064 1041/1251/1064
f 1041/1251/1065 1042/1250/1065 1044/1252/1065 1043/1253/1065
f 1043/1253/1066 1044/1252/1066 1046/1254/1066 1045/706/1066
f 1045/706/1067 1046/1254/1067 1048/1255/1067 1047/707/1067
f 1047/707/1068 1048/1255/1068 1050/1256/1068 1049/714/1068
f 1049/714/1069 1050/1256/1069 1052/1257/1069 1051/736/1069
f 1051/736/1070 1052/1257/1070 1054/1258/1070 1053/760/1070
f 1053/760/1071 1054/1258/1071 1056/1259/1071 1055/769/1071
f 1055/769/1072 1056/1259/1072 1058/1260/1072 1057/793/1072
f 1057/793/1073 1058/1260/1073 1060/1261/1073 1059/802/1073
f 1059/802/1074 1060/1261/1074 1062/1262/1074 1061/1263/1074
f 1061/1263/1075 1062/1262/1075 1064/1264/1075 1063/1265/1075
f 1063/1265/1076 1064/1264/1076 1066/1266/1076 1065/1267/1076
f 1065/1267/1077 1066/1266/1077 1068/1268/1077 1067/1269/1077
f 1067/1269/1078 1068/1268/1078 1070/1270/1078 1069/1271/1078
f 1069/1271/1079 1070/1270/1079 1072/1272/1079 1071/1273/1079
f 1071/1273/1080 1072/1272/1080 1074/1274/1080 1073/1275/1080
f 1073/1275/1081 1074/1274/1081 1076/1276/1081 1075/1277/1081
f 1075/1277/1082 1076/1276/1082 1078/1278/1082 1077/1279/1082
f 1077/1279/1083 1078/1278/1083 1080/1280/1083 1079/1281/1083
f 1079/1281/1084 1080/1280/1084 1082/1282/1084 1081/1283/1084
f 1081/1283/1085 1082/1282/1085 1084/1284/1085 1083/1285/1085
f 1083/1285/1086 1084/1284/1086 1086/1286/1086 1085/1287/1086
f 1085/1287/1087 1086/1286/1087 1088/1288/1087 1087/1289/1087
f 1087/1289/1088 1088/1288/1088 1090/1290/1088 1089/1291/1088
f 1032/1292/1089 1030/1293/1089 1092/1294/1089 1090/1295/1089 1088/1296/1089 1086/1297/1089 1084/1298/1089 1082/1299/1089 1080/1300/1089 1078/1301/1089 1076/1302/1089 1074/1303/1089 1072/1304/1089 1070/1305/1089 1068/1306/1089 1066/1307/1089 1064/1308/1089 1062/1309/1089 1060/1310/1089 1058/1311/1089 1056/1312/1089 1054/1313/1089 1052/1314/1089 1050/1315/1089 1048/1316/1089 1046/1317/1089 1044/1318/1089 1042/1319/1089 1040/1320/1089 1038/1321/1089 1036/1322/1089 1034/1323/1089
f 1089/1291/1090 1090/1290/1090 1092/1324/1090 1091/1325/1090
f 1091/1325/1091 1092/1324/1091 1030/1326/1091 1029/1087/1091
f 1029/1327/1092 1031/1328/1092 1033/1329/1092 1035/1330/1092 1037/1331/1092 1039/1332/1092 1041/1333/1092 1043/1334/1092 1045/1335/1092 1047/1336/1092 1049/1337/1092 1051/1338/1092 1053/1339/1092 1055/1340/1092 1057/1341/1092 1059/1342/1092 1061/1343/1092 1063/1344/1092 1065/1345/1092 1067/1346/1092 1069/1347/1092 1071/1348/1092 1073/1349/1092 1075/1350/1092 1077/1351/1092 1079/1352/1092 1081/1353/1092 1083/1354/1092 1085/1355/1092 1087/1356/1092 1089/1357/1092 1091/1358/1092
o Sphere.002
v -0.495351 3.352453 1.363585
v -0.498585 3.372903 1.130688
v -0.488978 3.312146 0.986090
v -0.471458 3.201357 0.876037
v -0.460528 3.132238 0.839485
v -0.448694 3.057403 0.817286
v -0.424152 2.902200 0.818781
v -0.378668 2.614570 1.062436
v -0.483591 3.376215 1.289220
v -0.470039 3.384887 1.211927
v -0.455219 3.378133 1.134676
v -0.439699 3.356215 1.060435
v -0.424076 3.319973 0.992057
v -0.408949 3.270802 0.932171
v -0.394901 3.210590 0.883077
v -0.382471 3.141652 0.846662
v -0.372137 3.066636 0.824326
v -0.364296 2.988426 0.816926
v -0.359250 2.910028 0.824748
v -0.357191 2.834453 0.847491
v -0.358200 2.764606 0.884280
v -0.362238 2.703172 0.933702
v -0.369149 2.652511 0.993858
v -0.468771 3.376866 1.293367
v -0.440970 3.386163 1.220062
v -0.413017 3.379987 1.146485
v -0.385986 3.358574 1.075465
v -0.360916 3.322748 1.009731
v -0.338770 3.273885 0.951808
v -0.320400 3.213863 0.903924
v -0.306510 3.144989 0.867918
v -0.297636 3.069909 0.845173
v -0.294117 2.991509 0.836564
v -0.296090 2.912802 0.842422
v -0.303479 2.836812 0.862521
v -0.315998 2.766460 0.896089
v -0.333169 2.704449 0.941837
v -0.354330 2.653162 0.998005
v -0.454930 3.376307 1.300101
v -0.413821 3.385066 1.233271
v -0.373602 3.378393 1.165662
v -0.335820 3.356546 1.099873
v -0.301927 3.320363 1.038431
v -0.273225 3.271235 0.983698
v -0.250817 3.211050 0.937778
v -0.235564 3.142120 0.902435
v -0.228053 3.067096 0.879027
v -0.228572 2.988859 0.868454
v -0.237101 2.910417 0.871122
v -0.253312 2.834784 0.886928
v -0.276583 2.764866 0.915266
v -0.306019 2.703351 0.955046
v -0.340489 2.652602 1.004739
v -0.442600 3.374558 1.309164
v -0.389633 3.381635 1.251047
v -0.338487 3.373413 1.191470
v -0.291128 3.350207 1.132720
v -0.249374 3.312910 1.077055
v -0.214831 3.262953 1.026615
v -0.188827 3.202258 0.983338
v -0.172359 3.133157 0.948888
v -0.166063 3.058304 0.924587
v -0.170178 2.980578 0.911371
v -0.184548 2.902964 0.909746
v -0.208620 2.828445 0.919775
v -0.241468 2.759886 0.941074
v -0.281831 2.699921 0.972823
v -0.328158 2.650853 1.013802
v -0.432253 3.371687 1.320206
v -0.369338 3.376004 1.272709
v -0.309023 3.365238 1.222916
v -0.253627 3.339803 1.172744
v -0.205278 3.300675 1.124119
v -0.165834 3.249359 1.078909
v -0.136811 3.187826 1.038854
v -0.119325 3.118442 1.005491
v -0.114047 3.043872 0.980103
v -0.121181 2.966983 0.963665
v -0.140452 2.890729 0.956810
v -0.171119 2.818041 0.959800
v -0.212004 2.751711 0.972521
v -0.261536 2.694290 0.994484
v -0.317812 2.647983 1.024844
v -0.424289 3.367805 1.332805
v -0.353715 3.368389 1.297421
v -0.286341 3.354183 1.258794
v -0.224758 3.325731 1.218407
v -0.171332 3.284129 1.177813
v -0.128116 3.230974 1.138571
v -0.096770 3.168309 1.102190
v -0.078499 3.098542 1.070068
v -0.074006 3.024355 1.043439
v -0.083463 2.948598 1.023327
v -0.106506 2.874183 1.010504
v -0.142251 2.803969 1.005463
v -0.189322 2.740655 1.008398
v -0.245913 2.686674 1.019196
v -0.309847 2.644100 1.037443
v -0.419012 3.363060 1.346475
v -0.343364 3.359082 1.324236
v -0.271314 3.340671 1.297723
v -0.205632 3.308534 1.267955
v -0.148842 3.263907 1.236075
v -0.103126 3.208504 1.203308
v -0.070241 3.144456 1.170915
v -0.051451 3.074222 1.140139
v -0.047477 3.000502 1.112164
v -0.058473 2.926129 1.088064
v -0.084016 2.853961 1.068766
v -0.123124 2.786772 1.055011
v -0.174295 2.727144 1.047328
v -0.235562 2.677367 1.046011
v -0.304570 2.639356 1.051113
v -0.416625 3.357636 1.360691
v -0.338683 3.348441 1.352123
v -0.264519 3.325222 1.338208
v -0.196983 3.288872 1.319482
v -0.138672 3.240787 1.296665
v -0.091826 3.182815 1.270633
v -0.058245 3.117183 1.242386
v -0.039219 3.046415 1.213011
v -0.035481 2.973230 1.183635
v -0.047173 2.900439 1.155388
v -0.073846 2.830841 1.129356
v -0.114475 2.767110 1.106538
v -0.167500 2.711695 1.087813
v -0.230881 2.666726 1.073898
v -0.302184 2.633931 1.065329
v -0.417221 3.351739 1.374908
v -0.339852 3.336875 1.380010
v -0.266216 3.308431 1.378693
v -0.199144 3.267501 1.371010
v -0.141212 3.215657 1.357255
v -0.094648 3.154892 1.337957
v -0.061241 3.087541 1.313857
v -0.042274 3.016191 1.285882
v -0.038477 2.943587 1.255106
v -0.049995 2.872516 1.222712
v -0.076386 2.805711 1.189946
v -0.116636 2.745739 1.158066
v -0.169197 2.694904 1.128298
v -0.232050 2.655160 1.101785
v -0.302780 2.628035 1.079546
v -0.420777 3.345598 1.388578
v -0.346826 3.324828 1.406824
v -0.276341 3.290942 1.417623
v -0.212030 3.245241 1.420558
v -0.156366 3.189482 1.415517
v -0.111486 3.125808 1.402694
v -0.079116 3.056666 1.382582
v -0.060499 2.984712 1.355953
v -0.056352 2.912712 1.323830
v -0.066833 2.843433 1.287449
v -0.091540 2.779537 1.248208
v -0.129522 2.723480 1.207614
v -0.179322 2.677415 1.167227
v -0.239024 2.643114 1.128600
v -0.306335 2.621893 1.093216
v -0.427155 3.339447 1.401176
v -0.359337 3.312764 1.431537
v -0.294505 3.273427 1.453500
v -0.235148 3.222949 1.466221
v -0.183549 3.163270 1.469211
v -0.141691 3.096682 1.462356
v -0.111181 3.025746 1.445918
v -0.093193 2.953186 1.420530
v -0.088417 2.881792 1.387167
v -0.097038 2.814307 1.347111
v -0.118723 2.753324 1.301902
v -0.152640 2.701187 1.253277
v -0.197486 2.659900 1.203104
v -0.251536 2.631049 1.153312
v -0.312713 2.615743 1.105815
v -0.436111 3.333525 1.412219
v -0.376905 3.301146 1.453198
v -0.320009 3.256560 1.484947
v -0.267609 3.201481 1.506245
v -0.221719 3.138026 1.516275
v -0.184103 3.068633 1.514650
v -0.156205 2.995969 1.501434
v -0.139099 2.922826 1.477133
v -0.133442 2.852015 1.442682
v -0.139450 2.786258 1.399406
v -0.156893 2.728080 1.348966
v -0.185101 2.679719 1.293301
v -0.222990 2.643033 1.234551
v -0.269103 2.619431 1.174973
v -0.321669 2.609820 1.116857
v -0.447300 3.328057 1.421282
v -0.398854 3.290420 1.470975
v -0.351874 3.240988 1.510755
v -0.308165 3.181662 1.539092
v -0.269408 3.114722 1.554899
v -0.237092 3.042738 1.557567
v -0.212458 2.968479 1.546994
v -0.196454 2.894798 1.523586
v -0.189694 2.824525 1.488243
v -0.192439 2.760363 1.442322
v -0.204582 2.704776 1.387590
v -0.225657 2.659900 1.326148
v -0.254855 2.627461 1.260359
v -0.291052 2.608705 1.192750
v -0.332859 2.604352 1.125920
v -0.460293 3.323254 1.428016
v -0.424340 3.280998 1.484184
v -0.388874 3.227311 1.529932
v -0.355258 3.164254 1.563500
v -0.324783 3.094252 1.583599
v -0.298622 3.019993 1.589457
v -0.277778 2.944333 1.580848
v -0.263054 2.870179 1.558103
v -0.255014 2.800380 1.522097
v -0.253969 2.737618 1.474212
v -0.259957 2.684306 1.416290
v -0.272750 2.642492 1.350556
v -0.291855 2.613784 1.279536
v -0.316539 2.599283 1.205959
v -0.345852 2.599549 1.132654
v -0.474590 3.319300 1.432162
v -0.452385 3.273244 1.492318
v -0.429589 3.216053 1.541741
v -0.407078 3.149925 1.578530
v -0.385717 3.077403 1.601273
v -0.366328 3.001272 1.609095
v -0.349654 2.924459 1.601695
v -0.336338 2.849915 1.579359
v -0.326890 2.780505 1.542944
v -0.321675 2.718897 1.493850
v -0.320891 2.667457 1.433964
v -0.324570 2.628164 1.365586
v -0.332570 2.602526 1.291345
v -0.344583 2.591529 1.214093
v -0.360149 2.595596 1.136801
v -0.489642 3.316349 1.433563
v -0.481910 3.267454 1.495065
v -0.472453 3.207647 1.545728
v -0.461633 3.139227 1.583605
v -0.449868 3.064823 1.607240
v -0.437608 2.987294 1.615726
v -0.425325 2.909620 1.608734
v -0.413491 2.834785 1.586536
v -0.402561 2.765666 1.549983
v -0.392955 2.704919 1.500481
v -0.385042 2.654877 1.439931
v -0.379126 2.617465 1.370661
v -0.375434 2.594120 1.295332
v -0.374109 2.585739 1.216840
v -0.375200 2.592644 1.138201
v -0.504870 3.314512 1.432162
v -0.511781 3.263851 1.492318
v -0.515819 3.202417 1.541741
v -0.516828 3.132570 1.578530
v -0.514770 3.056995 1.601273
v -0.509723 2.978597 1.609095
v -0.501882 2.900387 1.601695
v -0.491548 2.825371 1.579359
v -0.479118 2.756433 1.542944
v -0.465070 2.696221 1.493850
v -0.449944 2.647050 1.433964
v -0.434320 2.610808 1.365586
v -0.418800 2.588890 1.291345
v -0.403980 2.582136 1.214093
v -0.390429 2.590807 1.136801
v -0.519690 3.313861 1.428016
v -0.540850 3.262574 1.484184
v -0.558021 3.200563 1.529932
v -0.570541 3.130211 1.563500
v -0.577929 3.054221 1.583599
v -0.579902 2.975514 1.589457
v -0.576384 2.897114 1.580848
v -0.567509 2.822034 1.558103
v -0.553620 2.753160 1.522097
v -0.535249 2.693138 1.474212
v -0.513103 2.644275 1.416290
v -0.488033 2.608449 1.350556
v -0.461002 2.587036 1.279536
v -0.433049 2.580859 1.205959
v -0.405248 2.590157 1.132654
v -0.533530 3.314421 1.421282
v -0.568000 3.263672 1.470975
v -0.597436 3.202157 1.510755
v -0.620707 3.132239 1.539092
v -0.636918 3.056606 1.554899
v -0.645447 2.978164 1.557567
v -0.645966 2.899927 1.546994
v -0.638455 2.824903 1.523586
v -0.623202 2.755973 1.488242
v -0.600794 2.695788 1.442322
v -0.572092 2.646660 1.387590
v -0.538199 2.610477 1.326148
v -0.500417 2.588630 1.260359
v -0.460199 2.581957 1.192750
v -0.419089 2.590716 1.125920
v -0.545861 3.316170 1.412219
v -0.592188 3.267102 1.453198
v -0.632551 3.207137 1.484947
v -0.665399 3.138577 1.506245
v -0.689471 3.064059 1.516275
v -0.703841 2.986445 1.514650
v -0.707956 2.908719 1.501433
v -0.701660 2.833867 1.477133
v -0.685193 2.764765 1.442682
v -0.659188 2.704070 1.399406
v -0.624645 2.654113 1.348966
v -0.582892 2.616816 1.293301
v -0.535532 2.593610 1.234551
v -0.484386 2.585387 1.174973
v -0.431419 2.592465 1.116857
v -0.556208 3.319040 1.401176
v -0.612483 3.272733 1.431537
v -0.662015 3.215312 1.453500
v -0.702900 3.148982 1.466221
v -0.733567 3.076294 1.469211
v -0.752838 3.000040 1.462356
v -0.759972 2.923151 1.445918
v -0.754694 2.848581 1.420530
v -0.737208 2.779197 1.387167
v -0.708185 2.717664 1.347111
v -0.668741 2.666348 1.301902
v -0.620392 2.627220 1.253277
v -0.564996 2.601785 1.203104
v -0.504681 2.591018 1.153312
v -0.441766 2.595335 1.105814
v -0.564172 3.322922 1.388578
v -0.628106 3.280349 1.406824
v -0.684697 3.226367 1.417623
v -0.731768 3.163054 1.420558
v -0.767513 3.092840 1.415517
v -0.790556 3.018425 1.402694
v -0.800013 2.942668 1.382581
v -0.795520 2.868481 1.355952
v -0.777249 2.798714 1.323830
v -0.745903 2.736049 1.287449
v -0.702687 2.682894 1.248208
v -0.649261 2.641292 1.207614
v -0.587678 2.612840 1.167227
v -0.520305 2.598634 1.128600
v -0.449731 2.599218 1.093216
v -0.569449 3.327667 1.374908
v -0.638457 3.289656 1.380009
v -0.699724 3.239879 1.378693
v -0.750895 3.180251 1.371010
v -0.790003 3.113062 1.357255
v -0.815546 3.040894 1.337957
v -0.826542 2.966521 1.313857
v -0.822568 2.892801 1.285882
v -0.803778 2.822567 1.255106
v -0.770893 2.758518 1.222712
v -0.725177 2.703116 1.189946
v -0.668387 2.658489 1.158066
v -0.602705 2.626352 1.128298
v -0.530656 2.607941 1.101785
v -0.455007 2.603962 1.079546
v -0.571835 3.333092 1.360691
v -0.643138 3.300297 1.352123
v -0.706519 3.255327 1.338208
v -0.759544 3.199913 1.319482
v -0.800173 3.136182 1.296665
v -0.826846 3.066584 1.270633
v -0.838538 2.993793 1.242386
v -0.834800 2.920608 1.213010
v -0.815774 2.849839 1.183635
v -0.782193 2.784208 1.155388
v -0.735347 2.726236 1.129356
v -0.677036 2.678151 1.106538
v -0.609500 2.641800 1.087812
v -0.535336 2.618582 1.073898
v -0.457394 2.609387 1.065329
v -0.571239 3.338988 1.346475
v -0.641969 3.311863 1.324236
v -0.704822 3.272119 1.297723
v -0.757383 3.221284 1.267955
v -0.797633 3.161312 1.236075
v -0.824024 3.094507 1.203308
v -0.835542 3.023436 1.170915
v -0.831744 2.950831 1.140139
v -0.812778 2.879483 1.112164
v -0.779371 2.812131 1.088064
v -0.732807 2.751366 1.068766
v -0.674875 2.699522 1.055011
v -0.607803 2.658592 1.047327
v -0.534167 2.630148 1.046011
v -0.456798 2.615283 1.051113
v -0.567684 3.345129 1.332805
v -0.634995 3.323909 1.297421
v -0.694697 3.289608 1.258794
v -0.744497 3.243543 1.218407
v -0.782480 3.187486 1.177813
v -0.807186 3.123590 1.138572
v -0.817667 3.054311 1.102190
v -0.813520 2.982311 1.070068
v -0.794903 2.910357 1.043439
v -0.762533 2.841214 1.023327
v -0.717654 2.777540 1.010504
v -0.661989 2.721781 1.005463
v -0.597678 2.676081 1.008398
v -0.527193 2.642195 1.019196
v -0.453242 2.621425 1.037443
v -0.561306 3.351280 1.320206
v -0.622483 3.335974 1.272709
v -0.676533 3.307123 1.222916
v -0.721379 3.265836 1.172744
v -0.755296 3.213699 1.124119
v -0.776981 3.152716 1.078909
v -0.785602 3.085231 1.038854
v -0.780826 3.013837 1.005491
v -0.762838 2.941277 0.980102
v -0.732328 2.870341 0.963665
v -0.690470 2.803753 0.956810
v -0.638871 2.744074 0.959800
v -0.579514 2.693596 0.972521
v -0.514682 2.654259 0.994484
v -0.446864 2.627575 1.024844
v -0.552350 3.357203 1.309164
v -0.604916 3.347592 1.251048
v -0.651029 3.323990 1.191470
v -0.688918 3.287303 1.132720
v -0.717126 3.238943 1.077055
v -0.734569 3.180765 1.026615
v -0.740577 3.115008 0.983338
v -0.734920 3.044197 0.948888
v -0.717814 2.971054 0.924587
v -0.689916 2.898390 0.911371
v -0.652300 2.828997 0.909746
v -0.606410 2.765542 0.919775
v -0.554010 2.710463 0.941074
v -0.497114 2.665877 0.972823
v -0.437908 2.633498 1.013802
v -0.541160 3.362671 1.300101
v -0.582967 3.358318 1.233271
v -0.619164 3.339562 1.165662
v -0.648362 3.307122 1.099873
v -0.669437 3.262247 1.038431
v -0.681580 3.206660 0.983699
v -0.684325 3.142498 0.937778
v -0.677565 3.072225 0.902435
v -0.661561 2.998544 0.879027
v -0.636927 2.924284 0.868454
v -0.604611 2.852301 0.871122
v -0.565854 2.785361 0.886928
v -0.522145 2.726035 0.915266
v -0.475165 2.676603 0.955046
v -0.426719 2.638966 1.004739
v -0.528168 3.367474 1.293367
v -0.557481 3.367739 1.220062
v -0.582164 3.353239 1.146485
v -0.601269 3.324531 1.075465
v -0.614062 3.282717 1.009731
v -0.620050 3.229405 0.951809
v -0.619005 3.166643 0.903924
v -0.610965 3.096844 0.867918
v -0.596241 3.022690 0.845173
v -0.575397 2.947030 0.836564
v -0.549236 2.872771 0.842422
v -0.518761 2.802769 0.862521
v -0.485145 2.739712 0.896089
v -0.449679 2.686025 0.941837
v -0.413726 2.643769 0.998005
v -0.513870 3.371427 1.289220
v -0.529436 3.375494 1.211927
v -0.541449 3.364497 1.134676
v -0.549449 3.338859 1.060435
v -0.553128 3.299566 0.992057
v -0.552345 3.248126 0.932171
v -0.547129 3.186518 0.883077
v -0.537681 3.117108 0.846662
v -0.524365 3.042564 0.824326
v -0.507692 2.965751 0.816926
v -0.488302 2.889620 0.824748
v -0.466941 2.817097 0.847491
v -0.444430 2.750970 0.884280
v -0.421634 2.693779 0.933702
v -0.399429 2.647722 0.993858
v -0.498819 3.374379 1.287820
v -0.499911 3.381284 1.209181
v -0.494894 3.349558 1.055360
v -0.481064 3.262104 0.925540
v -0.436411 2.979729 0.810295
v -0.412386 2.827796 0.842416
v -0.401566 2.759376 0.880293
v -0.392109 2.699569 0.930956
v -0.384377 2.650674 0.992458
v 0.019999 0.093491 -0.210906
v -0.462468 3.144504 1.034289
v 0.063937 0.098790 -0.206866
v -0.418529 3.149803 1.038329
v 0.106696 0.100669 -0.194901
v -0.375770 3.151682 1.050294
v 0.146632 0.099054 -0.175471
v -0.335835 3.150067 1.069724
v 0.182210 0.094008 -0.149323
v -0.300256 3.145021 1.095872
v 0.212063 0.085725 -0.117461
v -0.270403 3.136739 1.127734
v 0.235044 0.074523 -0.081110
v -0.247422 3.125537 1.164085
v 0.250270 0.060833 -0.041667
v -0.232197 3.111847 1.203528
v 0.257155 0.045181 -0.000647
v -0.225311 3.096195 1.244548
v 0.255435 0.028168 0.040372
v -0.227031 3.079181 1.285568
v 0.245177 0.010448 0.079816
v -0.237290 3.061461 1.325011
v 0.226773 -0.007298 0.116167
v -0.255693 3.043715 1.361362
v 0.200932 -0.024388 0.148029
v -0.281534 3.026625 1.393224
v 0.168647 -0.040165 0.174177
v -0.313819 3.010848 1.419372
v 0.131158 -0.054023 0.193607
v -0.351309 2.996990 1.438802
v 0.089906 -0.065430 0.205572
v -0.392561 2.985584 1.450767
v 0.046476 -0.073946 0.209612
v -0.435990 2.977067 1.454807
v 0.002537 -0.079246 0.205572
v -0.479929 2.971768 1.450767
v -0.040221 -0.081124 0.193607
v -0.522688 2.969889 1.438802
v -0.080157 -0.079509 0.174177
v -0.562624 2.971504 1.419372
v -0.115735 -0.074464 0.148029
v -0.598202 2.976550 1.393224
v -0.145589 -0.066181 0.116167
v -0.628055 2.984833 1.361362
v -0.168570 -0.054979 0.079816
v -0.651036 2.996034 1.325011
v -0.183795 -0.041289 0.040372
v -0.666262 3.009724 1.285568
v -0.190681 -0.025637 -0.000647
v -0.673147 3.025377 1.244548
v -0.188961 -0.008624 -0.041667
v -0.671427 3.042390 1.203528
v -0.178702 0.009097 -0.081110
v -0.661169 3.060110 1.164085
v -0.160299 0.026843 -0.117461
v -0.642765 3.077856 1.127734
v -0.134458 0.043932 -0.149323
v -0.616924 3.094946 1.095872
v -0.102172 0.059710 -0.175471
v -0.584639 3.110723 1.069724
v -0.064683 0.073568 -0.194901
v -0.547150 3.124581 1.050294
v -0.023431 0.084974 -0.206866
v -0.505898 3.135988 1.038329
vn 0.0789 0.1017 -0.9917
vn -0.1093 0.9882 -0.1074
vn 0.1022 -0.0922 -0.9905
vn -0.0871 0.9503 -0.2988
vn 0.1216 -0.2830 -0.9514
vn -0.0617 0.8760 -0.4784
vn 0.1364 -0.4632 -0.8757
vn -0.0339 0.7682 -0.6393
vn 0.1459 -0.6259 -0.7661
vn -0.0048 0.6312 -0.7756
vn 0.1499 -0.7647 -0.6268
vn 0.0244 0.4704 -0.8821
vn -0.1403 0.9493 0.2812
vn 0.1480 -0.8739 -0.4630
vn 0.0526 0.2916 -0.9551
vn -0.1273 0.9879 0.0885
vn 0.1669 -0.8724 -0.4595
vn 0.2439 0.3075 -0.9198
vn -0.0713 0.9925 0.0989
vn 0.2629 0.1170 -0.9577
vn -0.0184 0.9957 -0.0906
vn 0.2718 -0.0782 -0.9592
vn 0.0351 0.9605 -0.2762
vn 0.2704 -0.2707 -0.9239
vn 0.0872 0.8883 -0.4509
vn 0.2586 -0.4531 -0.8531
vn 0.1358 0.7822 -0.6080
vn 0.2368 -0.6184 -0.7493
vn 0.1791 0.6465 -0.7416
vn 0.2059 -0.7600 -0.6164
vn 0.2156 0.4862 -0.8468
vn -0.1214 0.9509 0.2847
vn 0.3752 -0.4527 -0.8089
vn 0.2976 0.7828 -0.5466
vn 0.3236 -0.6181 -0.7164
vn 0.3546 0.6470 -0.6750
vn 0.2593 -0.7599 -0.5961
vn 0.3980 0.4868 -0.7776
vn -0.1034 0.9510 0.2915
vn 0.1849 -0.8723 -0.4526
vn 0.4263 0.3080 -0.8505
vn -0.0178 0.9927 0.1191
vn 0.4383 0.1175 -0.8911
vn 0.0683 0.9960 -0.0577
vn 0.4336 -0.0777 -0.8977
vn 0.1517 0.9608 -0.2320
vn 0.4124 -0.2702 -0.8700
vn 0.2291 0.8888 -0.3970
vn 0.0310 0.9884 0.1486
vn 0.5985 0.1034 -0.7944
vn 0.1475 0.9890 -0.0099
vn 0.5814 -0.0907 -0.8086
vn 0.2582 0.9514 -0.1677
vn 0.5420 -0.2816 -0.7918
vn 0.3587 0.8773 -0.3188
vn 0.4817 -0.4621 -0.7446
vn 0.4453 0.7697 -0.4574
vn 0.4028 -0.6251 -0.6686
vn 0.5148 0.6329 -0.5783
vn 0.3081 -0.7642 -0.5667
vn 0.5646 0.4721 -0.6771
vn -0.0869 0.9495 0.3015
vn 0.2014 -0.8738 -0.4427
vn 0.5928 0.2934 -0.7500
vn 0.5733 0.7437 -0.3439
vn 0.4714 -0.6391 -0.6078
vn 0.6536 0.6046 -0.4552
vn 0.3504 -0.7728 -0.5292
vn 0.7089 0.4427 -0.5491
vn -0.0726 0.9466 0.3141
vn 0.2157 -0.8767 -0.4300
vn 0.7371 0.2640 -0.6221
vn 0.0732 0.9798 0.1861
vn 0.7373 0.0751 -0.6713
vn 0.2161 0.9750 0.0510
vn 0.7094 -0.1168 -0.6950
vn 0.3504 0.9326 -0.0859
vn 0.6543 -0.3045 -0.6922
vn 0.4710 0.8544 -0.2192
vn 0.5740 -0.4809 -0.6628
vn 0.8494 0.0338 -0.5266
vn 0.2715 0.9546 0.1225
vn 0.8128 -0.1549 -0.5616
vn 0.4249 0.9052 0.0103
vn 0.7450 -0.3380 -0.5751
vn 0.5617 0.8210 -0.1021
vn 0.6485 -0.5084 -0.5666
vn 0.6767 0.7055 -0.2104
vn 0.5268 -0.6595 -0.5363
vn 0.7657 0.5633 -0.3105
vn 0.3845 -0.7854 -0.4851
vn 0.8254 0.3997 -0.3987
vn -0.0611 0.9424 0.3290
vn 0.2272 -0.8809 -0.4151
vn 0.8537 0.2210 -0.4716
vn 0.1074 0.9672 0.2302
vn 0.5668 -0.6856 -0.4568
vn 0.8468 0.5105 -0.1497
vn 0.4092 -0.8015 -0.4361
vn 0.9097 0.3448 -0.2315
vn -0.0527 0.9369 0.3455
vn 0.2356 -0.8864 -0.3986
vn 0.9379 0.1661 -0.3044
vn 0.1321 0.9511 0.2791
vn 0.9305 -0.0190 -0.3658
vn 0.3116 0.9285 0.2020
vn 0.8875 -0.2036 -0.4133
vn 0.4788 0.8701 0.1172
vn 0.8106 -0.3807 -0.4450
vn 0.6273 0.7783 0.0280
vn 0.7023 -0.5435 -0.4597
vn 0.7515 0.6568 -0.0621
vn 0.3348 0.8977 0.2864
vn 0.9308 -0.2610 -0.2558
vn 0.5100 0.8287 0.2306
vn 0.8485 -0.4311 -0.3069
vn 0.6653 0.7279 0.1661
vn 0.7335 -0.5848 -0.3463
vn 0.7947 0.5994 0.0953
vn 0.5900 -0.7164 -0.3724
vn 0.8937 0.4482 0.0210
vn 0.4235 -0.8204 -0.3841
vn 0.9585 0.2801 -0.0540
vn -0.0479 0.9305 0.3631
vn 0.2404 -0.8928 -0.3810
vn 0.9867 0.1014 -0.1269
vn 0.1464 0.9322 0.3311
vn 0.9774 -0.0813 -0.1951
vn 0.9046 0.3789 0.1951
vn 0.4268 -0.8415 -0.3311
vn 0.9698 0.2080 0.1269
vn -0.0468 0.9234 0.3810
vn 0.2415 -0.8999 -0.3631
vn 0.9981 0.0293 0.0540
vn 0.1497 0.9111 0.3841
vn 0.9884 -0.1506 -0.0210
vn 0.3402 0.8635 0.3724
vn 0.9409 -0.3249 -0.0953
vn 0.5173 0.7826 0.3463
vn 0.8574 -0.4871 -0.1661
vn 0.6741 0.6718 0.3069
vn 0.7408 -0.6309 -0.2306
vn 0.8048 0.5355 0.2558
vn 0.5954 -0.7506 -0.2864
vn 0.9175 -0.3929 0.0621
vn 0.5004 0.7337 0.4597
vn 0.8368 -0.5468 -0.0280
vn 0.6536 0.6122 0.4450
vn 0.7239 -0.6799 -0.1172
vn 0.7814 0.4675 0.4133
vn 0.5829 -0.7871 -0.2020
vn 0.8792 0.3052 0.3658
vn 0.4191 -0.8640 -0.2791
vn 0.9434 0.1314 0.3044
vn -0.0494 0.9158 0.3986
vn 0.2389 -0.9075 -0.3455
vn 0.9717 -0.0473 0.2315
vn 0.1420 0.8886 0.4361
vn 0.9630 -0.2243 0.1497
vn 0.3276 0.8271 0.4568
vn 0.4006 -0.8869 -0.2302
vn 0.8802 0.0532 0.4716
vn -0.0557 0.9081 0.4151
vn 0.2327 -0.9152 -0.3290
vn 0.9085 -0.1255 0.3987
vn 0.1234 0.8657 0.4851
vn 0.9021 -0.2995 0.3105
vn 0.2976 0.7899 0.5363
vn 0.8614 -0.4623 0.2104
vn 0.4600 0.6837 0.5666
vn 0.7876 -0.6076 0.1021
vn 0.6044 0.5513 0.5751
vn 0.6835 -0.7299 -0.0103
vn 0.7253 0.3981 0.5616
vn 0.5528 -0.8242 -0.1225
vn 0.8184 0.2300 0.5266
vn 0.7117 -0.6674 0.2192
vn 0.5284 0.4915 0.6922
vn 0.6211 -0.7790 0.0859
vn 0.6388 0.3300 0.6950
vn 0.5064 -0.8608 -0.0510
vn 0.7245 0.1561 0.6713
vn 0.3720 -0.9094 -0.1861
vn 0.7826 -0.0236 0.6221
vn -0.0653 0.9005 0.4300
vn 0.2230 -0.9228 -0.3141
vn 0.8109 -0.2024 0.5491
vn 0.0949 0.8432 0.5292
vn 0.8083 -0.3734 0.4552
vn 0.2512 0.7533 0.6078
vn 0.7748 -0.5305 0.3439
vn 0.3976 0.6345 0.6628
vn -0.0780 0.8933 0.4427
vn 0.2103 -0.9300 -0.3015
vn 0.6827 -0.2749 0.6771
vn 0.0573 0.8219 0.5667
vn 0.6850 -0.4432 0.5783
vn 0.1902 0.7189 0.6686
vn 0.6611 -0.5948 0.4574
vn 0.3156 0.5882 0.7446
vn 0.6119 -0.7238 0.3188
vn 0.4286 0.4351 0.7918
vn 0.5391 -0.8254 0.1677
vn 0.5250 0.2657 0.8086
vn 0.4455 -0.8952 0.0099
vn 0.6012 0.0863 0.7944
vn 0.3344 -0.9306 -0.1486
vn 0.6544 -0.0961 0.7500
vn 0.3089 0.3843 0.8700
vn 0.4408 -0.8671 0.2320
vn 0.3885 0.2077 0.8977
vn 0.3723 -0.9263 0.0577
vn 0.4532 0.0235 0.8911
vn 0.2893 -0.9498 -0.1191
vn 0.5005 -0.1615 0.8505
vn -0.0932 0.8868 0.4526
vn 0.1951 -0.9365 -0.2915
vn 0.5288 -0.3402 0.7776
vn 0.0122 0.8028 0.5961
vn 0.5369 -0.5061 0.6750
vn 0.1171 0.6878 0.7164
vn 0.5246 -0.6528 0.5466
vn 0.2172 0.5464 0.8089
vn 0.4921 -0.7747 0.3970
vn 0.3551 -0.3959 0.8468
vn -0.0387 0.7865 0.6164
vn 0.3699 -0.5597 0.7416
vn 0.0345 0.6613 0.7493
vn 0.3705 -0.7022 0.6080
vn 0.1062 0.5108 0.8531
vn 0.3570 -0.8181 0.4509
vn 0.1737 0.3409 0.9239
vn 0.3297 -0.9028 0.2762
vn 0.2344 0.1583 0.9592
vn 0.2897 -0.9528 0.0906
vn 0.2861 -0.0302 0.9577
vn 0.2385 -0.9661 -0.0989
vn 0.3268 -0.2172 0.9198
vn -0.1104 0.8813 0.4595
vn 0.1779 -0.9420 -0.2847
vn 0.2103 -0.9309 0.2988
vn 0.0687 0.1193 0.9905
vn 0.2009 -0.9737 0.1074
vn 0.1065 -0.0724 0.9917
vn 0.1837 -0.9790 -0.0885
vn 0.1401 -0.2612 0.9551
vn -0.1289 0.8770 0.4630
vn 0.1594 -0.9463 -0.2812
vn 0.1683 -0.4399 0.8821
vn -0.0934 0.7736 0.6268
vn 0.1902 -0.6019 0.7756
vn -0.0543 0.6404 0.7661
vn 0.2048 -0.7412 0.6393
vn -0.0132 0.4827 0.8757
vn 0.2116 -0.8523 0.4784
vn 0.0284 0.3067 0.9514
vn -0.1499 0.7647 0.6268
vn 0.0048 -0.6312 0.7756
vn -0.1459 0.6259 0.7661
vn 0.0339 -0.7682 0.6393
vn -0.1364 0.4632 0.8757
vn 0.0617 -0.8760 0.4784
vn -0.1216 0.2830 0.9514
vn 0.0871 -0.9503 0.2988
vn -0.1022 0.0922 0.9905
vn 0.1093 -0.9882 0.1074
vn -0.0789 -0.1017 0.9917
vn 0.1273 -0.9879 -0.0885
vn -0.0526 -0.2916 0.9551
vn -0.1480 0.8739 0.4630
vn 0.1403 -0.9493 -0.2812
vn -0.0244 -0.4704 0.8821
vn -0.2718 0.0782 0.9592
vn 0.0184 -0.9957 0.0906
vn -0.2629 -0.1170 0.9577
vn 0.0713 -0.9925 -0.0989
vn -0.2439 -0.3075 0.9198
vn -0.1669 0.8724 0.4595
vn 0.1214 -0.9509 -0.2847
vn -0.2156 -0.4862 0.8468
vn -0.2059 0.7600 0.6164
vn -0.1791 -0.6465 0.7416
vn -0.2368 0.6184 0.7493
vn -0.1358 -0.7822 0.6080
vn -0.2586 0.4531 0.8531
vn -0.0872 -0.8883 0.4509
vn -0.2704 0.2707 0.9239
vn -0.0351 -0.9605 0.2762
vn -0.3546 -0.6470 0.6750
vn -0.3236 0.6181 0.7164
vn -0.2976 -0.7828 0.5466
vn -0.3752 0.4527 0.8089
vn -0.2291 -0.8888 0.3970
vn -0.4124 0.2702 0.8700
vn -0.1517 -0.9608 0.2320
vn -0.4336 0.0777 0.8977
vn -0.0683 -0.9960 0.0577
vn -0.4383 -0.1175 0.8911
vn 0.0178 -0.9927 -0.1191
vn -0.4263 -0.3080 0.8505
vn -0.1849 0.8723 0.4526
vn 0.1034 -0.9510 -0.2915
vn -0.3980 -0.4868 0.7776
vn -0.2593 0.7599 0.5961
vn -0.1475 -0.9890 0.0099
vn -0.5985 -0.1034 0.7944
vn -0.0310 -0.9884 -0.1486
vn -0.5928 -0.2934 0.7500
vn -0.2014 0.8738 0.4427
vn 0.0869 -0.9495 -0.3015
vn -0.5646 -0.4721 0.6771
vn -0.3081 0.7642 0.5667
vn -0.5148 -0.6329 0.5783
vn -0.4028 0.6251 0.6686
vn -0.4453 -0.7697 0.4574
vn -0.4817 0.4621 0.7446
vn -0.3587 -0.8773 0.3188
vn -0.5420 0.2816 0.7918
vn -0.2582 -0.9514 0.1677
vn -0.5814 0.0907 0.8086
vn -0.5733 -0.7437 0.3439
vn -0.5740 0.4809 0.6628
vn -0.4710 -0.8544 0.2192
vn -0.6543 0.3045 0.6922
vn -0.3504 -0.9326 0.0859
vn -0.7094 0.1168 0.6950
vn -0.2161 -0.9750 -0.0510
vn -0.7373 -0.0751 0.6713
vn -0.0732 -0.9798 -0.1861
vn -0.7371 -0.2640 0.6220
vn -0.2157 0.8767 0.4300
vn 0.0726 -0.9466 -0.3141
vn -0.7089 -0.4427 0.5491
vn -0.3504 0.7728 0.5292
vn -0.6536 -0.6046 0.4552
vn -0.4714 0.6391 0.6078
vn -0.1074 -0.9672 -0.2302
vn -0.8537 -0.2210 0.4716
vn -0.2272 0.8809 0.4151
vn 0.0611 -0.9424 -0.3290
vn -0.8254 -0.3997 0.3987
vn -0.3845 0.7854 0.4851
vn -0.7657 -0.5633 0.3105
vn -0.5268 0.6595 0.5363
vn -0.6767 -0.7055 0.2104
vn -0.6485 0.5084 0.5666
vn -0.5617 -0.8210 0.1021
vn -0.7450 0.3380 0.5751
vn -0.4249 -0.9052 -0.0103
vn -0.8128 0.1549 0.5616
vn -0.2715 -0.9546 -0.1225
vn -0.8494 -0.0338 0.5266
vn -0.7023 0.5435 0.4597
vn -0.6273 -0.7783 -0.0280
vn -0.8106 0.3807 0.4450
vn -0.4788 -0.8701 -0.1172
vn -0.8875 0.2036 0.4133
vn -0.3116 -0.9285 -0.2020
vn -0.9305 0.0190 0.3658
vn -0.1321 -0.9511 -0.2791
vn -0.9379 -0.1661 0.3044
vn -0.2356 0.8864 0.3986
vn 0.0527 -0.9369 -0.3455
vn -0.9097 -0.3448 0.2315
vn -0.4092 0.8015 0.4361
vn -0.8468 -0.5105 0.1497
vn -0.5668 0.6856 0.4568
vn -0.7515 -0.6568 0.0621
vn -0.9867 -0.1014 0.1269
vn -0.2404 0.8928 0.3810
vn 0.0479 -0.9305 -0.3631
vn -0.9585 -0.2801 0.0540
vn -0.4235 0.8204 0.3841
vn -0.8937 -0.4482 -0.0210
vn -0.5900 0.7164 0.3724
vn -0.7947 -0.5994 -0.0953
vn -0.7335 0.5848 0.3463
vn -0.6653 -0.7279 -0.1661
vn -0.8485 0.4311 0.3069
vn -0.5100 -0.8287 -0.2306
vn -0.9308 0.2610 0.2558
vn -0.3348 -0.8977 -0.2864
vn -0.9774 0.0813 0.1951
vn -0.1464 -0.9322 -0.3311
vn -0.6741 -0.6718 -0.3069
vn -0.8574 0.4871 0.1661
vn -0.5173 -0.7826 -0.3463
vn -0.9409 0.3249 0.0953
vn -0.3402 -0.8635 -0.3724
vn -0.9884 0.1506 0.0210
vn -0.1497 -0.9111 -0.3841
vn -0.9981 -0.0293 -0.0540
vn -0.2415 0.8999 0.3631
vn 0.0468 -0.9234 -0.3810
vn -0.9698 -0.2080 -0.1269
vn -0.4268 0.8415 0.3311
vn -0.9046 -0.3789 -0.1951
vn -0.5954 0.7506 0.2864
vn -0.8049 -0.5355 -0.2558
vn -0.7408 0.6309 0.2306
vn -0.2389 0.9075 0.3455
vn 0.0494 -0.9158 -0.3986
vn -0.9434 -0.1314 -0.3044
vn -0.4191 0.8640 0.2791
vn -0.8792 -0.3052 -0.3658
vn -0.5829 0.7871 0.2020
vn -0.7814 -0.4675 -0.4133
vn -0.7239 0.6799 0.1172
vn -0.6536 -0.6122 -0.4450
vn -0.8368 0.5467 0.0280
vn -0.5004 -0.7337 -0.4597
vn -0.9175 0.3929 -0.0621
vn -0.3276 -0.8271 -0.4568
vn -0.9630 0.2243 -0.1497
vn -0.1420 -0.8886 -0.4361
vn -0.9717 0.0473 -0.2315
vn -0.7876 0.6076 -0.1021
vn -0.4600 -0.6837 -0.5666
vn -0.8614 0.4623 -0.2104
vn -0.2976 -0.7899 -0.5363
vn -0.9021 0.2995 -0.3105
vn -0.1234 -0.8657 -0.4851
vn -0.9085 0.1255 -0.3987
vn -0.2327 0.9152 0.3290
vn 0.0557 -0.9081 -0.4151
vn -0.8802 -0.0532 -0.4716
vn -0.4006 0.8869 0.2302
vn -0.8184 -0.2300 -0.5266
vn -0.5528 0.8242 0.1225
vn -0.7253 -0.3981 -0.5616
vn -0.6835 0.7299 0.0103
vn -0.6044 -0.5513 -0.5751
vn -0.7826 0.0236 -0.6221
vn -0.3720 0.9094 0.1861
vn -0.7245 -0.1561 -0.6713
vn -0.5064 0.8608 0.0510
vn -0.6388 -0.3300 -0.6950
vn -0.6211 0.7790 -0.0859
vn -0.5284 -0.4915 -0.6922
vn -0.7117 0.6674 -0.2192
vn -0.3976 -0.6345 -0.6628
vn -0.7748 0.5305 -0.3439
vn -0.2512 -0.7533 -0.6078
vn -0.8083 0.3734 -0.4552
vn -0.0949 -0.8432 -0.5292
vn -0.8109 0.2024 -0.5491
vn -0.2230 0.9228 0.3141
vn 0.0653 -0.9005 -0.4300
vn -0.3156 -0.5882 -0.7446
vn -0.6611 0.5948 -0.4574
vn -0.1902 -0.7189 -0.6686
vn -0.6850 0.4432 -0.5783
vn -0.0573 -0.8219 -0.5667
vn -0.6827 0.2749 -0.6771
vn -0.2103 0.9300 0.3015
vn 0.0780 -0.8933 -0.4427
vn -0.6544 0.0961 -0.7500
vn -0.3344 0.9306 0.1486
vn -0.6012 -0.0863 -0.7944
vn -0.4455 0.8952 -0.0099
vn -0.5250 -0.2657 -0.8086
vn -0.5391 0.8254 -0.1677
vn -0.4286 -0.4351 -0.7918
vn -0.6119 0.7238 -0.3188
vn -0.4532 -0.0235 -0.8911
vn -0.3723 0.9263 -0.0577
vn -0.3885 -0.2077 -0.8977
vn -0.4408 0.8671 -0.2320
vn -0.3089 -0.3843 -0.8700
vn -0.4921 0.7747 -0.3970
vn -0.2172 -0.5464 -0.8089
vn -0.5246 0.6528 -0.5466
vn -0.1171 -0.6878 -0.7164
vn -0.5369 0.5061 -0.6750
vn -0.0122 -0.8028 -0.5961
vn -0.5288 0.3402 -0.7776
vn -0.1951 0.9365 0.2915
vn 0.0932 -0.8868 -0.4526
vn -0.5005 0.1615 -0.8505
vn -0.2893 0.9498 0.1191
vn -0.0345 -0.6613 -0.7493
vn -0.3699 0.5597 -0.7416
vn 0.0387 -0.7865 -0.6164
vn -0.3551 0.3959 -0.8468
vn -0.1779 0.9420 0.2847
vn 0.1104 -0.8813 -0.4595
vn -0.3268 0.2172 -0.9198
vn -0.2385 0.9661 0.0989
vn -0.2861 0.0302 -0.9577
vn -0.2897 0.9528 -0.0906
vn -0.2344 -0.1583 -0.9592
vn -0.3297 0.9028 -0.2762
vn -0.1737 -0.3409 -0.9239
vn -0.3570 0.8181 -0.4509
vn -0.1062 -0.5108 -0.8531
vn -0.3705 0.7022 -0.6080
vn -0.2009 0.9737 -0.1074
vn -0.0688 -0.1193 -0.9905
vn -0.2103 0.9309 -0.2988
vn -0.0284 -0.3067 -0.9514
vn -0.2116 0.8523 -0.4784
vn 0.0132 -0.4827 -0.8757
vn -0.2048 0.7412 -0.6393
vn 0.0543 -0.6404 -0.7661
vn -0.1902 0.6019 -0.7756
vn 0.0934 -0.7736 -0.6268
vn -0.1683 0.4399 -0.8821
vn -0.1594 0.9463 0.2812
vn 0.1289 -0.8770 -0.4630
vn -0.1401 0.2612 -0.9551
vn -0.1837 0.9790 0.0885
vn -0.1065 0.0724 -0.9917
vn 0.0387 0.3828 -0.9230
vn 0.2308 0.3987 -0.8875
vn 0.4141 0.3993 -0.8180
vn 0.5815 0.3846 -0.7169
vn 0.7265 0.3550 -0.5884
vn 0.8436 0.3118 -0.4372
vn 0.9282 0.2567 -0.2692
vn 0.9772 0.1916 -0.0909
vn 0.9887 0.1192 0.0909
vn 0.9621 0.0423 0.2692
vn 0.8986 -0.0363 0.4372
vn 0.8006 -0.1135 0.5884
vn 0.6717 -0.1864 0.7169
vn 0.5171 -0.2521 0.8180
vn 0.3426 -0.3081 0.8875
vn 0.1549 -0.3522 0.9230
vn -0.0387 -0.3828 0.9230
vn -0.2308 -0.3987 0.8875
vn -0.4141 -0.3993 0.8180
vn -0.5815 -0.3846 0.7169
vn -0.7265 -0.3550 0.5884
vn -0.8436 -0.3118 0.4372
vn -0.9282 -0.2567 0.2692
vn -0.9772 -0.1916 0.0909
vn -0.9887 -0.1192 -0.0909
vn -0.9621 -0.0423 -0.2692
vn -0.8986 0.0363 -0.4372
vn -0.8006 0.1135 -0.5884
vn -0.6717 0.1864 -0.7169
vn -0.5171 0.2521 -0.8180
vn -0.1449 0.9161 0.3739
vn -0.3426 0.3081 -0.8875
vn -0.1549 0.3522 -0.9230
vn 0.1449 -0.9161 -0.3739
vt 0.750000 0.375000
vt 0.750000 0.437500
vt 0.718750 0.437500
vt 0.718750 0.375000
vt 0.750000 0.812500
vt 0.750000 0.875000
vt 0.718750 0.875000
vt 0.718750 0.812500
vt 0.750000 0.312500
vt 0.718750 0.312500
vt 0.750000 0.750000
vt 0.718750 0.750000
vt 0.750000 0.250000
vt 0.718750 0.250000
vt 0.750000 0.687500
vt 0.718750 0.687500
vt 0.750000 0.187500
vt 0.718750 0.187500
vt 0.750000 0.625000
vt 0.718750 0.625000
vt 0.750000 0.125000
vt 0.718750 0.125000
vt 0.750000 0.562500
vt 0.718750 0.562500
vt 0.750000 0.062500
vt 0.718750 0.062500
vt 0.750000 0.500000
vt 0.718750 0.500000
vt 0.750000 0.937500
vt 0.734375 1.000000
vt 0.718750 0.937500
vt 0.734375 0.000000
vt 0.703125 0.000000
vt 0.687500 0.062500
vt 0.687500 0.500000
vt 0.687500 0.437500
vt 0.687500 0.937500
vt 0.687500 0.875000
vt 0.687500 0.375000
vt 0.687500 0.812500
vt 0.687500 0.312500
vt 0.687500 0.750000
vt 0.687500 0.250000
vt 0.687500 0.687500
vt 0.687500 0.187500
vt 0.687500 0.625000
vt 0.687500 0.125000
vt 0.687500 0.562500
vt 0.703125 1.000000
vt 0.656250 0.250000
vt 0.656250 0.187500
vt 0.656250 0.687500
vt 0.656250 0.625000
vt 0.656250 0.125000
vt 0.656250 0.562500
vt 0.656250 0.062500
vt 0.656250 0.500000
vt 0.671875 1.000000
vt 0.656250 0.937500
vt 0.671875 0.000000
vt 0.656250 0.437500
vt 0.656250 0.875000
vt 0.656250 0.375000
vt 0.656250 0.812500
vt 0.656250 0.312500
vt 0.656250 0.750000
vt 0.625000 0.937500
vt 0.625000 0.875000
vt 0.625000 0.437500
vt 0.625000 0.375000
vt 0.625000 0.812500
vt 0.625000 0.312500
vt 0.625000 0.750000
vt 0.625000 0.250000
vt 0.625000 0.687500
vt 0.625000 0.187500
vt 0.625000 0.625000
vt 0.625000 0.125000
vt 0.625000 0.562500
vt 0.625000 0.062500
vt 0.625000 0.500000
vt 0.640625 1.000000
vt 0.640625 0.000000
vt 0.593750 0.687500
vt 0.593750 0.625000
vt 0.593750 0.187500
vt 0.593750 0.125000
vt 0.593750 0.562500
vt 0.593750 0.062500
vt 0.593750 0.500000
vt 0.609375 1.000000
vt 0.593750 0.937500
vt 0.609375 0.000000
vt 0.593750 0.437500
vt 0.593750 0.875000
vt 0.593750 0.375000
vt 0.593750 0.812500
vt 0.593750 0.312500
vt 0.593750 0.750000
vt 0.593750 0.250000
vt 0.562500 0.437500
vt 0.562500 0.375000
vt 0.562500 0.875000
vt 0.562500 0.812500
vt 0.562500 0.312500
vt 0.562500 0.750000
vt 0.562500 0.250000
vt 0.562500 0.687500
vt 0.562500 0.187500
vt 0.562500 0.625000
vt 0.562500 0.125000
vt 0.562500 0.562500
vt 0.562500 0.062500
vt 0.562500 0.500000
vt 0.578125 1.000000
vt 0.562500 0.937500
vt 0.578125 0.000000
vt 0.531250 0.187500
vt 0.531250 0.125000
vt 0.531250 0.625000
vt 0.531250 0.562500
vt 0.531250 0.062500
vt 0.531250 0.500000
vt 0.546875 1.000000
vt 0.531250 0.937500
vt 0.546875 0.000000
vt 0.531250 0.437500
vt 0.531250 0.875000
vt 0.531250 0.375000
vt 0.531250 0.812500
vt 0.531250 0.312500
vt 0.531250 0.750000
vt 0.531250 0.250000
vt 0.531250 0.687500
vt 0.500000 0.875000
vt 0.500000 0.812500
vt 0.500000 0.375000
vt 0.500000 0.312500
vt 0.500000 0.750000
vt 0.500000 0.250000
vt 0.500000 0.687500
vt 0.500000 0.187500
vt 0.500000 0.625000
vt 0.500000 0.125000
vt 0.500000 0.562500
vt 0.500000 0.062500
vt 0.500000 0.500000
vt 0.515625 1.000000
vt 0.500000 0.937500
vt 0.515625 0.000000
vt 0.500000 0.437500
vt 0.468750 0.625000
vt 0.468750 0.562500
vt 0.468750 0.125000
vt 0.468750 0.062500
vt 0.468750 0.500000
vt 0.484375 1.000000
vt 0.468750 0.937500
vt 0.484375 0.000000
vt 0.468750 0.437500
vt 0.468750 0.875000
vt 0.468750 0.375000
vt 0.468750 0.812500
vt 0.468750 0.312500
vt 0.468750 0.750000
vt 0.468750 0.250000
vt 0.468750 0.687500
vt 0.468750 0.187500
vt 0.437500 0.375000
vt 0.437500 0.312500
vt 0.437500 0.812500
vt 0.437500 0.750000
vt 0.437500 0.250000
vt 0.437500 0.687500
vt 0.437500 0.187500
vt 0.437500 0.625000
vt 0.437500 0.125000
vt 0.437500 0.562500
vt 0.437500 0.062500
vt 0.437500 0.500000
vt 0.453125 1.000000
vt 0.437500 0.937500
vt 0.453125 0.000000
vt 0.437500 0.437500
vt 0.437500 0.875000
vt 0.406250 0.125000
vt 0.406250 0.062500
vt 0.406250 0.562500
vt 0.406250 0.500000
vt 0.421875 1.000000
vt 0.406250 0.937500
vt 0.421875 0.000000
vt 0.406250 0.437500
vt 0.406250 0.875000
vt 0.406250 0.375000
vt 0.406250 0.812500
vt 0.406250 0.312500
vt 0.406250 0.750000
vt 0.406250 0.250000
vt 0.406250 0.687500
vt 0.406250 0.187500
vt 0.406250 0.625000
vt 0.375000 0.312500
vt 0.375000 0.250000
vt 0.375000 0.750000
vt 0.375000 0.687500
vt 0.375000 0.187500
vt 0.375000 0.625000
vt 0.375000 0.125000
vt 0.375000 0.562500
vt 0.375000 0.062500
vt 0.375000 0.500000
vt 0.390625 1.000000
vt 0.375000 0.937500
vt 0.390625 0.000000
vt 0.375000 0.437500
vt 0.375000 0.875000
vt 0.375000 0.375000
vt 0.375000 0.812500
vt 0.359375 1.000000
vt 0.343750 0.937500
vt 0.359375 0.000000
vt 0.343750 0.062500
vt 0.343750 0.500000
vt 0.343750 0.437500
vt 0.343750 0.875000
vt 0.343750 0.375000
vt 0.343750 0.812500
vt 0.343750 0.312500
vt 0.343750 0.750000
vt 0.343750 0.250000
vt 0.343750 0.687500
vt 0.343750 0.187500
vt 0.343750 0.625000
vt 0.343750 0.125000
vt 0.343750 0.562500
vt 0.312500 0.750000
vt 0.312500 0.687500
vt 0.312500 0.250000
vt 0.312500 0.187500
vt 0.312500 0.625000
vt 0.312500 0.125000
vt 0.312500 0.562500
vt 0.312500 0.062500
vt 0.312500 0.500000
vt 0.328125 1.000000
vt 0.312500 0.937500
vt 0.328125 0.000000
vt 0.312500 0.437500
vt 0.312500 0.875000
vt 0.312500 0.375000
vt 0.312500 0.812500
vt 0.312500 0.312500
vt 0.281250 0.500000
vt 0.281250 0.437500
vt 0.281250 0.937500
vt 0.281250 0.875000
vt 0.281250 0.375000
vt 0.281250 0.812500
vt 0.281250 0.312500
vt 0.281250 0.750000
vt 0.281250 0.250000
vt 0.281250 0.687500
vt 0.281250 0.187500
vt 0.281250 0.625000
vt 0.281250 0.125000
vt 0.281250 0.562500
vt 0.281250 0.062500
vt 0.296875 1.000000
vt 0.296875 0.000000
vt 0.250000 0.250000
vt 0.250000 0.187500
vt 0.250000 0.687500
vt 0.250000 0.625000
vt 0.250000 0.125000
vt 0.250000 0.562500
vt 0.250000 0.062500
vt 0.250000 0.500000
vt 0.265625 1.000000
vt 0.250000 0.937500
vt 0.265625 0.000000
vt 0.250000 0.437500
vt 0.250000 0.875000
vt 0.250000 0.375000
vt 0.250000 0.812500
vt 0.250000 0.312500
vt 0.250000 0.750000
vt 0.218750 0.937500
vt 0.218750 0.875000
vt 0.218750 0.437500
vt 0.218750 0.375000
vt 0.218750 0.812500
vt 0.218750 0.312500
vt 0.218750 0.750000
vt 0.218750 0.250000
vt 0.218750 0.687500
vt 0.218750 0.187500
vt 0.218750 0.625000
vt 0.218750 0.125000
vt 0.218750 0.562500
vt 0.218750 0.062500
vt 0.218750 0.500000
vt 0.234375 1.000000
vt 0.234375 0.000000
vt 0.187500 0.687500
vt 0.187500 0.625000
vt 0.187500 0.187500
vt 0.187500 0.125000
vt 0.187500 0.562500
vt 0.187500 0.062500
vt 0.187500 0.500000
vt 0.203125 1.000000
vt 0.187500 0.937500
vt 0.203125 0.000000
vt 0.187500 0.437500
vt 0.187500 0.875000
vt 0.187500 0.375000
vt 0.187500 0.812500
vt 0.187500 0.312500
vt 0.187500 0.750000
vt 0.187500 0.250000
vt 0.156250 0.437500
vt 0.156250 0.375000
vt 0.156250 0.875000
vt 0.156250 0.812500
vt 0.156250 0.312500
vt 0.156250 0.750000
vt 0.156250 0.250000
vt 0.156250 0.687500
vt 0.156250 0.187500
vt 0.156250 0.625000
vt 0.156250 0.125000
vt 0.156250 0.562500
vt 0.156250 0.062500
vt 0.156250 0.500000
vt 0.171875 1.000000
vt 0.156250 0.937500
vt 0.171875 0.000000
vt 0.125000 0.187500
vt 0.125000 0.125000
vt 0.125000 0.625000
vt 0.125000 0.562500
vt 0.125000 0.062500
vt 0.125000 0.500000
vt 0.140625 1.000000
vt 0.125000 0.937500
vt 0.140625 0.000000
vt 0.125000 0.437500
vt 0.125000 0.875000
vt 0.125000 0.375000
vt 0.125000 0.812500
vt 0.125000 0.312500
vt 0.125000 0.750000
vt 0.125000 0.250000
vt 0.125000 0.687500
vt 0.093750 0.375000
vt 0.093750 0.312500
vt 0.093750 0.812500
vt 0.093750 0.750000
vt 0.093750 0.250000
vt 0.093750 0.687500
vt 0.093750 0.187500
vt 0.093750 0.625000
vt 0.093750 0.125000
vt 0.093750 0.562500
vt 0.093750 0.062500
vt 0.093750 0.500000
vt 0.109375 1.000000
vt 0.093750 0.937500
vt 0.109375 0.000000
vt 0.093750 0.437500
vt 0.093750 0.875000
vt 0.062500 0.125000
vt 0.062500 0.062500
vt 0.062500 0.562500
vt 0.062500 0.500000
vt 0.078125 1.000000
vt 0.062500 0.937500
vt 0.078125 0.000000
vt 0.062500 0.437500
vt 0.062500 0.875000
vt 0.062500 0.375000
vt 0.062500 0.812500
vt 0.062500 0.312500
vt 0.062500 0.750000
vt 0.062500 0.250000
vt 0.062500 0.687500
vt 0.062500 0.187500
vt 0.062500 0.625000
vt 0.031250 0.812500
vt 0.031250 0.750000
vt 0.031250 0.312500
vt 0.031250 0.250000
vt 0.031250 0.687500
vt 0.031250 0.187500
vt 0.031250 0.625000
vt 0.031250 0.125000
vt 0.031250 0.562500
vt 0.031250 0.062500
vt 0.031250 0.500000
vt 0.046875 1.000000
vt 0.031250 0.937500
vt 0.046875 0.000000
vt 0.031250 0.437500
vt 0.031250 0.875000
vt 0.031250 0.375000
vt 0.000000 0.562500
vt 0.000000 0.500000
vt 0.015625 1.000000
vt 0.000000 0.937500
vt 0.015625 0.000000
vt 0.000000 0.062500
vt 0.000000 0.437500
vt 0.000000 0.875000
vt 0.000000 0.375000
vt 0.000000 0.812500
vt 0.000000 0.312500
vt 0.000000 0.750000
vt 0.000000 0.250000
vt 0.000000 0.687500
vt 0.000000 0.187500
vt 0.000000 0.625000
vt 0.000000 0.125000
vt 1.000000 0.250000
vt 1.000000 0.312500
vt 0.968750 0.312500
vt 0.968750 0.250000
vt 1.000000 0.687500
vt 1.000000 0.750000
vt 0.968750 0.750000
vt 0.968750 0.687500
vt 1.000000 0.187500
vt 0.968750 0.187500
vt 1.000000 0.625000
vt 0.968750 0.625000
vt 1.000000 0.125000
vt 0.968750 0.125000
vt 1.000000 0.562500
vt 0.968750 0.562500
vt 1.000000 0.062500
vt 0.968750 0.062500
vt 1.000000 0.500000
vt 0.968750 0.500000
vt 1.000000 0.937500
vt 0.984375 1.000000
vt 0.968750 0.937500
vt 0.984375 0.000000
vt 1.000000 0.437500
vt 0.968750 0.437500
vt 1.000000 0.875000
vt 0.968750 0.875000
vt 1.000000 0.375000
vt 0.968750 0.375000
vt 1.000000 0.812500
vt 0.968750 0.812500
vt 0.953125 1.000000
vt 0.937500 0.937500
vt 0.953125 0.000000
vt 0.937500 0.062500
vt 0.937500 0.500000
vt 0.937500 0.437500
vt 0.937500 0.875000
vt 0.937500 0.375000
vt 0.937500 0.812500
vt 0.937500 0.312500
vt 0.937500 0.750000
vt 0.937500 0.250000
vt 0.937500 0.687500
vt 0.937500 0.187500
vt 0.937500 0.625000
vt 0.937500 0.125000
vt 0.937500 0.562500
vt 0.906250 0.750000
vt 0.906250 0.687500
vt 0.906250 0.250000
vt 0.906250 0.187500
vt 0.906250 0.625000
vt 0.906250 0.125000
vt 0.906250 0.562500
vt 0.906250 0.062500
vt 0.906250 0.500000
vt 0.921875 1.000000
vt 0.906250 0.937500
vt 0.921875 0.000000
vt 0.906250 0.437500
vt 0.906250 0.875000
vt 0.906250 0.375000
vt 0.906250 0.812500
vt 0.906250 0.312500
vt 0.875000 0.500000
vt 0.875000 0.437500
vt 0.875000 0.937500
vt 0.875000 0.875000
vt 0.875000 0.375000
vt 0.875000 0.812500
vt 0.875000 0.312500
vt 0.875000 0.750000
vt 0.875000 0.250000
vt 0.875000 0.687500
vt 0.875000 0.187500
vt 0.875000 0.625000
vt 0.875000 0.125000
vt 0.875000 0.562500
vt 0.875000 0.062500
vt 0.890625 1.000000
vt 0.890625 0.000000
vt 0.843750 0.250000
vt 0.843750 0.187500
vt 0.843750 0.687500
vt 0.843750 0.625000
vt 0.843750 0.125000
vt 0.843750 0.562500
vt 0.843750 0.062500
vt 0.843750 0.500000
vt 0.859375 1.000000
vt 0.843750 0.937500
vt 0.859375 0.000000
vt 0.843750 0.437500
vt 0.843750 0.875000
vt 0.843750 0.375000
vt 0.843750 0.812500
vt 0.843750 0.312500
vt 0.843750 0.750000
vt 0.812500 0.437500
vt 0.812500 0.375000
vt 0.812500 0.875000
vt 0.812500 0.812500
vt 0.812500 0.312500
vt 0.812500 0.750000
vt 0.812500 0.250000
vt 0.812500 0.687500
vt 0.812500 0.187500
vt 0.812500 0.625000
vt 0.812500 0.125000
vt 0.812500 0.562500
vt 0.812500 0.062500
vt 0.812500 0.500000
vt 0.828125 1.000000
vt 0.812500 0.937500
vt 0.828125 0.000000
vt 0.781250 0.187500
vt 0.781250 0.125000
vt 0.781250 0.625000
vt 0.781250 0.562500
vt 0.781250 0.062500
vt 0.781250 0.500000
vt 0.796875 1.000000
vt 0.781250 0.937500
vt 0.796875 0.000000
vt 0.781250 0.437500
vt 0.781250 0.875000
vt 0.781250 0.375000
vt 0.781250 0.812500
vt 0.781250 0.312500
vt 0.781250 0.750000
vt 0.781250 0.250000
vt 0.781250 0.687500
vt 0.765625 1.000000
vt 0.765625 0.000000
vt 1.000000 1.000000
vt 0.968750 1.000000
vt 0.968750 0.500000
vt 0.937500 1.000000
vt 0.937500 0.500000
vt 0.906250 1.000000
vt 0.906250 0.500000
vt 0.875000 1.000000
vt 0.875000 0.500000
vt 0.843750 1.000000
vt 0.843750 0.500000
vt 0.812500 1.000000
vt 0.812500 0.500000
vt 0.781250 1.000000
vt 0.781250 0.500000
vt 0.750000 1.000000
vt 0.718750 1.000000
vt 0.687500 1.000000
vt 0.656250 1.000000
vt 0.625000 1.000000
vt 0.593750 1.000000
vt 0.562500 1.000000
vt 0.531250 1.000000
vt 0.500000 1.000000
vt 0.500000 0.500000
vt 0.468750 1.000000
vt 0.468750 0.500000
vt 0.437500 1.000000
vt 0.437500 0.500000
vt 0.406250 1.000000
vt 0.406250 0.500000
vt 0.375000 1.000000
vt 0.375000 0.500000
vt 0.343750 1.000000
vt 0.343750 0.500000
vt 0.312500 1.000000
vt 0.312500 0.500000
vt 0.281250 1.000000
vt 0.281250 0.500000
vt 0.250000 1.000000
vt 0.250000 0.500000
vt 0.218750 1.000000
vt 0.218750 0.500000
vt 0.187500 1.000000
vt 0.187500 0.500000
vt 0.156250 1.000000
vt 0.156250 0.500000
vt 0.125000 1.000000
vt 0.125000 0.500000
vt 0.093750 1.000000
vt 0.093750 0.500000
vt 0.062500 1.000000
vt 0.062500 0.500000
vt 0.296822 0.485388
vt 0.250000 0.490000
vt 0.203178 0.485388
vt 0.158156 0.471731
vt 0.116663 0.449553
vt 0.080294 0.419706
vt 0.050447 0.383337
vt 0.028269 0.341844
vt 0.014612 0.296822
vt 0.010000 0.250000
vt 0.014612 0.203178
vt 0.028269 0.158156
vt 0.050447 0.116663
vt 0.080294 0.080294
vt 0.116663 0.050447
vt 0.158156 0.028269
vt 0.203178 0.014612
vt 0.250000 0.010000
vt 0.296822 0.014612
vt 0.341844 0.028269
vt 0.383337 0.050447
vt 0.419706 0.080294
vt 0.449553 0.116663
vt 0.471731 0.158156
vt 0.485388 0.203178
vt 0.490000 0.250000
vt 0.485388 0.296822
vt 0.471731 0.341844
vt 0.449553 0.383337
vt 0.419706 0.419706
vt 0.383337 0.449553
vt 0.341844 0.471731
vt 0.031250 1.000000
vt 0.031250 0.500000
vt 0.000000 1.000000
vt 0.750000 0.490000
vt 0.796822 0.485388
vt 0.841844 0.471731
vt 0.883337 0.449553
vt 0.919706 0.419706
vt 0.949553 0.383337
vt 0.971731 0.341844
vt 0.985388 0.296822
vt 0.990000 0.250000
vt 0.985388 0.203178
vt 0.971731 0.158156
vt 0.949553 0.116663
vt 0.919706 0.080294
vt 0.883337 0.050447
vt 0.841844 0.028269
vt 0.796822 0.014612
vt 0.750000 0.010000
vt 0.703178 0.014612
vt 0.658156 0.028269
vt 0.616663 0.050447
vt 0.580294 0.080294
vt 0.550447 0.116663
vt 0.528269 0.158156
vt 0.514612 0.203178
vt 0.510000 0.250000
vt 0.514612 0.296822
vt 0.528269 0.341844
vt 0.550447 0.383337
vt 0.580294 0.419706
vt 0.616663 0.449553
vt 0.658156 0.471731
vt 0.703178 0.485388
s 0
usemtl Material
f 1570/1359/1093 1098/1360/1093 1109/1361/1093 1110/1362/1093
f 1094/1363/1094 1567/1364/1094 1102/1365/1094 1103/1366/1094
f 1099/1367/1095 1570/1359/1095 1110/1362/1095 1111/1368/1095
f 1568/1369/1096 1094/1363/1096 1103/1366/1096 1104/1370/1096
f 1571/1371/1097 1099/1367/1097 1111/1368/1097 1112/1372/1097
f 1095/1373/1098 1568/1369/1098 1104/1370/1098 1105/1374/1098
f 1572/1375/1099 1571/1371/1099 1112/1372/1099 1113/1376/1099
f 1569/1377/1100 1095/1373/1100 1105/1374/1100 1106/1378/1100
f 1573/1379/1101 1572/1375/1101 1113/1376/1101 1114/1380/1101
f 1096/1381/1102 1569/1377/1102 1106/1378/1102 1107/1382/1102
f 1574/1383/1103 1573/1379/1103 1114/1380/1103 1115/1384/1103
f 1097/1385/1104 1096/1381/1104 1107/1382/1104 1108/1386/1104
f 1566/1387/1105 1093/1388/1105 1101/1389/1105
f 1100/1390/1106 1574/1383/1106 1115/1384/1106
f 1098/1360/1107 1097/1385/1107 1108/1386/1107 1109/1361/1107
f 1567/1364/1108 1566/1387/1108 1101/1389/1108 1102/1365/1108
f 1100/1391/1109 1115/1384/1109 1130/1392/1109
f 1109/1361/1110 1108/1386/1110 1123/1393/1110 1124/1394/1110
f 1102/1365/1111 1101/1389/1111 1116/1395/1111 1117/1396/1111
f 1110/1362/1112 1109/1361/1112 1124/1394/1112 1125/1397/1112
f 1103/1366/1113 1102/1365/1113 1117/1396/1113 1118/1398/1113
f 1111/1368/1114 1110/1362/1114 1125/1397/1114 1126/1399/1114
f 1104/1370/1115 1103/1366/1115 1118/1398/1115 1119/1400/1115
f 1112/1372/1116 1111/1368/1116 1126/1399/1116 1127/1401/1116
f 1105/1374/1117 1104/1370/1117 1119/1400/1117 1120/1402/1117
f 1113/1376/1118 1112/1372/1118 1127/1401/1118 1128/1403/1118
f 1106/1378/1119 1105/1374/1119 1120/1402/1119 1121/1404/1119
f 1114/1380/1120 1113/1376/1120 1128/1403/1120 1129/1405/1120
f 1107/1382/1121 1106/1378/1121 1121/1404/1121 1122/1406/1121
f 1115/1384/1122 1114/1380/1122 1129/1405/1122 1130/1392/1122
f 1108/1386/1123 1107/1382/1123 1122/1406/1123 1123/1393/1123
f 1101/1389/1124 1093/1407/1124 1116/1395/1124
f 1128/1403/1125 1127/1401/1125 1142/1408/1125 1143/1409/1125
f 1121/1404/1126 1120/1402/1126 1135/1410/1126 1136/1411/1126
f 1129/1405/1127 1128/1403/1127 1143/1409/1127 1144/1412/1127
f 1122/1406/1128 1121/1404/1128 1136/1411/1128 1137/1413/1128
f 1130/1392/1129 1129/1405/1129 1144/1412/1129 1145/1414/1129
f 1123/1393/1130 1122/1406/1130 1137/1413/1130 1138/1415/1130
f 1116/1395/1131 1093/1416/1131 1131/1417/1131
f 1100/1418/1132 1130/1392/1132 1145/1414/1132
f 1124/1394/1133 1123/1393/1133 1138/1415/1133 1139/1419/1133
f 1117/1396/1134 1116/1395/1134 1131/1417/1134 1132/1420/1134
f 1125/1397/1135 1124/1394/1135 1139/1419/1135 1140/1421/1135
f 1118/1398/1136 1117/1396/1136 1132/1420/1136 1133/1422/1136
f 1126/1399/1137 1125/1397/1137 1140/1421/1137 1141/1423/1137
f 1119/1400/1138 1118/1398/1138 1133/1422/1138 1134/1424/1138
f 1127/1401/1139 1126/1399/1139 1141/1423/1139 1142/1408/1139
f 1120/1402/1140 1119/1400/1140 1134/1424/1140 1135/1410/1140
f 1132/1420/1141 1131/1417/1141 1146/1425/1141 1147/1426/1141
f 1140/1421/1142 1139/1419/1142 1154/1427/1142 1155/1428/1142
f 1133/1422/1143 1132/1420/1143 1147/1426/1143 1148/1429/1143
f 1141/1423/1144 1140/1421/1144 1155/1428/1144 1156/1430/1144
f 1134/1424/1145 1133/1422/1145 1148/1429/1145 1149/1431/1145
f 1142/1408/1146 1141/1423/1146 1156/1430/1146 1157/1432/1146
f 1135/1410/1147 1134/1424/1147 1149/1431/1147 1150/1433/1147
f 1143/1409/1148 1142/1408/1148 1157/1432/1148 1158/1434/1148
f 1136/1411/1149 1135/1410/1149 1150/1433/1149 1151/1435/1149
f 1144/1412/1150 1143/1409/1150 1158/1434/1150 1159/1436/1150
f 1137/1413/1151 1136/1411/1151 1151/1435/1151 1152/1437/1151
f 1145/1414/1152 1144/1412/1152 1159/1436/1152 1160/1438/1152
f 1138/1415/1153 1137/1413/1153 1152/1437/1153 1153/1439/1153
f 1131/1417/1154 1093/1440/1154 1146/1425/1154
f 1100/1441/1155 1145/1414/1155 1160/1438/1155
f 1139/1419/1156 1138/1415/1156 1153/1439/1156 1154/1427/1156
f 1151/1435/1157 1150/1433/1157 1165/1442/1157 1166/1443/1157
f 1159/1436/1158 1158/1434/1158 1173/1444/1158 1174/1445/1158
f 1152/1437/1159 1151/1435/1159 1166/1443/1159 1167/1446/1159
f 1160/1438/1160 1159/1436/1160 1174/1445/1160 1175/1447/1160
f 1153/1439/1161 1152/1437/1161 1167/1446/1161 1168/1448/1161
f 1146/1425/1162 1093/1449/1162 1161/1450/1162
f 1100/1451/1163 1160/1438/1163 1175/1447/1163
f 1154/1427/1164 1153/1439/1164 1168/1448/1164 1169/1452/1164
f 1147/1426/1165 1146/1425/1165 1161/1450/1165 1162/1453/1165
f 1155/1428/1166 1154/1427/1166 1169/1452/1166 1170/1454/1166
f 1148/1429/1167 1147/1426/1167 1162/1453/1167 1163/1455/1167
f 1156/1430/1168 1155/1428/1168 1170/1454/1168 1171/1456/1168
f 1149/1431/1169 1148/1429/1169 1163/1455/1169 1164/1457/1169
f 1157/1432/1170 1156/1430/1170 1171/1456/1170 1172/1458/1170
f 1150/1433/1171 1149/1431/1171 1164/1457/1171 1165/1442/1171
f 1158/1434/1172 1157/1432/1172 1172/1458/1172 1173/1444/1172
f 1170/1454/1173 1169/1452/1173 1184/1459/1173 1185/1460/1173
f 1163/1455/1174 1162/1453/1174 1177/1461/1174 1178/1462/1174
f 1171/1456/1175 1170/1454/1175 1185/1460/1175 1186/1463/1175
f 1164/1457/1176 1163/1455/1176 1178/1462/1176 1179/1464/1176
f 1172/1458/1177 1171/1456/1177 1186/1463/1177 1187/1465/1177
f 1165/1442/1178 1164/1457/1178 1179/1464/1178 1180/1466/1178
f 1173/1444/1179 1172/1458/1179 1187/1465/1179 1188/1467/1179
f 1166/1443/1180 1165/1442/1180 1180/1466/1180 1181/1468/1180
f 1174/1445/1181 1173/1444/1181 1188/1467/1181 1189/1469/1181
f 1167/1446/1182 1166/1443/1182 1181/1468/1182 1182/1470/1182
f 1175/1447/1183 1174/1445/1183 1189/1469/1183 1190/1471/1183
f 1168/1448/1184 1167/1446/1184 1182/1470/1184 1183/1472/1184
f 1161/1450/1185 1093/1473/1185 1176/1474/1185
f 1100/1475/1186 1175/1447/1186 1190/1471/1186
f 1169/1452/1187 1168/1448/1187 1183/1472/1187 1184/1459/1187
f 1162/1453/1188 1161/1450/1188 1176/1474/1188 1177/1461/1188
f 1189/1469/1189 1188/1467/1189 1203/1476/1189 1204/1477/1189
f 1182/1470/1190 1181/1468/1190 1196/1478/1190 1197/1479/1190
f 1190/1471/1191 1189/1469/1191 1204/1477/1191 1205/1480/1191
f 1183/1472/1192 1182/1470/1192 1197/1479/1192 1198/1481/1192
f 1176/1474/1193 1093/1482/1193 1191/1483/1193
f 1100/1484/1194 1190/1471/1194 1205/1480/1194
f 1184/1459/1195 1183/1472/1195 1198/1481/1195 1199/1485/1195
f 1177/1461/1196 1176/1474/1196 1191/1483/1196 1192/1486/1196
f 1185/1460/1197 1184/1459/1197 1199/1485/1197 1200/1487/1197
f 1178/1462/1198 1177/1461/1198 1192/1486/1198 1193/1488/1198
f 1186/1463/1199 1185/1460/1199 1200/1487/1199 1201/1489/1199
f 1179/1464/1200 1178/1462/1200 1193/1488/1200 1194/1490/1200
f 1187/1465/1201 1186/1463/1201 1201/1489/1201 1202/1491/1201
f 1180/1466/1202 1179/1464/1202 1194/1490/1202 1195/1492/1202
f 1188/1467/1203 1187/1465/1203 1202/1491/1203 1203/1476/1203
f 1181/1468/1204 1180/1466/1204 1195/1492/1204 1196/1478/1204
f 1193/1488/1205 1192/1486/1205 1207/1493/1205 1208/1494/1205
f 1201/1489/1206 1200/1487/1206 1215/1495/1206 1216/1496/1206
f 1194/1490/1207 1193/1488/1207 1208/1494/1207 1209/1497/1207
f 1202/1491/1208 1201/1489/1208 1216/1496/1208 1217/1498/1208
f 1195/1492/1209 1194/1490/1209 1209/1497/1209 1210/1499/1209
f 1203/1476/1210 1202/1491/1210 1217/1498/1210 1218/1500/1210
f 1196/1478/1211 1195/1492/1211 1210/1499/1211 1211/1501/1211
f 1204/1477/1212 1203/1476/1212 1218/1500/1212 1219/1502/1212
f 1197/1479/1213 1196/1478/1213 1211/1501/1213 1212/1503/1213
f 1205/1480/1214 1204/1477/1214 1219/1502/1214 1220/1504/1214
f 1198/1481/1215 1197/1479/1215 1212/1503/1215 1213/1505/1215
f 1191/1483/1216 1093/1506/1216 1206/1507/1216
f 1100/1508/1217 1205/1480/1217 1220/1504/1217
f 1199/1485/1218 1198/1481/1218 1213/1505/1218 1214/1509/1218
f 1192/1486/1219 1191/1483/1219 1206/1507/1219 1207/1493/1219
f 1200/1487/1220 1199/1485/1220 1214/1509/1220 1215/1495/1220
f 1212/1503/1221 1211/1501/1221 1226/1510/1221 1227/1511/1221
f 1220/1504/1222 1219/1502/1222 1234/1512/1222 1235/1513/1222
f 1213/1505/1223 1212/1503/1223 1227/1511/1223 1228/1514/1223
f 1206/1507/1224 1093/1515/1224 1221/1516/1224
f 1100/1517/1225 1220/1504/1225 1235/1513/1225
f 1214/1509/1226 1213/1505/1226 1228/1514/1226 1229/1518/1226
f 1207/1493/1227 1206/1507/1227 1221/1516/1227 1222/1519/1227
f 1215/1495/1228 1214/1509/1228 1229/1518/1228 1230/1520/1228
f 1208/1494/1229 1207/1493/1229 1222/1519/1229 1223/1521/1229
f 1216/1496/1230 1215/1495/1230 1230/1520/1230 1231/1522/1230
f 1209/1497/1231 1208/1494/1231 1223/1521/1231 1224/1523/1231
f 1217/1498/1232 1216/1496/1232 1231/1522/1232 1232/1524/1232
f 1210/1499/1233 1209/1497/1233 1224/1523/1233 1225/1525/1233
f 1218/1500/1234 1217/1498/1234 1232/1524/1234 1233/1526/1234
f 1211/1501/1235 1210/1499/1235 1225/1525/1235 1226/1510/1235
f 1219/1502/1236 1218/1500/1236 1233/1526/1236 1234/1512/1236
f 1231/1522/1237 1230/1520/1237 1245/1527/1237 1246/1528/1237
f 1224/1523/1238 1223/1521/1238 1238/1529/1238 1239/1530/1238
f 1232/1524/1239 1231/1522/1239 1246/1528/1239 1247/1531/1239
f 1225/1525/1240 1224/1523/1240 1239/1530/1240 1240/1532/1240
f 1233/1526/1241 1232/1524/1241 1247/1531/1241 1248/1533/1241
f 1226/1510/1242 1225/1525/1242 1240/1532/1242 1241/1534/1242
f 1234/1512/1243 1233/1526/1243 1248/1533/1243 1249/1535/1243
f 1227/1511/1244 1226/1510/1244 1241/1534/1244 1242/1536/1244
f 1235/1513/1245 1234/1512/1245 1249/1535/1245 1250/1537/1245
f 1228/1514/1246 1227/1511/1246 1242/1536/1246 1243/1538/1246
f 1221/1516/1247 1093/1539/1247 1236/1540/1247
f 1100/1541/1248 1235/1513/1248 1250/1537/1248
f 1229/1518/1249 1228/1514/1249 1243/1538/1249 1244/1542/1249
f 1222/1519/1250 1221/1516/1250 1236/1540/1250 1237/1543/1250
f 1230/1520/1251 1229/1518/1251 1244/1542/1251 1245/1527/1251
f 1223/1521/1252 1222/1519/1252 1237/1543/1252 1238/1529/1252
f 1250/1537/1253 1249/1535/1253 1264/1544/1253 1265/1545/1253
f 1243/1538/1254 1242/1536/1254 1257/1546/1254 1258/1547/1254
f 1236/1540/1255 1093/1548/1255 1251/1549/1255
f 1100/1550/1256 1250/1537/1256 1265/1545/1256
f 1244/1542/1257 1243/1538/1257 1258/1547/1257 1259/1551/1257
f 1237/1543/1258 1236/1540/1258 1251/1549/1258 1252/1552/1258
f 1245/1527/1259 1244/1542/1259 1259/1551/1259 1260/1553/1259
f 1238/1529/1260 1237/1543/1260 1252/1552/1260 1253/1554/1260
f 1246/1528/1261 1245/1527/1261 1260/1553/1261 1261/1555/1261
f 1239/1530/1262 1238/1529/1262 1253/1554/1262 1254/1556/1262
f 1247/1531/1263 1246/1528/1263 1261/1555/1263 1262/1557/1263
f 1240/1532/1264 1239/1530/1264 1254/1556/1264 1255/1558/1264
f 1248/1533/1265 1247/1531/1265 1262/1557/1265 1263/1559/1265
f 1241/1534/1266 1240/1532/1266 1255/1558/1266 1256/1560/1266
f 1249/1535/1267 1248/1533/1267 1263/1559/1267 1264/1544/1267
f 1242/1536/1268 1241/1534/1268 1256/1560/1268 1257/1546/1268
f 1262/1557/1269 1261/1555/1269 1276/1561/1269 1277/1562/1269
f 1255/1558/1270 1254/1556/1270 1269/1563/1270 1270/1564/1270
f 1263/1559/1271 1262/1557/1271 1277/1562/1271 1278/1565/1271
f 1256/1560/1272 1255/1558/1272 1270/1564/1272 1271/1566/1272
f 1264/1544/1273 1263/1559/1273 1278/1565/1273 1279/1567/1273
f 1257/1546/1274 1256/1560/1274 1271/1566/1274 1272/1568/1274
f 1265/1545/1275 1264/1544/1275 1279/1567/1275 1280/1569/1275
f 1258/1547/1276 1257/1546/1276 1272/1568/1276 1273/1570/1276
f 1251/1549/1277 1093/1571/1277 1266/1572/1277
f 1100/1573/1278 1265/1545/1278 1280/1569/1278
f 1259/1551/1279 1258/1547/1279 1273/1570/1279 1274/1574/1279
f 1252/1552/1280 1251/1549/1280 1266/1572/1280 1267/1575/1280
f 1260/1553/1281 1259/1551/1281 1274/1574/1281 1275/1576/1281
f 1253/1554/1282 1252/1552/1282 1267/1575/1282 1268/1577/1282
f 1261/1555/1283 1260/1553/1283 1275/1576/1283 1276/1561/1283
f 1254/1556/1284 1253/1554/1284 1268/1577/1284 1269/1563/1284
f 1266/1572/1285 1093/1578/1285 1281/1579/1285
f 1100/1580/1286 1280/1569/1286 1295/1581/1286
f 1274/1574/1287 1273/1570/1287 1288/1582/1287 1289/1583/1287
f 1267/1575/1288 1266/1572/1288 1281/1579/1288 1282/1584/1288
f 1275/1576/1289 1274/1574/1289 1289/1583/1289 1290/1585/1289
f 1268/1577/1290 1267/1575/1290 1282/1584/1290 1283/1586/1290
f 1276/1561/1291 1275/1576/1291 1290/1585/1291 1291/1587/1291
f 1269/1563/1292 1268/1577/1292 1283/1586/1292 1284/1588/1292
f 1277/1562/1293 1276/1561/1293 1291/1587/1293 1292/1589/1293
f 1270/1564/1294 1269/1563/1294 1284/1588/1294 1285/1590/1294
f 1278/1565/1295 1277/1562/1295 1292/1589/1295 1293/1591/1295
f 1271/1566/1296 1270/1564/1296 1285/1590/1296 1286/1592/1296
f 1279/1567/1297 1278/1565/1297 1293/1591/1297 1294/1593/1297
f 1272/1568/1298 1271/1566/1298 1286/1592/1298 1287/1594/1298
f 1280/1569/1299 1279/1567/1299 1294/1593/1299 1295/1581/1299
f 1273/1570/1300 1272/1568/1300 1287/1594/1300 1288/1582/1300
f 1285/1590/1301 1284/1588/1301 1299/1595/1301 1300/1596/1301
f 1293/1591/1302 1292/1589/1302 1307/1597/1302 1308/1598/1302
f 1286/1592/1303 1285/1590/1303 1300/1596/1303 1301/1599/1303
f 1294/1593/1304 1293/1591/1304 1308/1598/1304 1309/1600/1304
f 1287/1594/1305 1286/1592/1305 1301/1599/1305 1302/1601/1305
f 1295/1581/1306 1294/1593/1306 1309/1600/1306 1310/1602/1306
f 1288/1582/1307 1287/1594/1307 1302/1601/1307 1303/1603/1307
f 1281/1579/1308 1093/1604/1308 1296/1605/1308
f 1100/1606/1309 1295/1581/1309 1310/1602/1309
f 1289/1583/1310 1288/1582/1310 1303/1603/1310 1304/1607/1310
f 1282/1584/1311 1281/1579/1311 1296/1605/1311 1297/1608/1311
f 1290/1585/1312 1289/1583/1312 1304/1607/1312 1305/1609/1312
f 1283/1586/1313 1282/1584/1313 1297/1608/1313 1298/1610/1313
f 1291/1587/1314 1290/1585/1314 1305/1609/1314 1306/1611/1314
f 1284/1588/1315 1283/1586/1315 1298/1610/1315 1299/1595/1315
f 1292/1589/1316 1291/1587/1316 1306/1611/1316 1307/1597/1316
f 1304/1607/1317 1303/1603/1317 1318/1612/1317 1319/1613/1317
f 1297/1608/1318 1296/1605/1318 1311/1614/1318 1312/1615/1318
f 1305/1609/1319 1304/1607/1319 1319/1613/1319 1320/1616/1319
f 1298/1610/1320 1297/1608/1320 1312/1615/1320 1313/1617/1320
f 1306/1611/1321 1305/1609/1321 1320/1616/1321 1321/1618/1321
f 1299/1595/1322 1298/1610/1322 1313/1617/1322 1314/1619/1322
f 1307/1597/1323 1306/1611/1323 1321/1618/1323 1322/1620/1323
f 1300/1596/1324 1299/1595/1324 1314/1619/1324 1315/1621/1324
f 1308/1598/1325 1307/1597/1325 1322/1620/1325 1323/1622/1325
f 1301/1599/1326 1300/1596/1326 1315/1621/1326 1316/1623/1326
f 1309/1600/1327 1308/1598/1327 1323/1622/1327 1324/1624/1327
f 1302/1601/1328 1301/1599/1328 1316/1623/1328 1317/1625/1328
f 1310/1602/1329 1309/1600/1329 1324/1624/1329 1325/1626/1329
f 1303/1603/1330 1302/1601/1330 1317/1625/1330 1318/1612/1330
f 1296/1605/1331 1093/1627/1331 1311/1614/1331
f 1100/1628/1332 1310/1602/1332 1325/1626/1332
f 1323/1622/1333 1322/1620/1333 1337/1629/1333 1338/1630/1333
f 1316/1623/1334 1315/1621/1334 1330/1631/1334 1331/1632/1334
f 1324/1624/1335 1323/1622/1335 1338/1630/1335 1339/1633/1335
f 1317/1625/1336 1316/1623/1336 1331/1632/1336 1332/1634/1336
f 1325/1626/1337 1324/1624/1337 1339/1633/1337 1340/1635/1337
f 1318/1612/1338 1317/1625/1338 1332/1634/1338 1333/1636/1338
f 1311/1614/1339 1093/1637/1339 1326/1638/1339
f 1100/1639/1340 1325/1626/1340 1340/1635/1340
f 1319/1613/1341 1318/1612/1341 1333/1636/1341 1334/1640/1341
f 1312/1615/1342 1311/1614/1342 1326/1638/1342 1327/1641/1342
f 1320/1616/1343 1319/1613/1343 1334/1640/1343 1335/1642/1343
f 1313/1617/1344 1312/1615/1344 1327/1641/1344 1328/1643/1344
f 1321/1618/1345 1320/1616/1345 1335/1642/1345 1336/1644/1345
f 1314/1619/1346 1313/1617/1346 1328/1643/1346 1329/1645/1346
f 1322/1620/1347 1321/1618/1347 1336/1644/1347 1337/1629/1347
f 1315/1621/1348 1314/1619/1348 1329/1645/1348 1330/1631/1348
f 1327/1641/1349 1326/1638/1349 1341/1646/1349 1342/1647/1349
f 1335/1642/1350 1334/1640/1350 1349/1648/1350 1350/1649/1350
f 1328/1643/1351 1327/1641/1351 1342/1647/1351 1343/1650/1351
f 1336/1644/1352 1335/1642/1352 1350/1649/1352 1351/1651/1352
f 1329/1645/1353 1328/1643/1353 1343/1650/1353 1344/1652/1353
f 1337/1629/1354 1336/1644/1354 1351/1651/1354 1352/1653/1354
f 1330/1631/1355 1329/1645/1355 1344/1652/1355 1345/1654/1355
f 1338/1630/1356 1337/1629/1356 1352/1653/1356 1353/1655/1356
f 1331/1632/1357 1330/1631/1357 1345/1654/1357 1346/1656/1357
f 1339/1633/1358 1338/1630/1358 1353/1655/1358 1354/1657/1358
f 1332/1634/1359 1331/1632/1359 1346/1656/1359 1347/1658/1359
f 1340/1635/1360 1339/1633/1360 1354/1657/1360 1355/1659/1360
f 1333/1636/1361 1332/1634/1361 1347/1658/1361 1348/1660/1361
f 1326/1638/1362 1093/1661/1362 1341/1646/1362
f 1100/1662/1363 1340/1635/1363 1355/1659/1363
f 1334/1640/1364 1333/1636/1364 1348/1660/1364 1349/1648/1364
f 1346/1656/1365 1345/1654/1365 1360/1663/1365 1361/1664/1365
f 1354/1657/1366 1353/1655/1366 1368/1665/1366 1369/1666/1366
f 1347/1658/1367 1346/1656/1367 1361/1664/1367 1362/1667/1367
f 1355/1659/1368 1354/1657/1368 1369/1666/1368 1370/1668/1368
f 1348/1660/1369 1347/1658/1369 1362/1667/1369 1363/1669/1369
f 1341/1646/1370 1093/1670/1370 1356/1671/1370
f 1100/1672/1371 1355/1659/1371 1370/1668/1371
f 1349/1648/1372 1348/1660/1372 1363/1669/1372 1364/1673/1372
f 1342/1647/1373 1341/1646/1373 1356/1671/1373 1357/1674/1373
f 1350/1649/1374 1349/1648/1374 1364/1673/1374 1365/1675/1374
f 1343/1650/1375 1342/1647/1375 1357/1674/1375 1358/1676/1375
f 1351/1651/1376 1350/1649/1376 1365/1675/1376 1366/1677/1376
f 1344/1652/1377 1343/1650/1377 1358/1676/1377 1359/1678/1377
f 1352/1653/1378 1351/1651/1378 1366/1677/1378 1367/1679/1378
f 1345/1654/1379 1344/1652/1379 1359/1678/1379 1360/1663/1379
f 1353/1655/1380 1352/1653/1380 1367/1679/1380 1368/1665/1380
f 1365/1675/1381 1364/1673/1381 1379/1680/1381 1380/1681/1381
f 1358/1676/1382 1357/1674/1382 1372/1682/1382 1373/1683/1382
f 1366/1677/1383 1365/1675/1383 1380/1681/1383 1381/1684/1383
f 1359/1678/1384 1358/1676/1384 1373/1683/1384 1374/1685/1384
f 1367/1679/1385 1366/1677/1385 1381/1684/1385 1382/1686/1385
f 1360/1663/1386 1359/1678/1386 1374/1685/1386 1375/1687/1386
f 1368/1665/1387 1367/1679/1387 1382/1686/1387 1383/1688/1387
f 1361/1664/1388 1360/1663/1388 1375/1687/1388 1376/1689/1388
f 1369/1666/1389 1368/1665/1389 1383/1688/1389 1384/1690/1389
f 1362/1667/1390 1361/1664/1390 1376/1689/1390 1377/1691/1390
f 1370/1668/1391 1369/1666/1391 1384/1690/1391 1385/1692/1391
f 1363/1669/1392 1362/1667/1392 1377/1691/1392 1378/1693/1392
f 1356/1671/1393 1093/1694/1393 1371/1695/1393
f 1100/1696/1394 1370/1668/1394 1385/1692/1394
f 1364/1673/1395 1363/1669/1395 1378/1693/1395 1379/1680/1395
f 1357/1674/1396 1356/1671/1396 1371/1695/1396 1372/1682/1396
f 1384/1690/1397 1383/1688/1397 1398/1697/1397 1399/1698/1397
f 1377/1691/1398 1376/1689/1398 1391/1699/1398 1392/1700/1398
f 1385/1692/1399 1384/1690/1399 1399/1698/1399 1400/1701/1399
f 1378/1693/1400 1377/1691/1400 1392/1700/1400 1393/1702/1400
f 1371/1695/1401 1093/1703/1401 1386/1704/1401
f 1100/1705/1402 1385/1692/1402 1400/1701/1402
f 1379/1680/1403 1378/1693/1403 1393/1702/1403 1394/1706/1403
f 1372/1682/1404 1371/1695/1404 1386/1704/1404 1387/1707/1404
f 1380/1681/1405 1379/1680/1405 1394/1706/1405 1395/1708/1405
f 1373/1683/1406 1372/1682/1406 1387/1707/1406 1388/1709/1406
f 1381/1684/1407 1380/1681/1407 1395/1708/1407 1396/1710/1407
f 1374/1685/1408 1373/1683/1408 1388/1709/1408 1389/1711/1408
f 1382/1686/1409 1381/1684/1409 1396/1710/1409 1397/1712/1409
f 1375/1687/1410 1374/1685/1410 1389/1711/1410 1390/1713/1410
f 1383/1688/1411 1382/1686/1411 1397/1712/1411 1398/1697/1411
f 1376/1689/1412 1375/1687/1412 1390/1713/1412 1391/1699/1412
f 1396/1710/1413 1395/1708/1413 1410/1714/1413 1411/1715/1413
f 1389/1711/1414 1388/1709/1414 1403/1716/1414 1404/1717/1414
f 1397/1712/1415 1396/1710/1415 1411/1715/1415 1412/1718/1415
f 1390/1713/1416 1389/1711/1416 1404/1717/1416 1405/1719/1416
f 1398/1697/1417 1397/1712/1417 1412/1718/1417 1413/1720/1417
f 1391/1699/1418 1390/1713/1418 1405/1719/1418 1406/1721/1418
f 1399/1698/1419 1398/1697/1419 1413/1720/1419 1414/1722/1419
f 1392/1700/1420 1391/1699/1420 1406/1721/1420 1407/1723/1420
f 1400/1701/1421 1399/1698/1421 1414/1722/1421 1415/1724/1421
f 1393/1702/1422 1392/1700/1422 1407/1723/1422 1408/1725/1422
f 1386/1704/1423 1093/1726/1423 1401/1727/1423
f 1100/1728/1424 1400/1701/1424 1415/1724/1424
f 1394/1706/1425 1393/1702/1425 1408/1725/1425 1409/1729/1425
f 1387/1707/1426 1386/1704/1426 1401/1727/1426 1402/1730/1426
f 1395/1708/1427 1394/1706/1427 1409/1729/1427 1410/1714/1427
f 1388/1709/1428 1387/1707/1428 1402/1730/1428 1403/1716/1428
f 1415/1724/1429 1414/1722/1429 1429/1731/1429 1430/1732/1429
f 1408/1725/1430 1407/1723/1430 1422/1733/1430 1423/1734/1430
f 1401/1727/1431 1093/1735/1431 1416/1736/1431
f 1100/1737/1432 1415/1724/1432 1430/1732/1432
f 1409/1729/1433 1408/1725/1433 1423/1734/1433 1424/1738/1433
f 1402/1730/1434 1401/1727/1434 1416/1736/1434 1417/1739/1434
f 1410/1714/1435 1409/1729/1435 1424/1738/1435 1425/1740/1435
f 1403/1716/1436 1402/1730/1436 1417/1739/1436 1418/1741/1436
f 1411/1715/1437 1410/1714/1437 1425/1740/1437 1426/1742/1437
f 1404/1717/1438 1403/1716/1438 1418/1741/1438 1419/1743/1438
f 1412/1718/1439 1411/1715/1439 1426/1742/1439 1427/1744/1439
f 1405/1719/1440 1404/1717/1440 1419/1743/1440 1420/1745/1440
f 1413/1720/1441 1412/1718/1441 1427/1744/1441 1428/1746/1441
f 1406/1721/1442 1405/1719/1442 1420/1745/1442 1421/1747/1442
f 1414/1722/1443 1413/1720/1443 1428/1746/1443 1429/1731/1443
f 1407/1723/1444 1406/1721/1444 1421/1747/1444 1422/1733/1444
f 1419/1743/1445 1418/1741/1445 1433/1748/1445 1434/1749/1445
f 1427/1744/1446 1426/1742/1446 1441/1750/1446 1442/1751/1446
f 1420/1745/1447 1419/1743/1447 1434/1749/1447 1435/1752/1447
f 1428/1746/1448 1427/1744/1448 1442/1751/1448 1443/1753/1448
f 1421/1747/1449 1420/1745/1449 1435/1752/1449 1436/1754/1449
f 1429/1731/1450 1428/1746/1450 1443/1753/1450 1444/1755/1450
f 1422/1733/1451 1421/1747/1451 1436/1754/1451 1437/1756/1451
f 1430/1732/1452 1429/1731/1452 1444/1755/1452 1445/1757/1452
f 1423/1734/1453 1422/1733/1453 1437/1756/1453 1438/1758/1453
f 1416/1736/1454 1093/1759/1454 1431/1760/1454
f 1100/1761/1455 1430/1732/1455 1445/1757/1455
f 1424/1738/1456 1423/1734/1456 1438/1758/1456 1439/1762/1456
f 1417/1739/1457 1416/1736/1457 1431/1760/1457 1432/1763/1457
f 1425/1740/1458 1424/1738/1458 1439/1762/1458 1440/1764/1458
f 1418/1741/1459 1417/1739/1459 1432/1763/1459 1433/1748/1459
f 1426/1742/1460 1425/1740/1460 1440/1764/1460 1441/1750/1460
f 1438/1758/1461 1437/1756/1461 1452/1765/1461 1453/1766/1461
f 1431/1760/1462 1093/1767/1462 1446/1768/1462
f 1100/1769/1463 1445/1757/1463 1460/1770/1463
f 1439/1762/1464 1438/1758/1464 1453/1766/1464 1454/1771/1464
f 1432/1763/1465 1431/1760/1465 1446/1768/1465 1447/1772/1465
f 1440/1764/1466 1439/1762/1466 1454/1771/1466 1455/1773/1466
f 1433/1748/1467 1432/1763/1467 1447/1772/1467 1448/1774/1467
f 1441/1750/1468 1440/1764/1468 1455/1773/1468 1456/1775/1468
f 1434/1749/1469 1433/1748/1469 1448/1774/1469 1449/1776/1469
f 1442/1751/1470 1441/1750/1470 1456/1775/1470 1457/1777/1470
f 1435/1752/1471 1434/1749/1471 1449/1776/1471 1450/1778/1471
f 1443/1753/1472 1442/1751/1472 1457/1777/1472 1458/1779/1472
f 1436/1754/1473 1435/1752/1473 1450/1778/1473 1451/1780/1473
f 1444/1755/1474 1443/1753/1474 1458/1779/1474 1459/1781/1474
f 1437/1756/1475 1436/1754/1475 1451/1780/1475 1452/1765/1475
f 1445/1757/1476 1444/1755/1476 1459/1781/1476 1460/1770/1476
f 1457/1782/1477 1456/1783/1477 1471/1784/1477 1472/1785/1477
f 1450/1786/1478 1449/1787/1478 1464/1788/1478 1465/1789/1478
f 1458/1790/1479 1457/1782/1479 1472/1785/1479 1473/1791/1479
f 1451/1792/1480 1450/1786/1480 1465/1789/1480 1466/1793/1480
f 1459/1794/1481 1458/1790/1481 1473/1791/1481 1474/1795/1481
f 1452/1796/1482 1451/1792/1482 1466/1793/1482 1467/1797/1482
f 1460/1798/1483 1459/1794/1483 1474/1795/1483 1475/1799/1483
f 1453/1800/1484 1452/1796/1484 1467/1797/1484 1468/1801/1484
f 1446/1802/1485 1093/1803/1485 1461/1804/1485
f 1100/1805/1486 1460/1798/1486 1475/1799/1486
f 1454/1806/1487 1453/1800/1487 1468/1801/1487 1469/1807/1487
f 1447/1808/1488 1446/1802/1488 1461/1804/1488 1462/1809/1488
f 1455/1810/1489 1454/1806/1489 1469/1807/1489 1470/1811/1489
f 1448/1812/1490 1447/1808/1490 1462/1809/1490 1463/1813/1490
f 1456/1783/1491 1455/1810/1491 1470/1811/1491 1471/1784/1491
f 1449/1787/1492 1448/1812/1492 1463/1813/1492 1464/1788/1492
f 1461/1804/1493 1093/1814/1493 1476/1815/1493
f 1100/1816/1494 1475/1799/1494 1490/1817/1494
f 1469/1807/1495 1468/1801/1495 1483/1818/1495 1484/1819/1495
f 1462/1809/1496 1461/1804/1496 1476/1815/1496 1477/1820/1496
f 1470/1811/1497 1469/1807/1497 1484/1819/1497 1485/1821/1497
f 1463/1813/1498 1462/1809/1498 1477/1820/1498 1478/1822/1498
f 1471/1784/1499 1470/1811/1499 1485/1821/1499 1486/1823/1499
f 1464/1788/1500 1463/1813/1500 1478/1822/1500 1479/1824/1500
f 1472/1785/1501 1471/1784/1501 1486/1823/1501 1487/1825/1501
f 1465/1789/1502 1464/1788/1502 1479/1824/1502 1480/1826/1502
f 1473/1791/1503 1472/1785/1503 1487/1825/1503 1488/1827/1503
f 1466/1793/1504 1465/1789/1504 1480/1826/1504 1481/1828/1504
f 1474/1795/1505 1473/1791/1505 1488/1827/1505 1489/1829/1505
f 1467/1797/1506 1466/1793/1506 1481/1828/1506 1482/1830/1506
f 1475/1799/1507 1474/1795/1507 1489/1829/1507 1490/1817/1507
f 1468/1801/1508 1467/1797/1508 1482/1830/1508 1483/1818/1508
f 1480/1826/1509 1479/1824/1509 1494/1831/1509 1495/1832/1509
f 1488/1827/1510 1487/1825/1510 1502/1833/1510 1503/1834/1510
f 1481/1828/1511 1480/1826/1511 1495/1832/1511 1496/1835/1511
f 1489/1829/1512 1488/1827/1512 1503/1834/1512 1504/1836/1512
f 1482/1830/1513 1481/1828/1513 1496/1835/1513 1497/1837/1513
f 1490/1817/1514 1489/1829/1514 1504/1836/1514 1505/1838/1514
f 1483/1818/1515 1482/1830/1515 1497/1837/1515 1498/1839/1515
f 1476/1815/1516 1093/1840/1516 1491/1841/1516
f 1100/1842/1517 1490/1817/1517 1505/1838/1517
f 1484/1819/1518 1483/1818/1518 1498/1839/1518 1499/1843/1518
f 1477/1820/1519 1476/1815/1519 1491/1841/1519 1492/1844/1519
f 1485/1821/1520 1484/1819/1520 1499/1843/1520 1500/1845/1520
f 1478/1822/1521 1477/1820/1521 1492/1844/1521 1493/1846/1521
f 1486/1823/1522 1485/1821/1522 1500/1845/1522 1501/1847/1522
f 1479/1824/1523 1478/1822/1523 1493/1846/1523 1494/1831/1523
f 1487/1825/1524 1486/1823/1524 1501/1847/1524 1502/1833/1524
f 1499/1843/1525 1498/1839/1525 1513/1848/1525 1514/1849/1525
f 1492/1844/1526 1491/1841/1526 1506/1850/1526 1507/1851/1526
f 1500/1845/1527 1499/1843/1527 1514/1849/1527 1515/1852/1527
f 1493/1846/1528 1492/1844/1528 1507/1851/1528 1508/1853/1528
f 1501/1847/1529 1500/1845/1529 1515/1852/1529 1516/1854/1529
f 1494/1831/1530 1493/1846/1530 1508/1853/1530 1509/1855/1530
f 1502/1833/1531 1501/1847/1531 1516/1854/1531 1517/1856/1531
f 1495/1832/1532 1494/1831/1532 1509/1855/1532 1510/1857/1532
f 1503/1834/1533 1502/1833/1533 1517/1856/1533 1518/1858/1533
f 1496/1835/1534 1495/1832/1534 1510/1857/1534 1511/1859/1534
f 1504/1836/1535 1503/1834/1535 1518/1858/1535 1519/1860/1535
f 1497/1837/1536 1496/1835/1536 1511/1859/1536 1512/1861/1536
f 1505/1838/1537 1504/1836/1537 1519/1860/1537 1520/1862/1537
f 1498/1839/1538 1497/1837/1538 1512/1861/1538 1513/1848/1538
f 1491/1841/1539 1093/1863/1539 1506/1850/1539
f 1100/1864/1540 1505/1838/1540 1520/1862/1540
f 1518/1858/1541 1517/1856/1541 1532/1865/1541 1533/1866/1541
f 1511/1859/1542 1510/1857/1542 1525/1867/1542 1526/1868/1542
f 1519/1860/1543 1518/1858/1543 1533/1866/1543 1534/1869/1543
f 1512/1861/1544 1511/1859/1544 1526/1868/1544 1527/1870/1544
f 1520/1862/1545 1519/1860/1545 1534/1869/1545 1535/1871/1545
f 1513/1848/1546 1512/1861/1546 1527/1870/1546 1528/1872/1546
f 1506/1850/1547 1093/1873/1547 1521/1874/1547
f 1100/1875/1548 1520/1862/1548 1535/1871/1548
f 1514/1849/1549 1513/1848/1549 1528/1872/1549 1529/1876/1549
f 1507/1851/1550 1506/1850/1550 1521/1874/1550 1522/1877/1550
f 1515/1852/1551 1514/1849/1551 1529/1876/1551 1530/1878/1551
f 1508/1853/1552 1507/1851/1552 1522/1877/1552 1523/1879/1552
f 1516/1854/1553 1515/1852/1553 1530/1878/1553 1531/1880/1553
f 1509/1855/1554 1508/1853/1554 1523/1879/1554 1524/1881/1554
f 1517/1856/1555 1516/1854/1555 1531/1880/1555 1532/1865/1555
f 1510/1857/1556 1509/1855/1556 1524/1881/1556 1525/1867/1556
f 1530/1878/1557 1529/1876/1557 1544/1882/1557 1545/1883/1557
f 1523/1879/1558 1522/1877/1558 1537/1884/1558 1538/1885/1558
f 1531/1880/1559 1530/1878/1559 1545/1883/1559 1546/1886/1559
f 1524/1881/1560 1523/1879/1560 1538/1885/1560 1539/1887/1560
f 1532/1865/1561 1531/1880/1561 1546/1886/1561 1547/1888/1561
f 1525/1867/1562 1524/1881/1562 1539/1887/1562 1540/1889/1562
f 1533/1866/1563 1532/1865/1563 1547/1888/1563 1548/1890/1563
f 1526/1868/1564 1525/1867/1564 1540/1889/1564 1541/1891/1564
f 1534/1869/1565 1533/1866/1565 1548/1890/1565 1549/1892/1565
f 1527/1870/1566 1526/1868/1566 1541/1891/1566 1542/1893/1566
f 1535/1871/1567 1534/1869/1567 1549/1892/1567 1550/1894/1567
f 1528/1872/1568 1527/1870/1568 1542/1893/1568 1543/1895/1568
f 1521/1874/1569 1093/1896/1569 1536/1897/1569
f 1100/1898/1570 1535/1871/1570 1550/1894/1570
f 1529/1876/1571 1528/1872/1571 1543/1895/1571 1544/1882/1571
f 1522/1877/1572 1521/1874/1572 1536/1897/1572 1537/1884/1572
f 1549/1892/1573 1548/1890/1573 1563/1899/1573 1564/1900/1573
f 1542/1893/1574 1541/1891/1574 1556/1901/1574 1557/1902/1574
f 1550/1894/1575 1549/1892/1575 1564/1900/1575 1565/1903/1575
f 1543/1895/1576 1542/1893/1576 1557/1902/1576 1558/1904/1576
f 1536/1897/1577 1093/1905/1577 1551/1906/1577
f 1100/1907/1578 1550/1894/1578 1565/1903/1578
f 1544/1882/1579 1543/1895/1579 1558/1904/1579 1559/1908/1579
f 1537/1884/1580 1536/1897/1580 1551/1906/1580 1552/1909/1580
f 1545/1883/1581 1544/1882/1581 1559/1908/1581 1560/1910/1581
f 1538/1885/1582 1537/1884/1582 1552/1909/1582 1553/1911/1582
f 1546/1886/1583 1545/1883/1583 1560/1910/1583 1561/1912/1583
f 1539/1887/1584 1538/1885/1584 1553/1911/1584 1554/1913/1584
f 1547/1888/1585 1546/1886/1585 1561/1912/1585 1562/1914/1585
f 1540/1889/1586 1539/1887/1586 1554/1913/1586 1555/1915/1586
f 1548/1890/1587 1547/1888/1587 1562/1914/1587 1563/1899/1587
f 1541/1891/1588 1540/1889/1588 1555/1915/1588 1556/1901/1588
f 1553/1911/1589 1552/1909/1589 1567/1364/1589 1094/1363/1589
f 1561/1912/1590 1560/1910/1590 1570/1359/1590 1099/1367/1590
f 1554/1913/1591 1553/1911/1591 1094/1363/1591 1568/1369/1591
f 1562/1914/1592 1561/1912/1592 1099/1367/1592 1571/1371/1592
f 1555/1915/1593 1554/1913/1593 1568/1369/1593 1095/1373/1593
f 1563/1899/1594 1562/1914/1594 1571/1371/1594 1572/1375/1594
f 1556/1901/1595 1555/1915/1595 1095/1373/1595 1569/1377/1595
f 1564/1900/1596 1563/1899/1596 1572/1375/1596 1573/1379/1596
f 1557/1902/1597 1556/1901/1597 1569/1377/1597 1096/1381/1597
f 1565/1903/1598 1564/1900/1598 1573/1379/1598 1574/1383/1598
f 1558/1904/1599 1557/1902/1599 1096/1381/1599 1097/1385/1599
f 1551/1906/1600 1093/1916/1600 1566/1387/1600
f 1100/1917/1601 1565/1903/1601 1574/1383/1601
f 1559/1908/1602 1558/1904/1602 1097/1385/1602 1098/1360/1602
f 1552/1909/1603 1551/1906/1603 1566/1387/1603 1567/1364/1603
f 1560/1910/1604 1559/1908/1604 1098/1360/1604 1570/1359/1604
f 1575/1800/1605 1576/1918/1605 1578/1919/1605 1577/1920/1605
f 1577/1920/1606 1578/1919/1606 1580/1921/1606 1579/1922/1606
f 1579/1922/1607 1580/1921/1607 1582/1923/1607 1581/1924/1607
f 1581/1924/1608 1582/1923/1608 1584/1925/1608 1583/1926/1608
f 1583/1926/1609 1584/1925/1609 1586/1927/1609 1585/1928/1609
f 1585/1928/1610 1586/1927/1610 1588/1929/1610 1587/1930/1610
f 1587/1930/1611 1588/1929/1611 1590/1931/1611 1589/1932/1611
f 1589/1932/1612 1590/1931/1612 1592/1933/1612 1591/1385/1612
f 1591/1385/1613 1592/1933/1613 1594/1934/1613 1593/1386/1613
f 1593/1386/1614 1594/1934/1614 1596/1935/1614 1595/1393/1614
f 1595/1393/1615 1596/1935/1615 1598/1936/1615 1597/1415/1615
f 1597/1415/1616 1598/1936/1616 1600/1937/1616 1599/1439/1616
f 1599/1439/1617 1600/1937/1617 1602/1938/1617 1601/1448/1617
f 1601/1448/1618 1602/1938/1618 1604/1939/1618 1603/1472/1618
f 1603/1472/1619 1604/1939/1619 1606/1940/1619 1605/1481/1619
f 1605/1481/1620 1606/1940/1620 1608/1941/1620 1607/1942/1620
f 1607/1942/1621 1608/1941/1621 1610/1943/1621 1609/1944/1621
f 1609/1944/1622 1610/1943/1622 1612/1945/1622 1611/1946/1622
f 1611/1946/1623 1612/1945/1623 1614/1947/1623 1613/1948/1623
f 1613/1948/1624 1614/1947/1624 1616/1949/1624 1615/1950/1624
f 1615/1950/1625 1616/1949/1625 1618/1951/1625 1617/1952/1625
f 1617/1952/1626 1618/1951/1626 1620/1953/1626 1619/1954/1626
f 1619/1954/1627 1620/1953/1627 1622/1955/1627 1621/1956/1627
f 1621/1956/1628 1622/1955/1628 1624/1957/1628 1623/1958/1628
f 1623/1958/1629 1624/1957/1629 1626/1959/1629 1625/1960/1629
f 1625/1960/1630 1626/1959/1630 1628/1961/1630 1627/1962/1630
f 1627/1962/1631 1628/1961/1631 1630/1963/1631 1629/1964/1631
f 1629/1964/1632 1630/1963/1632 1632/1965/1632 1631/1966/1632
f 1631/1966/1633 1632/1965/1633 1634/1967/1633 1633/1968/1633
f 1633/1968/1634 1634/1967/1634 1636/1969/1634 1635/1970/1634
f 1578/1971/1635 1576/1972/1635 1638/1973/1635 1636/1974/1635 1634/1975/1635 1632/1976/1635 1630/1977/1635 1628/1978/1635 1626/1979/1635 1624/1980/1635 1622/1981/1635 1620/1982/1635 1618/1983/1635 1616/1984/1635 1614/1985/1635 1612/1986/1635 1610/1987/1635 1608/1988/1635 1606/1989/1635 1604/1990/1635 1602/1991/1635 1600/1992/1635 1598/1993/1635 1596/1994/1635 1594/1995/1635 1592/1996/1635 1590/1997/1635 1588/1998/1635 1586/1999/1635 1584/2000/1635 1582/2001/1635 1580/2002/1635
f 1635/1970/1636 1636/1969/1636 1638/2003/1636 1637/2004/1636
f 1637/2004/1637 1638/2003/1637 1576/2005/1637 1575/1766/1637
f 1575/2006/1638 1577/2007/1638 1579/2008/1638 1581/2009/1638 1583/2010/1638 1585/2011/1638 1587/2012/1638 1589/2013/1638 1591/2014/1638 1593/2015/1638 1595/2016/1638 1597/2017/1638 1599/2018/1638 1601/2019/1638 1603/2020/1638 1605/2021/1638 1607/2022/1638 1609/2023/1638 1611/2024/1638 1613/2025/1638 1615/2026/1638 1617/2027/1638 1619/2028/1638 1621/2029/1638 1623/2030/1638 1625/2031/1638 1627/2032/1638 1629/2033/1638 1631/2034/1638 1633/2035/1638 1635/2036/1638 1637/2037/1638
o Sphere.003
v 1.689317 3.375302 -0.404469
v 1.641875 3.300519 -0.620862
v 1.583752 3.194483 -0.721216
v 1.514324 3.061405 -0.767718
v 1.478650 2.990976 -0.768202
v 1.444161 2.921542 -0.753288
v 1.383944 2.796189 -0.680123
v 1.329672 2.658391 -0.330503
v 1.693624 3.356546 -0.481038
v 1.690856 3.324737 -0.553242
v 1.681119 3.281095 -0.618308
v 1.664786 3.227298 -0.673735
v 1.642485 3.165414 -0.717394
v 1.615073 3.097821 -0.747605
v 1.583604 3.027115 -0.763209
v 1.549287 2.956015 -0.763605
v 1.513441 2.887253 -0.748779
v 1.477443 2.823471 -0.719300
v 1.442677 2.767120 -0.676300
v 1.410478 2.720366 -0.621434
v 1.382085 2.685005 -0.556808
v 1.358588 2.662397 -0.484907
v 1.340890 2.653411 -0.408493
v 1.707107 3.350182 -0.477171
v 1.717303 3.312252 -0.545657
v 1.719513 3.262970 -0.607297
v 1.713652 3.204230 -0.659721
v 1.699946 3.138288 -0.700914
v 1.678920 3.067680 -0.729294
v 1.651384 2.995118 -0.743770
v 1.618395 2.923391 -0.743785
v 1.581221 2.855256 -0.729340
v 1.541290 2.793330 -0.700988
v 1.500138 2.739994 -0.659821
v 1.459345 2.697297 -0.607419
v 1.420479 2.666881 -0.545797
v 1.385035 2.649913 -0.477322
v 1.354373 2.647046 -0.404626
v 1.719773 3.344518 -0.470483
v 1.742148 3.301142 -0.532539
v 1.755582 3.246841 -0.588251
v 1.759560 3.183701 -0.635480
v 1.753927 3.114149 -0.672410
v 1.738901 3.040858 -0.697623
v 1.715059 2.966644 -0.710148
v 1.683318 2.894359 -0.709504
v 1.644896 2.826781 -0.695718
v 1.601271 2.766508 -0.669317
v 1.554119 2.715855 -0.631317
v 1.505252 2.676768 -0.583179
v 1.456549 2.650751 -0.526751
v 1.409879 2.638803 -0.464203
v 1.367038 2.641382 -0.397938
v 1.731135 3.339772 -0.461231
v 1.764436 3.291833 -0.514390
v 1.787940 3.233326 -0.561904
v 1.800743 3.166501 -0.601946
v 1.802354 3.093924 -0.632978
v 1.792711 3.018384 -0.653808
v 1.772183 2.942786 -0.663634
v 1.741561 2.870034 -0.662080
v 1.702020 2.802924 -0.649204
v 1.655081 2.744034 -0.625503
v 1.602546 2.695629 -0.591885
v 1.546436 2.659568 -0.549645
v 1.488907 2.637237 -0.500404
v 1.432168 2.629494 -0.446055
v 1.378401 2.636637 -0.388686
v 1.740758 3.336128 -0.449770
v 1.783312 3.284683 -0.491909
v 1.815343 3.222947 -0.529267
v 1.835621 3.153290 -0.560407
v 1.843366 3.078389 -0.584133
v 1.838281 3.001123 -0.599534
v 1.820560 2.924462 -0.606018
v 1.790885 2.851351 -0.603334
v 1.750397 2.784600 -0.591588
v 1.700651 2.726773 -0.571229
v 1.643559 2.680094 -0.543040
v 1.581314 2.646357 -0.508105
v 1.516310 2.626857 -0.467766
v 1.451044 2.622344 -0.423574
v 1.388024 2.632992 -0.377226
v 1.748271 3.333723 -0.436541
v 1.798050 3.279968 -0.465960
v 1.836739 3.216100 -0.491594
v 1.862853 3.144576 -0.512459
v 1.875387 3.068142 -0.527752
v 1.873860 2.989738 -0.536887
v 1.858331 2.912375 -0.539512
v 1.829396 2.839027 -0.535525
v 1.788168 2.772513 -0.525081
v 1.736230 2.715388 -0.508581
v 1.675579 2.669848 -0.486659
v 1.608546 2.637643 -0.460157
v 1.537706 2.620011 -0.430094
v 1.465781 2.617628 -0.397624
v 1.395537 2.630588 -0.363997
v 1.753386 3.332652 -0.422053
v 1.808083 3.277867 -0.437539
v 1.851305 3.213050 -0.450334
v 1.881391 3.140694 -0.459944
v 1.897186 3.063578 -0.466002
v 1.898082 2.984666 -0.468273
v 1.884045 2.906991 -0.466672
v 1.855614 2.833538 -0.461259
v 1.813882 2.767128 -0.452242
v 1.760452 2.710316 -0.439968
v 1.697378 2.665283 -0.424908
v 1.627084 2.633761 -0.407642
v 1.552271 2.616961 -0.388833
v 1.475814 2.615527 -0.369204
v 1.400652 2.629517 -0.349508
v 1.755906 3.332956 -0.406861
v 1.813025 3.278461 -0.407740
v 1.858480 3.213914 -0.407071
v 1.890524 3.141793 -0.404882
v 1.907925 3.064870 -0.401255
v 1.910015 2.986102 -0.396331
v 1.896713 2.908516 -0.390298
v 1.868530 2.835092 -0.383388
v 1.826550 2.768653 -0.375868
v 1.772385 2.711752 -0.368025
v 1.708117 2.666576 -0.360162
v 1.636217 2.634860 -0.352580
v 1.559447 2.617824 -0.345571
v 1.480757 2.616122 -0.339404
v 1.403172 2.629820 -0.334316
v 1.755734 3.334621 -0.391550
v 1.812688 3.281729 -0.377706
v 1.857991 3.218658 -0.363469
v 1.889901 3.147831 -0.349387
v 1.907193 3.071971 -0.336000
v 1.909201 2.993992 -0.323823
v 1.895848 2.916891 -0.313324
v 1.867648 2.843632 -0.304907
v 1.825685 2.777029 -0.298894
v 1.771571 2.719642 -0.295518
v 1.707385 2.673676 -0.294907
v 1.635594 2.640898 -0.297085
v 1.558957 2.622568 -0.301969
v 1.480420 2.619390 -0.309370
v 1.403000 2.631486 -0.319005
v 1.752877 3.337586 -0.376708
v 1.807084 3.287545 -0.348593
v 1.849854 3.227100 -0.321203
v 1.879545 3.158576 -0.295593
v 1.895016 3.084605 -0.272745
v 1.895670 3.008031 -0.253538
v 1.881485 2.931795 -0.238710
v 1.853004 2.858827 -0.228830
v 1.811321 2.791932 -0.224280
v 1.758040 2.733681 -0.225232
v 1.695208 2.686311 -0.231651
v 1.625238 2.651644 -0.243291
v 1.550821 2.631011 -0.259703
v 1.474815 2.625205 -0.280257
v 1.400142 2.634450 -0.304163
v 1.747444 3.341735 -0.362906
v 1.796427 3.295684 -0.321519
v 1.834384 3.238917 -0.281898
v 1.859856 3.173615 -0.245566
v 1.871863 3.102290 -0.213920
v 1.869944 3.027680 -0.188175
v 1.854174 2.952655 -0.169321
v 1.825158 2.880096 -0.158082
v 1.784011 2.812792 -0.154891
v 1.732314 2.753330 -0.159870
v 1.672055 2.703995 -0.172827
v 1.605548 2.666683 -0.193264
v 1.535351 2.642827 -0.220397
v 1.464159 2.633344 -0.253183
v 1.394710 2.638600 -0.290361
v 1.739645 3.346910 -0.350674
v 1.781129 3.305834 -0.297524
v 1.812174 3.253652 -0.247063
v 1.831588 3.192370 -0.201230
v 1.838623 3.124343 -0.161786
v 1.833011 3.052185 -0.130247
v 1.814965 2.978669 -0.107825
v 1.785181 2.906620 -0.095382
v 1.744802 2.838806 -0.093395
v 1.695381 2.777835 -0.101942
v 1.638815 2.726049 -0.120693
v 1.577281 2.685438 -0.148928
v 1.513141 2.657563 -0.185563
v 1.448861 2.643495 -0.229189
v 1.386911 2.643774 -0.278129
v 1.729779 3.352911 -0.340481
v 1.761776 3.317605 -0.277531
v 1.784078 3.270741 -0.218038
v 1.795829 3.214121 -0.164288
v 1.796575 3.149919 -0.118347
v 1.786289 3.080603 -0.081980
v 1.765366 3.008837 -0.056585
v 1.734610 2.937379 -0.043138
v 1.695203 2.868975 -0.042155
v 1.648659 2.806253 -0.053674
v 1.596767 2.751625 -0.077254
v 1.541521 2.707188 -0.111986
v 1.485045 2.674652 -0.156538
v 1.429508 2.655266 -0.209196
v 1.377045 2.649775 -0.267937
v 1.718225 3.359508 -0.332721
v 1.739113 3.330545 -0.262308
v 1.751176 3.289527 -0.195938
v 1.753952 3.238030 -0.136160
v 1.747333 3.178034 -0.085272
v 1.731575 3.111843 -0.045229
v 1.707281 3.042001 -0.017570
v 1.675387 2.971193 -0.003358
v 1.637118 2.902139 -0.003140
v 1.593945 2.837493 -0.016923
v 1.547526 2.779739 -0.044178
v 1.499645 2.731098 -0.083858
v 1.452143 2.693438 -0.134437
v 1.406845 2.668206 -0.193973
v 1.365491 2.656372 -0.260176
v 1.705428 3.366446 -0.327690
v 1.714010 3.344156 -0.252440
v 1.714732 3.309288 -0.181612
v 1.707568 3.263181 -0.117926
v 1.692791 3.207608 -0.063831
v 1.670971 3.144703 -0.021405
v 1.642945 3.076885 0.007721
v 1.609790 3.006761 0.022428
v 1.572781 2.937023 0.022151
v 1.533341 2.870353 0.006900
v 1.492983 2.809313 -0.022738
v 1.453261 2.756248 -0.065624
v 1.415699 2.713198 -0.120111
v 1.381742 2.681817 -0.184105
v 1.352694 2.663311 -0.255145
v 1.691879 3.373461 -0.325583
v 1.687432 3.357916 -0.248307
v 1.676147 3.329263 -0.175611
v 1.658458 3.288605 -0.110288
v 1.635044 3.237503 -0.054850
v 1.606806 3.177922 -0.011426
v 1.574827 3.112150 0.018315
v 1.540338 3.042716 0.033230
v 1.504664 2.972288 0.032745
v 1.469176 2.903572 0.016880
v 1.435236 2.839209 -0.013756
v 1.404151 2.781673 -0.057986
v 1.377114 2.733174 -0.114110
v 1.355164 2.695576 -0.179971
v 1.339145 2.670325 -0.253038
v 1.678098 3.380282 -0.326480
v 1.660400 3.371295 -0.250066
v 1.636903 3.348687 -0.178165
v 1.608510 3.313327 -0.113539
v 1.576312 3.266573 -0.058672
v 1.541546 3.210222 -0.015673
v 1.505548 3.146440 0.013806
v 1.469701 3.077677 0.028632
v 1.435384 3.006577 0.028236
v 1.403915 2.935872 0.012633
v 1.376504 2.868278 -0.017579
v 1.354203 2.806394 -0.061237
v 1.337870 2.752597 -0.116664
v 1.328132 2.708956 -0.181730
v 1.325364 2.677146 -0.253935
v 1.664616 3.386646 -0.330346
v 1.633954 3.383780 -0.257651
v 1.598509 3.366812 -0.189176
v 1.559643 3.336395 -0.127554
v 1.518850 3.293698 -0.075152
v 1.477698 3.240362 -0.033984
v 1.437768 3.178437 -0.005633
v 1.400594 3.110301 0.008812
v 1.367604 3.038574 0.008797
v 1.340068 2.966012 -0.005679
v 1.319043 2.895404 -0.034059
v 1.305336 2.829463 -0.075252
v 1.299475 2.770722 -0.127676
v 1.301686 2.721440 -0.189315
v 1.311882 2.683511 -0.257802
v 1.651950 3.392310 -0.337034
v 1.609109 3.394890 -0.270769
v 1.562440 3.382941 -0.208221
v 1.513736 3.356924 -0.151794
v 1.464869 3.317838 -0.103655
v 1.417717 3.267184 -0.065656
v 1.374092 3.206911 -0.039255
v 1.335671 3.139333 -0.025468
v 1.303929 3.067049 -0.024825
v 1.280087 2.992835 -0.037350
v 1.265061 2.919543 -0.062562
v 1.259429 2.849991 -0.099492
v 1.263406 2.786851 -0.146721
v 1.276841 2.732550 -0.202434
v 1.299216 2.689174 -0.264490
v 1.640587 3.397056 -0.346286
v 1.586820 3.404198 -0.288918
v 1.530082 3.396456 -0.234569
v 1.472552 3.374125 -0.185328
v 1.416442 3.338063 -0.143087
v 1.363908 3.289658 -0.109470
v 1.316968 3.230769 -0.085768
v 1.277428 3.163658 -0.072893
v 1.246805 3.090906 -0.071338
v 1.226278 3.015308 -0.081165
v 1.216634 2.939769 -0.101994
v 1.218245 2.867192 -0.133026
v 1.231048 2.800366 -0.173069
v 1.254552 2.741859 -0.220582
v 1.287853 2.693920 -0.273742
v 1.630965 3.400701 -0.357747
v 1.567945 3.411348 -0.311399
v 1.502678 3.406835 -0.267206
v 1.437674 3.387336 -0.226867
v 1.375430 3.353598 -0.191932
v 1.318338 3.306919 -0.163744
v 1.268592 3.249093 -0.143385
v 1.228103 3.182342 -0.131638
v 1.198428 3.109231 -0.128955
v 1.180708 3.032569 -0.135438
v 1.175622 2.955303 -0.150839
v 1.183367 2.880403 -0.174566
v 1.203645 2.810746 -0.205706
v 1.235676 2.749009 -0.243063
v 1.278230 2.697565 -0.285202
v 1.623451 3.403105 -0.370976
v 1.553207 3.416064 -0.337348
v 1.481283 3.413682 -0.304879
v 1.410443 3.396049 -0.274816
v 1.343409 3.363844 -0.248314
v 1.282758 3.318304 -0.226391
v 1.230820 3.261179 -0.209891
v 1.189592 3.194665 -0.199447
v 1.160657 3.121317 -0.195461
v 1.145128 3.043954 -0.198086
v 1.143601 2.965550 -0.207220
v 1.156136 2.889117 -0.222514
v 1.182249 2.817592 -0.243379
v 1.220939 2.753725 -0.269013
v 1.270717 2.699969 -0.298431
v 1.618337 3.404176 -0.385465
v 1.543174 3.418165 -0.365769
v 1.466717 3.416732 -0.346139
v 1.391904 3.399931 -0.327330
v 1.321610 3.368409 -0.310064
v 1.258537 3.323376 -0.295005
v 1.205107 3.266564 -0.282731
v 1.163375 3.200155 -0.273714
v 1.134944 3.126701 -0.268301
v 1.120906 3.049026 -0.266699
v 1.121803 2.970114 -0.268971
v 1.137597 2.892999 -0.275028
v 1.167684 2.820642 -0.284639
v 1.210906 2.755826 -0.297433
v 1.265603 2.701040 -0.312920
v 1.615817 3.403872 -0.400656
v 1.538231 3.417570 -0.395569
v 1.459542 3.415868 -0.389402
v 1.382771 3.398832 -0.382393
v 1.310871 3.367116 -0.374811
v 1.246603 3.321940 -0.366947
v 1.192439 3.265039 -0.359105
v 1.150459 3.198600 -0.351584
v 1.122276 3.125177 -0.344675
v 1.108974 3.047590 -0.338642
v 1.111063 2.968822 -0.333718
v 1.128464 2.891899 -0.330091
v 1.160508 2.819778 -0.327901
v 1.205963 2.755231 -0.327233
v 1.263083 2.700737 -0.328112
v 1.615989 3.402206 -0.415967
v 1.538569 3.414302 -0.425602
v 1.460031 3.411124 -0.433004
v 1.383394 3.392794 -0.437887
v 1.311604 3.360016 -0.440066
v 1.247418 3.314051 -0.439455
v 1.193303 3.256664 -0.436078
v 1.151340 3.190061 -0.430066
v 1.123140 3.116801 -0.421648
v 1.109788 3.039701 -0.411149
v 1.111796 2.961722 -0.398972
v 1.129087 2.885861 -0.385586
v 1.160998 2.815034 -0.371503
v 1.206300 2.751963 -0.357267
v 1.263255 2.699071 -0.343423
v 1.618846 3.399242 -0.430809
v 1.544173 3.408487 -0.454715
v 1.468168 3.402682 -0.475269
v 1.393750 3.382049 -0.491682
v 1.323781 3.347381 -0.503321
v 1.260948 3.300012 -0.509740
v 1.207667 3.241760 -0.510693
v 1.165985 3.174865 -0.506142
v 1.137504 3.101897 -0.496263
v 1.123318 3.025661 -0.481435
v 1.123973 2.949087 -0.462228
v 1.139443 2.875116 -0.439380
v 1.169134 2.806592 -0.413769
v 1.211905 2.746148 -0.386380
v 1.266112 2.696106 -0.358264
v 1.624278 3.395093 -0.444611
v 1.554829 3.400348 -0.481789
v 1.483638 3.390865 -0.514575
v 1.413440 3.367010 -0.541708
v 1.346934 3.329697 -0.562146
v 1.286674 3.280362 -0.575103
v 1.234978 3.220900 -0.580081
v 1.193831 3.153596 -0.576890
v 1.164815 3.081038 -0.565651
v 1.149044 3.006012 -0.546797
v 1.147126 2.931403 -0.521053
v 1.159133 2.860077 -0.489406
v 1.184604 2.794776 -0.453075
v 1.222561 2.738008 -0.413454
v 1.271544 2.691957 -0.372067
v 1.632077 3.389918 -0.456844
v 1.570128 3.390198 -0.505784
v 1.505848 3.376130 -0.549410
v 1.441708 3.348255 -0.586044
v 1.380173 3.307643 -0.614280
v 1.323608 3.255857 -0.633031
v 1.274186 3.194886 -0.641577
v 1.233808 3.127073 -0.639591
v 1.204023 3.055024 -0.627147
v 1.185978 2.981507 -0.604725
v 1.180365 2.909349 -0.573186
v 1.187401 2.841322 -0.533742
v 1.206814 2.780040 -0.487909
v 1.237859 2.727859 -0.437448
v 1.279343 2.686783 -0.384299
v 1.641943 3.383917 -0.467036
v 1.589480 3.378427 -0.525777
v 1.533944 3.359040 -0.578435
v 1.477467 3.326504 -0.622986
v 1.422221 3.282068 -0.657719
v 1.370330 3.227439 -0.681298
v 1.323786 3.164717 -0.692817
v 1.284379 3.096313 -0.691835
v 1.253623 3.024855 -0.678387
v 1.232700 2.953089 -0.652992
v 1.222414 2.883773 -0.616625
v 1.223160 2.819571 -0.570684
v 1.234910 2.762951 -0.516934
v 1.257212 2.716087 -0.457441
v 1.289209 2.680782 -0.394491
v 1.653497 3.377321 -0.474796
v 1.612144 3.365487 -0.541000
v 1.566846 3.340255 -0.600535
v 1.519343 3.302594 -0.651114
v 1.471463 3.253953 -0.690794
v 1.425044 3.196200 -0.718049
v 1.381870 3.131554 -0.731833
v 1.343601 3.062500 -0.731614
v 1.311707 2.991691 -0.717402
v 1.287414 2.921850 -0.689744
v 1.271655 2.855659 -0.649701
v 1.265036 2.795662 -0.598813
v 1.267812 2.744165 -0.539035
v 1.279876 2.703147 -0.472664
v 1.300763 2.674185 -0.402252
v 1.666294 3.370382 -0.479827
v 1.637247 3.351876 -0.550868
v 1.603290 3.320494 -0.614861
v 1.565728 3.277444 -0.669348
v 1.526005 3.224379 -0.712234
v 1.485648 3.163339 -0.741873
v 1.446207 3.096669 -0.757123
v 1.409199 3.026932 -0.757400
v 1.376044 2.956807 -0.742693
v 1.348018 2.888989 -0.713567
v 1.326197 2.826085 -0.671141
v 1.311421 2.770512 -0.617046
v 1.304256 2.724405 -0.553361
v 1.304978 2.689536 -0.482532
v 1.313560 2.667246 -0.407282
v 1.679844 3.363367 -0.481934
v 1.663825 3.338116 -0.555001
v 1.614838 3.252020 -0.676986
v 1.549813 3.130121 -0.751852
v 1.412183 2.855771 -0.723547
v 1.360530 2.745087 -0.624684
v 1.342841 2.704429 -0.559362
v 1.331557 2.675776 -0.486666
v 1.327110 2.660231 -0.409390
v 0.042729 0.113063 -0.294961
v 1.529795 3.077362 -0.600797
v 0.082491 0.093383 -0.292373
v 1.569557 3.057682 -0.598209
v 0.121392 0.075019 -0.281217
v 1.608458 3.039318 -0.587053
v 0.157938 0.058677 -0.261920
v 1.645004 3.022975 -0.567756
v 0.190723 0.044984 -0.235224
v 1.677789 3.009283 -0.541060
v 0.218488 0.034467 -0.202156
v 1.705554 2.998766 -0.507992
v 0.240166 0.027530 -0.163986
v 1.727232 2.991829 -0.469822
v 0.254924 0.024440 -0.122181
v 1.741990 2.988739 -0.428017
v 0.262195 0.025315 -0.078348
v 1.749260 2.989614 -0.384184
v 0.261698 0.030122 -0.034170
v 1.748764 2.994421 -0.340006
v 0.253455 0.038676 0.008654
v 1.740521 3.002975 -0.297182
v 0.237780 0.050648 0.048478
v 1.724846 3.014947 -0.257358
v 0.215277 0.065578 0.083772
v 1.702343 3.029877 -0.222063
v 0.186810 0.082893 0.113181
v 1.673876 3.047192 -0.192655
v 0.153474 0.101927 0.135573
v 1.640540 3.066226 -0.170263
v 0.116549 0.121948 0.150088
v 1.603615 3.086247 -0.155748
v 0.077454 0.142188 0.156168
v 1.564520 3.106486 -0.149667
v 0.037692 0.161868 0.153581
v 1.524758 3.126166 -0.152255
v -0.001209 0.180232 0.142424
v 1.485857 3.144530 -0.163412
v -0.037754 0.196574 0.123127
v 1.449312 3.160873 -0.182709
v -0.070539 0.210267 0.096432
v 1.416526 3.174565 -0.209404
v -0.098305 0.220783 0.063364
v 1.388761 3.185082 -0.242472
v -0.119983 0.227720 0.025194
v 1.367083 3.192019 -0.280642
v -0.134740 0.230811 -0.016612
v 1.352325 3.195109 -0.322447
v -0.142011 0.229936 -0.060445
v 1.345055 3.194234 -0.366281
v -0.141515 0.225129 -0.104623
v 1.345551 3.189427 -0.410458
v -0.133271 0.216575 -0.147446
v 1.353795 3.180874 -0.453282
v -0.117597 0.204603 -0.187271
v 1.369469 3.168901 -0.493107
v -0.095094 0.189673 -0.222565
v 1.391972 3.153971 -0.528401
v -0.066627 0.172358 -0.251974
v 1.420439 3.136657 -0.557809
v -0.033290 0.153324 -0.274366
v 1.453776 3.117623 -0.580202
v 0.003635 0.133303 -0.288881
v 1.490701 3.097601 -0.594717
vn -0.1184 -0.3608 -0.9251
vn 0.3986 0.7329 -0.5513
vn -0.1998 -0.5135 -0.8345
vn 0.3516 0.6179 -0.7033
vn -0.2738 -0.6468 -0.7118
vn 0.2911 0.4792 -0.8280
vn -0.3374 -0.7555 -0.5616
vn 0.2195 0.3225 -0.9208
vn -0.3881 -0.8353 -0.3895
vn 0.1397 0.1537 -0.9782
vn -0.4238 -0.8829 -0.2020
vn 0.0547 -0.0208 -0.9983
vn 0.4454 0.8751 -0.1893
vn -0.4432 -0.8964 -0.0065
vn -0.0324 -0.1945 -0.9804
vn 0.4304 0.8198 -0.3777
vn -0.4261 -0.9047 -0.0035
vn 0.1411 -0.2784 -0.9501
vn 0.4812 0.7953 -0.3688
vn 0.0485 -0.4415 -0.8960
vn 0.4811 0.6930 -0.5368
vn -0.0459 -0.5879 -0.8076
vn 0.4625 0.5642 -0.6839
vn -0.1388 -0.7121 -0.6882
vn 0.4261 0.4139 -0.8044
vn -0.2265 -0.8091 -0.5422
vn 0.3735 0.2481 -0.8939
vn -0.3056 -0.8752 -0.3750
vn 0.3066 0.0730 -0.9490
vn -0.3730 -0.9075 -0.1931
vn 0.2282 -0.1047 -0.9680
vn 0.4626 0.8668 -0.1863
vn -0.1201 -0.8581 -0.4993
vn 0.5211 0.1802 -0.8343
vn -0.2265 -0.9116 -0.3431
vn 0.4667 -0.0007 -0.8844
vn -0.3243 -0.9299 -0.1734
vn 0.3946 -0.1813 -0.9008
vn 0.4791 0.8592 -0.1796
vn -0.4096 -0.9123 0.0031
vn 0.3075 -0.3549 -0.8829
vn 0.5299 0.7728 -0.3491
vn 0.2086 -0.5151 -0.8313
vn 0.5602 0.6566 -0.5049
vn 0.1017 -0.6558 -0.7480
vn 0.5689 0.5153 -0.6410
vn -0.0093 -0.7717 -0.6360
vn 0.5556 0.3544 -0.7521
vn 0.5747 0.7534 -0.3194
vn 0.3557 -0.5789 -0.7338
vn 0.6330 0.6252 -0.4567
vn 0.2374 -0.7146 -0.6580
vn 0.6666 0.4729 -0.5761
vn 0.1097 -0.8232 -0.5570
vn 0.6746 0.3028 -0.6732
vn -0.0223 -0.9004 -0.4344
vn 0.6567 0.1214 -0.7443
vn -0.1538 -0.9431 -0.2949
vn 0.6138 -0.0644 -0.7868
vn -0.2795 -0.9493 -0.1437
vn 0.5475 -0.2475 -0.7994
vn 0.4942 0.8526 -0.1696
vn -0.3945 -0.9188 0.0132
vn 0.4604 -0.4212 -0.7814
vn 0.7752 0.0740 -0.6274
vn -0.0903 -0.9685 -0.2322
vn 0.7423 -0.1158 -0.6600
vn -0.2403 -0.9650 -0.1051
vn 0.6811 -0.3009 -0.6675
vn 0.5074 0.8474 -0.1566
vn -0.3812 -0.9241 0.0262
vn 0.5939 -0.4746 -0.6496
vn 0.6139 0.7378 -0.2808
vn 0.4842 -0.6302 -0.6070
vn 0.6964 0.5998 -0.3940
vn 0.3558 -0.7620 -0.5411
vn 0.7520 0.4388 -0.4919
vn 0.2137 -0.8648 -0.4544
vn 0.7786 0.2613 -0.5706
vn 0.0631 -0.9346 -0.3502
vn 0.5891 -0.6672 -0.4558
vn 0.7483 0.5815 -0.3193
vn 0.4526 -0.7961 -0.4017
vn 0.8217 0.4142 -0.3914
vn 0.2985 -0.8947 -0.3322
vn 0.8634 0.2313 -0.4483
vn 0.1328 -0.9592 -0.2497
vn 0.8720 0.0399 -0.4880
vn -0.0384 -0.9868 -0.1575
vn 0.8472 -0.1528 -0.5089
vn -0.2084 -0.9763 -0.0591
vn 0.7901 -0.3394 -0.5104
vn 0.5182 0.8435 -0.1410
vn -0.3705 -0.9279 0.0418
vn 0.7030 -0.5131 -0.4925
vn 0.6458 0.7265 -0.2347
vn -0.0002 -0.9973 -0.0736
vn 0.9245 -0.1741 -0.3392
vn -0.1848 -0.9827 -0.0074
vn 0.8705 -0.3615 -0.3340
vn 0.5262 0.8414 -0.1236
vn -0.3625 -0.9301 0.0592
vn 0.7834 -0.5352 -0.3161
vn 0.6694 0.7200 -0.1831
vn 0.6664 -0.6885 -0.2861
vn 0.7865 0.5709 -0.2354
vn 0.5239 -0.8157 -0.2452
vn 0.8731 0.4001 -0.2786
vn 0.3611 -0.9119 -0.1949
vn 0.9260 0.2141 -0.3111
vn 0.1841 -0.9733 -0.1370
vn 0.9432 0.0203 -0.3315
vn 0.8096 0.5686 -0.1456
vn 0.5670 -0.8201 -0.0777
vn 0.9042 0.3969 -0.1579
vn 0.3989 -0.9157 -0.0479
vn 0.9638 0.2103 -0.1641
vn 0.2152 -0.9764 -0.0162
vn 0.9863 0.0159 -0.1639
vn 0.0229 -0.9996 0.0162
vn 0.9712 -0.1788 -0.1575
vn -0.1706 -0.9842 0.0479
vn 0.9191 -0.3664 -0.1451
vn 0.5310 0.8409 -0.1049
vn -0.3577 -0.9306 0.0779
vn 0.8319 -0.5401 -0.1272
vn 0.6836 0.7186 -0.1277
vn 0.7131 -0.6932 -0.1044
vn 0.9856 -0.1667 0.0292
vn -0.1662 -0.9805 0.1048
vn 0.9340 -0.3539 0.0490
vn 0.5325 0.8421 -0.0856
vn -0.3562 -0.9293 0.0971
vn 0.8469 -0.5275 0.0669
vn 0.6880 0.7223 -0.0709
vn 0.7275 -0.6812 0.0823
vn 0.8167 0.5746 -0.0533
vn 0.5802 -0.8090 0.0945
vn 0.9137 0.4049 -0.0338
vn 0.4105 -0.9060 0.1032
vn 0.9754 0.2200 -0.0130
vn 0.2248 -0.9684 0.1079
vn 0.9996 0.0270 0.0083
vn 0.0300 -0.9936 0.1085
vn 0.5631 -0.7828 0.2648
vn 0.9014 0.4238 0.0889
vn 0.3955 -0.8831 0.2525
vn 0.9604 0.2430 0.1363
vn 0.2124 -0.9496 0.2306
vn 0.9825 0.0532 0.1785
vn 0.0208 -0.9796 0.1997
vn 0.9670 -0.1384 0.2138
vn -0.1719 -0.9719 0.1610
vn 0.9147 -0.3244 0.2409
vn 0.5305 0.8450 -0.0667
vn -0.3581 -0.9264 0.1161
vn 0.8276 -0.4981 0.2588
vn 0.6823 0.7309 -0.0146
vn 0.7089 -0.6528 0.2669
vn 0.8075 0.5886 0.0379
vn -0.1873 -0.9586 0.2144
vn 0.8620 -0.2792 0.4232
vn 0.5253 0.8495 -0.0486
vn -0.3633 -0.9219 0.1341
vn 0.7749 -0.4528 0.4411
vn 0.6669 0.7442 0.0388
vn 0.6582 -0.6093 0.4422
vn 0.7825 0.6101 0.1246
vn 0.5163 -0.7427 0.4265
vn 0.8677 0.4527 0.2054
vn 0.3545 -0.8478 0.3944
vn 0.9193 0.2782 0.2782
vn 0.1787 -0.9206 0.3471
vn 0.9357 0.0933 0.3402
vn -0.0043 -0.9581 0.2864
vn 0.9163 -0.0948 0.3891
vn 0.2889 -0.8017 0.5233
vn 0.8538 0.3244 0.4072
vn 0.1249 -0.8827 0.4530
vn 0.8610 0.1460 0.4872
vn -0.0443 -0.9299 0.3651
vn 0.8353 -0.0377 0.5485
vn -0.2120 -0.9412 0.2630
vn 0.7778 -0.2198 0.5889
vn 0.5170 0.8554 -0.0322
vn -0.3717 -0.9161 0.1505
vn 0.6906 -0.3935 0.6068
vn 0.6422 0.7615 0.0873
vn 0.5772 -0.5522 0.6016
vn 0.7424 0.6383 0.2033
vn 0.4416 -0.6900 0.5735
vn 0.8138 0.4907 0.3113
vn 0.5059 0.8624 -0.0181
vn -0.3828 -0.9090 0.1647
vn 0.5782 -0.3223 0.7495
vn 0.6093 0.7824 0.1291
vn 0.4691 -0.4838 0.7389
vn 0.6890 0.6721 0.2712
vn 0.3419 -0.6269 0.7001
vn 0.7420 0.5361 0.4026
vn 0.2014 -0.7463 0.6344
vn 0.7663 0.3797 0.5182
vn 0.0530 -0.8372 0.5443
vn 0.7613 0.2091 0.6138
vn -0.0977 -0.8961 0.4330
vn 0.7271 0.0307 0.6858
vn -0.2449 -0.9204 0.3048
vn 0.6653 -0.1487 0.7316
vn 0.6602 0.4421 0.6071
vn -0.0341 -0.7860 0.6173
vn 0.6403 0.2802 0.7152
vn -0.1626 -0.8580 0.4873
vn 0.5960 0.1078 0.7957
vn -0.2849 -0.8969 0.3383
vn 0.5290 -0.0685 0.8458
vn 0.4924 0.8704 -0.0068
vn -0.3963 -0.9011 0.1760
vn 0.4419 -0.2422 0.8638
vn 0.5693 0.8059 0.1626
vn 0.3379 -0.4067 0.8488
vn 0.6242 0.7103 0.3255
vn 0.2210 -0.5558 0.8014
vn 0.6548 0.5874 0.4756
vn 0.0954 -0.6839 0.7233
vn 0.2869 -0.1560 0.9452
vn 0.5239 0.8311 0.1864
vn 0.1889 -0.3238 0.9271
vn 0.5505 0.7512 0.3642
vn 0.0835 -0.4794 0.8736
vn 0.5558 0.6424 0.5276
vn -0.0252 -0.6169 0.7867
vn 0.5396 0.5092 0.6705
vn -0.1332 -0.7309 0.6693
vn 0.5029 0.3566 0.7874
vn -0.2362 -0.8170 0.5260
vn 0.4469 0.1907 0.8740
vn -0.3303 -0.8717 0.3621
vn 0.3740 0.0176 0.9272
vn 0.4770 0.8789 0.0013
vn -0.4116 -0.8926 0.1840
vn -0.2404 -0.6742 0.6984
vn 0.3541 0.4354 0.8277
vn -0.3159 -0.7748 0.5476
vn 0.2857 0.2761 0.9177
vn -0.3794 -0.8456 0.3754
vn 0.2064 0.1064 0.9727
vn 0.4605 0.8877 0.0058
vn -0.4282 -0.8838 0.1885
vn 0.1193 -0.0672 0.9906
vn 0.4748 0.8571 0.1997
vn 0.0276 -0.2384 0.9708
vn 0.4708 0.7934 0.3858
vn -0.0653 -0.4006 0.9139
vn 0.4486 0.6992 0.5567
vn -0.1557 -0.5478 0.8220
vn 0.4092 0.5783 0.7058
vn 0.4238 0.8829 0.2020
vn -0.1397 -0.1537 0.9782
vn 0.3881 0.8353 0.3895
vn -0.2195 -0.3225 0.9208
vn 0.3374 0.7555 0.5616
vn -0.2911 -0.4792 0.8280
vn 0.2738 0.6468 0.7118
vn -0.3516 -0.6179 0.7033
vn 0.1998 0.5135 0.8345
vn -0.3986 -0.7329 0.5513
vn 0.1184 0.3608 0.9251
vn -0.4304 -0.8198 0.3777
vn 0.0324 0.1945 0.9804
vn 0.4432 0.8964 0.0065
vn -0.4454 -0.8751 0.1893
vn -0.0547 0.0208 0.9983
vn 0.0459 0.5879 0.8076
vn -0.4811 -0.6930 0.5368
vn -0.0485 0.4415 0.8960
vn -0.4812 -0.7953 0.3688
vn -0.1411 0.2784 0.9501
vn 0.4261 0.9047 0.0035
vn -0.4626 -0.8668 0.1863
vn -0.2282 0.1047 0.9680
vn 0.3730 0.9075 0.1931
vn -0.3066 -0.0730 0.9490
vn 0.3056 0.8752 0.3750
vn -0.3735 -0.2481 0.8939
vn 0.2265 0.8091 0.5422
vn -0.4261 -0.4139 0.8044
vn 0.1388 0.7121 0.6882
vn -0.4625 -0.5642 0.6839
vn -0.4667 0.0007 0.8844
vn 0.2265 0.9116 0.3431
vn -0.5211 -0.1802 0.8343
vn 0.1201 0.8581 0.4993
vn -0.5556 -0.3544 0.7521
vn 0.0093 0.7717 0.6360
vn -0.5689 -0.5153 0.6410
vn -0.1017 0.6558 0.7480
vn -0.5602 -0.6566 0.5049
vn -0.2086 0.5151 0.8313
vn -0.5299 -0.7728 0.3491
vn -0.3075 0.3549 0.8829
vn 0.4096 0.9123 -0.0031
vn -0.4791 -0.8592 0.1796
vn -0.3946 0.1813 0.9008
vn 0.3243 0.9299 0.1734
vn -0.6330 -0.6252 0.4567
vn -0.3557 0.5789 0.7338
vn -0.5747 -0.7534 0.3194
vn -0.4604 0.4212 0.7814
vn 0.3945 0.9188 -0.0132
vn -0.4942 -0.8526 0.1696
vn -0.5475 0.2475 0.7994
vn 0.2795 0.9493 0.1437
vn -0.6138 0.0644 0.7868
vn 0.1538 0.9431 0.2949
vn -0.6567 -0.1214 0.7443
vn 0.0223 0.9004 0.4344
vn -0.6746 -0.3028 0.6732
vn -0.1097 0.8232 0.5570
vn -0.6666 -0.4729 0.5761
vn -0.2374 0.7146 0.6580
vn -0.7752 -0.0740 0.6274
vn -0.0631 0.9346 0.3502
vn -0.7786 -0.2613 0.5706
vn -0.2137 0.8648 0.4544
vn -0.7520 -0.4388 0.4919
vn -0.3558 0.7620 0.5411
vn -0.6964 -0.5998 0.3940
vn -0.4842 0.6302 0.6070
vn -0.6139 -0.7378 0.2808
vn -0.5939 0.4746 0.6496
vn 0.3813 0.9241 -0.0262
vn -0.5074 -0.8474 0.1566
vn -0.6811 0.3009 0.6675
vn 0.2403 0.9650 0.1051
vn -0.7423 0.1158 0.6600
vn 0.0903 0.9685 0.2322
vn -0.6458 -0.7265 0.2347
vn -0.7030 0.5131 0.4925
vn 0.3705 0.9279 -0.0418
vn -0.5182 -0.8435 0.1410
vn -0.7901 0.3394 0.5104
vn 0.2084 0.9763 0.0591
vn -0.8472 0.1528 0.5089
vn 0.0384 0.9868 0.1575
vn -0.8720 -0.0399 0.4880
vn -0.1328 0.9592 0.2497
vn -0.8634 -0.2313 0.4483
vn -0.2985 0.8947 0.3322
vn -0.8217 -0.4142 0.3914
vn -0.4526 0.7961 0.4017
vn -0.7483 -0.5815 0.3193
vn -0.5891 0.6672 0.4558
vn -0.1841 0.9733 0.1370
vn -0.9260 -0.2141 0.3111
vn -0.3611 0.9119 0.1949
vn -0.8731 -0.4001 0.2786
vn -0.5239 0.8157 0.2452
vn -0.7865 -0.5709 0.2354
vn -0.6664 0.6885 0.2861
vn -0.6694 -0.7200 0.1831
vn -0.7834 0.5352 0.3161
vn 0.3625 0.9301 -0.0592
vn -0.5262 -0.8414 0.1236
vn -0.8705 0.3615 0.3340
vn 0.1848 0.9827 0.0074
vn -0.9245 0.1741 0.3392
vn 0.0002 0.9973 0.0736
vn -0.9432 -0.0203 0.3315
vn -0.8319 0.5401 0.1272
vn 0.3577 0.9306 -0.0779
vn -0.5310 -0.8409 0.1049
vn -0.9191 0.3664 0.1451
vn 0.1706 0.9842 -0.0479
vn -0.9712 0.1788 0.1575
vn -0.0229 0.9996 -0.0162
vn -0.9863 -0.0159 0.1639
vn -0.2152 0.9764 0.0162
vn -0.9638 -0.2103 0.1641
vn -0.3989 0.9157 0.0479
vn -0.9042 -0.3969 0.1579
vn -0.5670 0.8201 0.0777
vn -0.8096 -0.5686 0.1456
vn -0.7131 0.6932 0.1044
vn -0.6836 -0.7186 0.1277
vn -0.9754 -0.2200 0.0130
vn -0.4105 0.9060 -0.1032
vn -0.9137 -0.4049 0.0338
vn -0.5802 0.8090 -0.0945
vn -0.8167 -0.5746 0.0533
vn -0.7275 0.6812 -0.0823
vn -0.6880 -0.7223 0.0709
vn -0.8469 0.5275 -0.0669
vn 0.3562 0.9293 -0.0971
vn -0.5325 -0.8421 0.0856
vn -0.9340 0.3539 -0.0490
vn 0.1662 0.9805 -0.1048
vn -0.9856 0.1667 -0.0292
vn -0.0300 0.9936 -0.1085
vn -0.9996 -0.0270 -0.0083
vn -0.2248 0.9684 -0.1079
vn 0.3581 0.9264 -0.1161
vn -0.5305 -0.8450 0.0667
vn -0.9147 0.3244 -0.2409
vn 0.1719 0.9719 -0.1610
vn -0.9670 0.1384 -0.2138
vn -0.0208 0.9796 -0.1997
vn -0.9825 -0.0532 -0.1785
vn -0.2124 0.9496 -0.2306
vn -0.9604 -0.2430 -0.1363
vn -0.3955 0.8831 -0.2525
vn -0.9014 -0.4238 -0.0889
vn -0.5631 0.7828 -0.2648
vn -0.8075 -0.5886 -0.0379
vn -0.7089 0.6528 -0.2669
vn -0.6823 -0.7309 0.0146
vn -0.8276 0.4981 -0.2588
vn -0.3545 0.8478 -0.3944
vn -0.8677 -0.4527 -0.2054
vn -0.5163 0.7427 -0.4265
vn -0.7825 -0.6101 -0.1246
vn -0.6582 0.6093 -0.4422
vn -0.6669 -0.7442 -0.0388
vn -0.7749 0.4528 -0.4411
vn 0.3633 0.9219 -0.1341
vn -0.5253 -0.8495 0.0486
vn -0.8620 0.2792 -0.4232
vn 0.1873 0.9586 -0.2144
vn -0.9163 0.0948 -0.3891
vn 0.0043 0.9581 -0.2864
vn -0.9357 -0.0933 -0.3402
vn -0.1787 0.9206 -0.3471
vn -0.9193 -0.2782 -0.2782
vn -0.7778 0.2198 -0.5889
vn 0.2120 0.9412 -0.2630
vn -0.8353 0.0377 -0.5485
vn 0.0443 0.9299 -0.3651
vn -0.8610 -0.1460 -0.4872
vn -0.1249 0.8827 -0.4530
vn -0.8538 -0.3244 -0.4072
vn -0.2889 0.8016 -0.5233
vn -0.8138 -0.4907 -0.3113
vn -0.4416 0.6900 -0.5735
vn -0.7424 -0.6383 -0.2033
vn -0.5772 0.5522 -0.6016
vn -0.6422 -0.7615 -0.0873
vn -0.6906 0.3935 -0.6068
vn 0.3717 0.9161 -0.1505
vn -0.5170 -0.8554 0.0322
vn -0.7420 -0.5361 -0.4026
vn -0.3419 0.6269 -0.7001
vn -0.6890 -0.6721 -0.2712
vn -0.4691 0.4838 -0.7389
vn -0.6093 -0.7824 -0.1291
vn -0.5782 0.3223 -0.7495
vn 0.3828 0.9090 -0.1647
vn -0.5059 -0.8624 0.0181
vn -0.6653 0.1487 -0.7316
vn 0.2449 0.9204 -0.3048
vn -0.7271 -0.0307 -0.6858
vn 0.0977 0.8961 -0.4330
vn -0.7613 -0.2091 -0.6138
vn -0.0530 0.8372 -0.5443
vn -0.7663 -0.3797 -0.5182
vn -0.2014 0.7463 -0.6344
vn -0.5960 -0.1078 -0.7957
vn 0.1626 0.8580 -0.4873
vn -0.6403 -0.2802 -0.7152
vn 0.0341 0.7860 -0.6173
vn -0.6602 -0.4421 -0.6071
vn -0.0954 0.6839 -0.7233
vn -0.6548 -0.5874 -0.4756
vn -0.2210 0.5558 -0.8014
vn -0.6242 -0.7103 -0.3255
vn -0.3379 0.4067 -0.8488
vn -0.5693 -0.8059 -0.1626
vn -0.4419 0.2422 -0.8638
vn 0.3963 0.9011 -0.1760
vn -0.4924 -0.8704 0.0068
vn -0.5290 0.0685 -0.8458
vn 0.2849 0.8969 -0.3383
vn -0.5505 -0.7512 -0.3642
vn -0.1889 0.3238 -0.9271
vn -0.5239 -0.8311 -0.1864
vn -0.2869 0.1560 -0.9452
vn 0.4116 0.8926 -0.1840
vn -0.4770 -0.8789 -0.0013
vn -0.3740 -0.0176 -0.9272
vn 0.3303 0.8717 -0.3621
vn -0.4469 -0.1907 -0.8740
vn 0.2362 0.8170 -0.5260
vn -0.5029 -0.3566 -0.7874
vn 0.1332 0.7309 -0.6693
vn -0.5396 -0.5092 -0.6705
vn 0.0252 0.6169 -0.7867
vn -0.5558 -0.6424 -0.5276
vn -0.0835 0.4794 -0.8736
vn 0.3159 0.7748 -0.5476
vn -0.3541 -0.4354 -0.8277
vn 0.2404 0.6742 -0.6984
vn -0.4092 -0.5783 -0.7058
vn 0.1557 0.5478 -0.8220
vn -0.4486 -0.6992 -0.5567
vn 0.0653 0.4006 -0.9139
vn -0.4708 -0.7934 -0.3858
vn -0.0276 0.2384 -0.9708
vn -0.4748 -0.8571 -0.1997
vn -0.1193 0.0672 -0.9906
vn 0.4282 0.8838 -0.1885
vn -0.4604 -0.8877 -0.0058
vn -0.2064 -0.1064 -0.9727
vn 0.3794 0.8456 -0.3754
vn -0.2857 -0.2761 -0.9177
vn 0.0112 -0.1082 -0.9941
vn 0.1855 -0.1925 -0.9636
vn 0.3527 -0.2694 -0.8961
vn 0.5064 -0.3360 -0.7942
vn 0.6406 -0.3896 -0.6617
vn 0.7501 -0.4283 -0.5039
vn 0.8309 -0.4505 -0.3266
vn 0.8797 -0.4554 -0.1368
vn 0.8947 -0.4428 0.0582
vn 0.8753 -0.4132 0.2510
vn 0.8223 -0.3677 0.4342
vn 0.7377 -0.3081 0.6007
vn 0.6248 -0.2366 0.7441
vn 0.4878 -0.1561 0.8589
vn 0.3321 -0.0695 0.9407
vn 0.1636 0.0197 0.9863
vn -0.0112 0.1082 0.9941
vn -0.1855 0.1925 0.9636
vn -0.3527 0.2694 0.8961
vn -0.5064 0.3360 0.7942
vn -0.6406 0.3896 0.6617
vn -0.7501 0.4283 0.5039
vn -0.8309 0.4505 0.3266
vn -0.8797 0.4554 0.1368
vn -0.8947 0.4428 -0.0582
vn -0.8753 0.4132 -0.2510
vn -0.8223 0.3677 -0.4342
vn -0.7377 0.3081 -0.6007
vn -0.6248 0.2366 -0.7441
vn -0.4878 0.1561 -0.8589
vn 0.4465 0.8901 -0.0918
vn -0.3321 0.0695 -0.9407
vn -0.1636 -0.0197 -0.9863
vn -0.4465 -0.8901 0.0918
vt 0.750000 0.375000
vt 0.750000 0.437500
vt 0.718750 0.437500
vt 0.718750 0.375000
vt 0.750000 0.812500
vt 0.750000 0.875000
vt 0.718750 0.875000
vt 0.718750 0.812500
vt 0.750000 0.312500
vt 0.718750 0.312500
vt 0.750000 0.750000
vt 0.718750 0.750000
vt 0.750000 0.250000
vt 0.718750 0.250000
vt 0.750000 0.687500
vt 0.718750 0.687500
vt 0.750000 0.187500
vt 0.718750 0.187500
vt 0.750000 0.625000
vt 0.718750 0.625000
vt 0.750000 0.125000
vt 0.718750 0.125000
vt 0.750000 0.562500
vt 0.718750 0.562500
vt 0.750000 0.062500
vt 0.718750 0.062500
vt 0.750000 0.500000
vt 0.718750 0.500000
vt 0.750000 0.937500
vt 0.734375 1.000000
vt 0.718750 0.937500
vt 0.734375 0.000000
vt 0.703125 0.000000
vt 0.687500 0.062500
vt 0.687500 0.500000
vt 0.687500 0.437500
vt 0.687500 0.937500
vt 0.687500 0.875000
vt 0.687500 0.375000
vt 0.687500 0.812500
vt 0.687500 0.312500
vt 0.687500 0.750000
vt 0.687500 0.250000
vt 0.687500 0.687500
vt 0.687500 0.187500
vt 0.687500 0.625000
vt 0.687500 0.125000
vt 0.687500 0.562500
vt 0.703125 1.000000
vt 0.656250 0.250000
vt 0.656250 0.187500
vt 0.656250 0.687500
vt 0.656250 0.625000
vt 0.656250 0.125000
vt 0.656250 0.562500
vt 0.656250 0.062500
vt 0.656250 0.500000
vt 0.671875 1.000000
vt 0.656250 0.937500
vt 0.671875 0.000000
vt 0.656250 0.437500
vt 0.656250 0.875000
vt 0.656250 0.375000
vt 0.656250 0.812500
vt 0.656250 0.312500
vt 0.656250 0.750000
vt 0.625000 0.937500
vt 0.625000 0.875000
vt 0.625000 0.437500
vt 0.625000 0.375000
vt 0.625000 0.812500
vt 0.625000 0.312500
vt 0.625000 0.750000
vt 0.625000 0.250000
vt 0.625000 0.687500
vt 0.625000 0.187500
vt 0.625000 0.625000
vt 0.625000 0.125000
vt 0.625000 0.562500
vt 0.625000 0.062500
vt 0.625000 0.500000
vt 0.640625 1.000000
vt 0.640625 0.000000
vt 0.593750 0.687500
vt 0.593750 0.625000
vt 0.593750 0.187500
vt 0.593750 0.125000
vt 0.593750 0.562500
vt 0.593750 0.062500
vt 0.593750 0.500000
vt 0.609375 1.000000
vt 0.593750 0.937500
vt 0.609375 0.000000
vt 0.593750 0.437500
vt 0.593750 0.875000
vt 0.593750 0.375000
vt 0.593750 0.812500
vt 0.593750 0.312500
vt 0.593750 0.750000
vt 0.593750 0.250000
vt 0.562500 0.437500
vt 0.562500 0.375000
vt 0.562500 0.875000
vt 0.562500 0.812500
vt 0.562500 0.312500
vt 0.562500 0.750000
vt 0.562500 0.250000
vt 0.562500 0.687500
vt 0.562500 0.187500
vt 0.562500 0.625000
vt 0.562500 0.125000
vt 0.562500 0.562500
vt 0.562500 0.062500
vt 0.562500 0.500000
vt 0.578125 1.000000
vt 0.562500 0.937500
vt 0.578125 0.000000
vt 0.531250 0.187500
vt 0.531250 0.125000
vt 0.531250 0.625000
vt 0.531250 0.562500
vt 0.531250 0.062500
vt 0.531250 0.500000
vt 0.546875 1.000000
vt 0.531250 0.937500
vt 0.546875 0.000000
vt 0.531250 0.437500
vt 0.531250 0.875000
vt 0.531250 0.375000
vt 0.531250 0.812500
vt 0.531250 0.312500
vt 0.531250 0.750000
vt 0.531250 0.250000
vt 0.531250 0.687500
vt 0.500000 0.875000
vt 0.500000 0.812500
vt 0.500000 0.375000
vt 0.500000 0.312500
vt 0.500000 0.750000
vt 0.500000 0.250000
vt 0.500000 0.687500
vt 0.500000 0.187500
vt 0.500000 0.625000
vt 0.500000 0.125000
vt 0.500000 0.562500
vt 0.500000 0.062500
vt 0.500000 0.500000
vt 0.515625 1.000000
vt 0.500000 0.937500
vt 0.515625 0.000000
vt 0.500000 0.437500
vt 0.468750 0.625000
vt 0.468750 0.562500
vt 0.468750 0.125000
vt 0.468750 0.062500
vt 0.468750 0.500000
vt 0.484375 1.000000
vt 0.468750 0.937500
vt 0.484375 0.000000
vt 0.468750 0.437500
vt 0.468750 0.875000
vt 0.468750 0.375000
vt 0.468750 0.812500
vt 0.468750 0.312500
vt 0.468750 0.750000
vt 0.468750 0.250000
vt 0.468750 0.687500
vt 0.468750 0.187500
vt 0.437500 0.375000
vt 0.437500 0.312500
vt 0.437500 0.812500
vt 0.437500 0.750000
vt 0.437500 0.250000
vt 0.437500 0.687500
vt 0.437500 0.187500
vt 0.437500 0.625000
vt 0.437500 0.125000
vt 0.437500 0.562500
vt 0.437500 0.062500
vt 0.437500 0.500000
vt 0.453125 1.000000
vt 0.437500 0.937500
vt 0.453125 0.000000
vt 0.437500 0.437500
vt 0.437500 0.875000
vt 0.406250 0.125000
vt 0.406250 0.062500
vt 0.406250 0.562500
vt 0.406250 0.500000
vt 0.421875 1.000000
vt 0.406250 0.937500
vt 0.421875 0.000000
vt 0.406250 0.437500
vt 0.406250 0.875000
vt 0.406250 0.375000
vt 0.406250 0.812500
vt 0.406250 0.312500
vt 0.406250 0.750000
vt 0.406250 0.250000
vt 0.406250 0.687500
vt 0.406250 0.187500
vt 0.406250 0.625000
vt 0.375000 0.312500
vt 0.375000 0.250000
vt 0.375000 0.750000
vt 0.375000 0.687500
vt 0.375000 0.187500
vt 0.375000 0.625000
vt 0.375000 0.125000
vt 0.375000 0.562500
vt 0.375000 0.062500
vt 0.375000 0.500000
vt 0.390625 1.000000
vt 0.375000 0.937500
vt 0.390625 0.000000
vt 0.375000 0.437500
vt 0.375000 0.875000
vt 0.375000 0.375000
vt 0.375000 0.812500
vt 0.359375 1.000000
vt 0.343750 0.937500
vt 0.359375 0.000000
vt 0.343750 0.062500
vt 0.343750 0.500000
vt 0.343750 0.437500
vt 0.343750 0.875000
vt 0.343750 0.375000
vt 0.343750 0.812500
vt 0.343750 0.312500
vt 0.343750 0.750000
vt 0.343750 0.250000
vt 0.343750 0.687500
vt 0.343750 0.187500
vt 0.343750 0.625000
vt 0.343750 0.125000
vt 0.343750 0.562500
vt 0.312500 0.750000
vt 0.312500 0.687500
vt 0.312500 0.250000
vt 0.312500 0.187500
vt 0.312500 0.625000
vt 0.312500 0.125000
vt 0.312500 0.562500
vt 0.312500 0.062500
vt 0.312500 0.500000
vt 0.328125 1.000000
vt 0.312500 0.937500
vt 0.328125 0.000000
vt 0.312500 0.437500
vt 0.312500 0.875000
vt 0.312500 0.375000
vt 0.312500 0.812500
vt 0.312500 0.312500
vt 0.281250 0.500000
vt 0.281250 0.437500
vt 0.281250 0.937500
vt 0.281250 0.875000
vt 0.281250 0.375000
vt 0.281250 0.812500
vt 0.281250 0.312500
vt 0.281250 0.750000
vt 0.281250 0.250000
vt 0.281250 0.687500
vt 0.281250 0.187500
vt 0.281250 0.625000
vt 0.281250 0.125000
vt 0.281250 0.562500
vt 0.281250 0.062500
vt 0.296875 1.000000
vt 0.296875 0.000000
vt 0.250000 0.250000
vt 0.250000 0.187500
vt 0.250000 0.687500
vt 0.250000 0.625000
vt 0.250000 0.125000
vt 0.250000 0.562500
vt 0.250000 0.062500
vt 0.250000 0.500000
vt 0.265625 1.000000
vt 0.250000 0.937500
vt 0.265625 0.000000
vt 0.250000 0.437500
vt 0.250000 0.875000
vt 0.250000 0.375000
vt 0.250000 0.812500
vt 0.250000 0.312500
vt 0.250000 0.750000
vt 0.218750 0.937500
vt 0.218750 0.875000
vt 0.218750 0.437500
vt 0.218750 0.375000
vt 0.218750 0.812500
vt 0.218750 0.312500
vt 0.218750 0.750000
vt 0.218750 0.250000
vt 0.218750 0.687500
vt 0.218750 0.187500
vt 0.218750 0.625000
vt 0.218750 0.125000
vt 0.218750 0.562500
vt 0.218750 0.062500
vt 0.218750 0.500000
vt 0.234375 1.000000
vt 0.234375 0.000000
vt 0.187500 0.687500
vt 0.187500 0.625000
vt 0.187500 0.187500
vt 0.187500 0.125000
vt 0.187500 0.562500
vt 0.187500 0.062500
vt 0.187500 0.500000
vt 0.203125 1.000000
vt 0.187500 0.937500
vt 0.203125 0.000000
vt 0.187500 0.437500
vt 0.187500 0.875000
vt 0.187500 0.375000
vt 0.187500 0.812500
vt 0.187500 0.312500
vt 0.187500 0.750000
vt 0.187500 0.250000
vt 0.156250 0.437500
vt 0.156250 0.375000
vt 0.156250 0.875000
vt 0.156250 0.812500
vt 0.156250 0.312500
vt 0.156250 0.750000
vt 0.156250 0.250000
vt 0.156250 0.687500
vt 0.156250 0.187500
vt 0.156250 0.625000
vt 0.156250 0.125000
vt 0.156250 0.562500
vt 0.156250 0.062500
vt 0.156250 0.500000
vt 0.171875 1.000000
vt 0.156250 0.937500
vt 0.171875 0.000000
vt 0.125000 0.187500
vt 0.125000 0.125000
vt 0.125000 0.625000
vt 0.125000 0.562500
vt 0.125000 0.062500
vt 0.125000 0.500000
vt 0.140625 1.000000
vt 0.125000 0.937500
vt 0.140625 0.000000
vt 0.125000 0.437500
vt 0.125000 0.875000
vt 0.125000 0.375000
vt 0.125000 0.812500
vt 0.125000 0.312500
vt 0.125000 0.750000
vt 0.125000 0.250000
vt 0.125000 0.687500
vt 0.093750 0.375000
vt 0.093750 0.312500
vt 0.093750 0.812500
vt 0.093750 0.750000
vt 0.093750 0.250000
vt 0.093750 0.687500
vt 0.093750 0.187500
vt 0.093750 0.625000
vt 0.093750 0.125000
vt 0.093750 0.562500
vt 0.093750 0.062500
vt 0.093750 0.500000
vt 0.109375 1.000000
vt 0.093750 0.937500
vt 0.109375 0.000000
vt 0.093750 0.437500
vt 0.093750 0.875000
vt 0.062500 0.125000
vt 0.062500 0.062500
vt 0.062500 0.562500
vt 0.062500 0.500000
vt 0.078125 1.000000
vt 0.062500 0.937500
vt 0.078125 0.000000
vt 0.062500 0.437500
vt 0.062500 0.875000
vt 0.062500 0.375000
vt 0.062500 0.812500
vt 0.062500 0.312500
vt 0.062500 0.750000
vt 0.062500 0.250000
vt 0.062500 0.687500
vt 0.062500 0.187500
vt 0.062500 0.625000
vt 0.031250 0.812500
vt 0.031250 0.750000
vt 0.031250 0.312500
vt 0.031250 0.250000
vt 0.031250 0.687500
vt 0.031250 0.187500
vt 0.031250 0.625000
vt 0.031250 0.125000
vt 0.031250 0.562500
vt 0.031250 0.062500
vt 0.031250 0.500000
vt 0.046875 1.000000
vt 0.031250 0.937500
vt 0.046875 0.000000
vt 0.031250 0.437500
vt 0.031250 0.875000
vt 0.031250 0.375000
vt 0.000000 0.562500
vt 0.000000 0.500000
vt 0.015625 1.000000
vt 0.000000 0.937500
vt 0.015625 0.000000
vt 0.000000 0.062500
vt 0.000000 0.437500
vt 0.000000 0.875000
vt 0.000000 0.375000
vt 0.000000 0.812500
vt 0.000000 0.312500
vt 0.000000 0.750000
vt 0.000000 0.250000
vt 0.000000 0.687500
vt 0.000000 0.187500
vt 0.000000 0.625000
vt 0.000000 0.125000
vt 1.000000 0.250000
vt 1.000000 0.312500
vt 0.968750 0.312500
vt 0.968750 0.250000
vt 1.000000 0.687500
vt 1.000000 0.750000
vt 0.968750 0.750000
vt 0.968750 0.687500
vt 1.000000 0.187500
vt 0.968750 0.187500
vt 1.000000 0.625000
vt 0.968750 0.625000
vt 1.000000 0.125000
vt 0.968750 0.125000
vt 1.000000 0.562500
vt 0.968750 0.562500
vt 1.000000 0.062500
vt 0.968750 0.062500
vt 1.000000 0.500000
vt 0.968750 0.500000
vt 1.000000 0.937500
vt 0.984375 1.000000
vt 0.968750 0.937500
vt 0.984375 0.000000
vt 1.000000 0.437500
vt 0.968750 0.437500
vt 1.000000 0.875000
vt 0.968750 0.875000
vt 1.000000 0.375000
vt 0.968750 0.375000
vt 1.000000 0.812500
vt 0.968750 0.812500
vt 0.953125 1.000000
vt 0.937500 0.937500
vt 0.953125 0.000000
vt 0.937500 0.062500
vt 0.937500 0.500000
vt 0.937500 0.437500
vt 0.937500 0.875000
vt 0.937500 0.375000
vt 0.937500 0.812500
vt 0.937500 0.312500
vt 0.937500 0.750000
vt 0.937500 0.250000
vt 0.937500 0.687500
vt 0.937500 0.187500
vt 0.937500 0.625000
vt 0.937500 0.125000
vt 0.937500 0.562500
vt 0.906250 0.750000
vt 0.906250 0.687500
vt 0.906250 0.250000
vt 0.906250 0.187500
vt 0.906250 0.625000
vt 0.906250 0.125000
vt 0.906250 0.562500
vt 0.906250 0.062500
vt 0.906250 0.500000
vt 0.921875 1.000000
vt 0.906250 0.937500
vt 0.921875 0.000000
vt 0.906250 0.437500
vt 0.906250 0.875000
vt 0.906250 0.375000
vt 0.906250 0.812500
vt 0.906250 0.312500
vt 0.875000 0.500000
vt 0.875000 0.437500
vt 0.875000 0.937500
vt 0.875000 0.875000
vt 0.875000 0.375000
vt 0.875000 0.812500
vt 0.875000 0.312500
vt 0.875000 0.750000
vt 0.875000 0.250000
vt 0.875000 0.687500
vt 0.875000 0.187500
vt 0.875000 0.625000
vt 0.875000 0.125000
vt 0.875000 0.562500
vt 0.875000 0.062500
vt 0.890625 1.000000
vt 0.890625 0.000000
vt 0.843750 0.250000
vt 0.843750 0.187500
vt 0.843750 0.687500
vt 0.843750 0.625000
vt 0.843750 0.125000
vt 0.843750 0.562500
vt 0.843750 0.062500
vt 0.843750 0.500000
vt 0.859375 1.000000
vt 0.843750 0.937500
vt 0.859375 0.000000
vt 0.843750 0.437500
vt 0.843750 0.875000
vt 0.843750 0.375000
vt 0.843750 0.812500
vt 0.843750 0.312500
vt 0.843750 0.750000
vt 0.812500 0.437500
vt 0.812500 0.375000
vt 0.812500 0.875000
vt 0.812500 0.812500
vt 0.812500 0.312500
vt 0.812500 0.750000
vt 0.812500 0.250000
vt 0.812500 0.687500
vt 0.812500 0.187500
vt 0.812500 0.625000
vt 0.812500 0.125000
vt 0.812500 0.562500
vt 0.812500 0.062500
vt 0.812500 0.500000
vt 0.828125 1.000000
vt 0.812500 0.937500
vt 0.828125 0.000000
vt 0.781250 0.187500
vt 0.781250 0.125000
vt 0.781250 0.625000
vt 0.781250 0.562500
vt 0.781250 0.062500
vt 0.781250 0.500000
vt 0.796875 1.000000
vt 0.781250 0.937500
vt 0.796875 0.000000
vt 0.781250 0.437500
vt 0.781250 0.875000
vt 0.781250 0.375000
vt 0.781250 0.812500
vt 0.781250 0.312500
vt 0.781250 0.750000
vt 0.781250 0.250000
vt 0.781250 0.687500
vt 0.765625 1.000000
vt 0.765625 0.000000
vt 1.000000 1.000000
vt 0.968750 1.000000
vt 0.968750 0.500000
vt 0.937500 1.000000
vt 0.937500 0.500000
vt 0.906250 1.000000
vt 0.906250 0.500000
vt 0.875000 1.000000
vt 0.875000 0.500000
vt 0.843750 1.000000
vt 0.843750 0.500000
vt 0.812500 1.000000
vt 0.812500 0.500000
vt 0.781250 1.000000
vt 0.781250 0.500000
vt 0.750000 1.000000
vt 0.718750 1.000000
vt 0.687500 1.000000
vt 0.656250 1.000000
vt 0.625000 1.000000
vt 0.593750 1.000000
vt 0.562500 1.000000
vt 0.531250 1.000000
vt 0.500000 1.000000
vt 0.500000 0.500000
vt 0.468750 1.000000
vt 0.468750 0.500000
vt 0.437500 1.000000
vt 0.437500 0.500000
vt 0.406250 1.000000
vt 0.406250 0.500000
vt 0.375000 1.000000
vt 0.375000 0.500000
vt 0.343750 1.000000
vt 0.343750 0.500000
vt 0.312500 1.000000
vt 0.312500 0.500000
vt 0.281250 1.000000
vt 0.281250 0.500000
vt 0.250000 1.000000
vt 0.250000 0.500000
vt 0.218750 1.000000
vt 0.218750 0.500000
vt 0.187500 1.000000
vt 0.187500 0.500000
vt 0.156250 1.000000
vt 0.156250 0.500000
vt 0.125000 1.000000
vt 0.125000 0.500000
vt 0.093750 1.000000
vt 0.093750 0.500000
vt 0.062500 1.000000
vt 0.062500 0.500000
vt 0.296822 0.485388
vt 0.250000 0.490000
vt 0.203178 0.485388
vt 0.158156 0.471731
vt 0.116663 0.449553
vt 0.080294 0.419706
vt 0.050447 0.383337
vt 0.028269 0.341844
vt 0.014612 0.296822
vt 0.010000 0.250000
vt 0.014612 0.203178
vt 0.028269 0.158156
vt 0.050447 0.116663
vt 0.080294 0.080294
vt 0.116663 0.050447
vt 0.158156 0.028269
vt 0.203178 0.014612
vt 0.250000 0.010000
vt 0.296822 0.014612
vt 0.341844 0.028269
vt 0.383337 0.050447
vt 0.419706 0.080294
vt 0.449553 0.116663
vt 0.471731 0.158156
vt 0.485388 0.203178
vt 0.490000 0.250000
vt 0.485388 0.296822
vt 0.471731 0.341844
vt 0.449553 0.383337
vt 0.419706 0.419706
vt 0.383337 0.449553
vt 0.341844 0.471731
vt 0.031250 1.000000
vt 0.031250 0.500000
vt 0.000000 1.000000
vt 0.750000 0.490000
vt 0.796822 0.485388
vt 0.841844 0.471731
vt 0.883337 0.449553
vt 0.919706 0.419706
vt 0.949553 0.383337
vt 0.971731 0.341844
vt 0.985388 0.296822
vt 0.990000 0.250000
vt 0.985388 0.203178
vt 0.971731 0.158156
vt 0.949553 0.116663
vt 0.919706 0.080294
vt 0.883337 0.050447
vt 0.841844 0.028269
vt 0.796822 0.014612
vt 0.750000 0.010000
vt 0.703178 0.014612
vt 0.658156 0.028269
vt 0.616663 0.050447
vt 0.580294 0.080294
vt 0.550447 0.116663
vt 0.528269 0.158156
vt 0.514612 0.203178
vt 0.510000 0.250000
vt 0.514612 0.296822
vt 0.528269 0.341844
vt 0.550447 0.383337
vt 0.580294 0.419706
vt 0.616663 0.449553
vt 0.658156 0.471731
vt 0.703178 0.485388
s 0
usemtl Material
f 2116/2038/1639 1644/2039/1639 1655/2040/1639 1656/2041/1639
f 1640/2042/1640 2113/2043/1640 1648/2044/1640 1649/2045/1640
f 1645/2046/1641 2116/2038/1641 1656/2041/1641 1657/2047/1641
f 2114/2048/1642 1640/2042/1642 1649/2045/1642 1650/2049/1642
f 2117/2050/1643 1645/2046/1643 1657/2047/1643 1658/2051/1643
f 1641/2052/1644 2114/2048/1644 1650/2049/1644 1651/2053/1644
f 2118/2054/1645 2117/2050/1645 1658/2051/1645 1659/2055/1645
f 2115/2056/1646 1641/2052/1646 1651/2053/1646 1652/2057/1646
f 2119/2058/1647 2118/2054/1647 1659/2055/1647 1660/2059/1647
f 1642/2060/1648 2115/2056/1648 1652/2057/1648 1653/2061/1648
f 2120/2062/1649 2119/2058/1649 1660/2059/1649 1661/2063/1649
f 1643/2064/1650 1642/2060/1650 1653/2061/1650 1654/2065/1650
f 2112/2066/1651 1639/2067/1651 1647/2068/1651
f 1646/2069/1652 2120/2062/1652 1661/2063/1652
f 1644/2039/1653 1643/2064/1653 1654/2065/1653 1655/2040/1653
f 2113/2043/1654 2112/2066/1654 1647/2068/1654 1648/2044/1654
f 1646/2070/1655 1661/2063/1655 1676/2071/1655
f 1655/2040/1656 1654/2065/1656 1669/2072/1656 1670/2073/1656
f 1648/2044/1657 1647/2068/1657 1662/2074/1657 1663/2075/1657
f 1656/2041/1658 1655/2040/1658 1670/2073/1658 1671/2076/1658
f 1649/2045/1659 1648/2044/1659 1663/2075/1659 1664/2077/1659
f 1657/2047/1660 1656/2041/1660 1671/2076/1660 1672/2078/1660
f 1650/2049/1661 1649/2045/1661 1664/2077/1661 1665/2079/1661
f 1658/2051/1662 1657/2047/1662 1672/2078/1662 1673/2080/1662
f 1651/2053/1663 1650/2049/1663 1665/2079/1663 1666/2081/1663
f 1659/2055/1664 1658/2051/1664 1673/2080/1664 1674/2082/1664
f 1652/2057/1665 1651/2053/1665 1666/2081/1665 1667/2083/1665
f 1660/2059/1666 1659/2055/1666 1674/2082/1666 1675/2084/1666
f 1653/2061/1667 1652/2057/1667 1667/2083/1667 1668/2085/1667
f 1661/2063/1668 1660/2059/1668 1675/2084/1668 1676/2071/1668
f 1654/2065/1669 1653/2061/1669 1668/2085/1669 1669/2072/1669
f 1647/2068/1670 1639/2086/1670 1662/2074/1670
f 1674/2082/1671 1673/2080/1671 1688/2087/1671 1689/2088/1671
f 1667/2083/1672 1666/2081/1672 1681/2089/1672 1682/2090/1672
f 1675/2084/1673 1674/2082/1673 1689/2088/1673 1690/2091/1673
f 1668/2085/1674 1667/2083/1674 1682/2090/1674 1683/2092/1674
f 1676/2071/1675 1675/2084/1675 1690/2091/1675 1691/2093/1675
f 1669/2072/1676 1668/2085/1676 1683/2092/1676 1684/2094/1676
f 1662/2074/1677 1639/2095/1677 1677/2096/1677
f 1646/2097/1678 1676/2071/1678 1691/2093/1678
f 1670/2073/1679 1669/2072/1679 1684/2094/1679 1685/2098/1679
f 1663/2075/1680 1662/2074/1680 1677/2096/1680 1678/2099/1680
f 1671/2076/1681 1670/2073/1681 1685/2098/1681 1686/2100/1681
f 1664/2077/1682 1663/2075/1682 1678/2099/1682 1679/2101/1682
f 1672/2078/1683 1671/2076/1683 1686/2100/1683 1687/2102/1683
f 1665/2079/1684 1664/2077/1684 1679/2101/1684 1680/2103/1684
f 1673/2080/1685 1672/2078/1685 1687/2102/1685 1688/2087/1685
f 1666/2081/1686 1665/2079/1686 1680/2103/1686 1681/2089/1686
f 1678/2099/1687 1677/2096/1687 1692/2104/1687 1693/2105/1687
f 1686/2100/1688 1685/2098/1688 1700/2106/1688 1701/2107/1688
f 1679/2101/1689 1678/2099/1689 1693/2105/1689 1694/2108/1689
f 1687/2102/1690 1686/2100/1690 1701/2107/1690 1702/2109/1690
f 1680/2103/1691 1679/2101/1691 1694/2108/1691 1695/2110/1691
f 1688/2087/1692 1687/2102/1692 1702/2109/1692 1703/2111/1692
f 1681/2089/1693 1680/2103/1693 1695/2110/1693 1696/2112/1693
f 1689/2088/1694 1688/2087/1694 1703/2111/1694 1704/2113/1694
f 1682/2090/1695 1681/2089/1695 1696/2112/1695 1697/2114/1695
f 1690/2091/1696 1689/2088/1696 1704/2113/1696 1705/2115/1696
f 1683/2092/1697 1682/2090/1697 1697/2114/1697 1698/2116/1697
f 1691/2093/1698 1690/2091/1698 1705/2115/1698 1706/2117/1698
f 1684/2094/1699 1683/2092/1699 1698/2116/1699 1699/2118/1699
f 1677/2096/1700 1639/2119/1700 1692/2104/1700
f 1646/2120/1701 1691/2093/1701 1706/2117/1701
f 1685/2098/1702 1684/2094/1702 1699/2118/1702 1700/2106/1702
f 1697/2114/1703 1696/2112/1703 1711/2121/1703 1712/2122/1703
f 1705/2115/1704 1704/2113/1704 1719/2123/1704 1720/2124/1704
f 1698/2116/1705 1697/2114/1705 1712/2122/1705 1713/2125/1705
f 1706/2117/1706 1705/2115/1706 1720/2124/1706 1721/2126/1706
f 1699/2118/1707 1698/2116/1707 1713/2125/1707 1714/2127/1707
f 1692/2104/1708 1639/2128/1708 1707/2129/1708
f 1646/2130/1709 1706/2117/1709 1721/2126/1709
f 1700/2106/1710 1699/2118/1710 1714/2127/1710 1715/2131/1710
f 1693/2105/1711 1692/2104/1711 1707/2129/1711 1708/2132/1711
f 1701/2107/1712 1700/2106/1712 1715/2131/1712 1716/2133/1712
f 1694/2108/1713 1693/2105/1713 1708/2132/1713 1709/2134/1713
f 1702/2109/1714 1701/2107/1714 1716/2133/1714 1717/2135/1714
f 1695/2110/1715 1694/2108/1715 1709/2134/1715 1710/2136/1715
f 1703/2111/1716 1702/2109/1716 1717/2135/1716 1718/2137/1716
f 1696/2112/1717 1695/2110/1717 1710/2136/1717 1711/2121/1717
f 1704/2113/1718 1703/2111/1718 1718/2137/1718 1719/2123/1718
f 1716/2133/1719 1715/2131/1719 1730/2138/1719 1731/2139/1719
f 1709/2134/1720 1708/2132/1720 1723/2140/1720 1724/2141/1720
f 1717/2135/1721 1716/2133/1721 1731/2139/1721 1732/2142/1721
f 1710/2136/1722 1709/2134/1722 1724/2141/1722 1725/2143/1722
f 1718/2137/1723 1717/2135/1723 1732/2142/1723 1733/2144/1723
f 1711/2121/1724 1710/2136/1724 1725/2143/1724 1726/2145/1724
f 1719/2123/1725 1718/2137/1725 1733/2144/1725 1734/2146/1725
f 1712/2122/1726 1711/2121/1726 1726/2145/1726 1727/2147/1726
f 1720/2124/1727 1719/2123/1727 1734/2146/1727 1735/2148/1727
f 1713/2125/1728 1712/2122/1728 1727/2147/1728 1728/2149/1728
f 1721/2126/1729 1720/2124/1729 1735/2148/1729 1736/2150/1729
f 1714/2127/1730 1713/2125/1730 1728/2149/1730 1729/2151/1730
f 1707/2129/1731 1639/2152/1731 1722/2153/1731
f 1646/2154/1732 1721/2126/1732 1736/2150/1732
f 1715/2131/1733 1714/2127/1733 1729/2151/1733 1730/2138/1733
f 1708/2132/1734 1707/2129/1734 1722/2153/1734 1723/2140/1734
f 1735/2148/1735 1734/2146/1735 1749/2155/1735 1750/2156/1735
f 1728/2149/1736 1727/2147/1736 1742/2157/1736 1743/2158/1736
f 1736/2150/1737 1735/2148/1737 1750/2156/1737 1751/2159/1737
f 1729/2151/1738 1728/2149/1738 1743/2158/1738 1744/2160/1738
f 1722/2153/1739 1639/2161/1739 1737/2162/1739
f 1646/2163/1740 1736/2150/1740 1751/2159/1740
f 1730/2138/1741 1729/2151/1741 1744/2160/1741 1745/2164/1741
f 1723/2140/1742 1722/2153/1742 1737/2162/1742 1738/2165/1742
f 1731/2139/1743 1730/2138/1743 1745/2164/1743 1746/2166/1743
f 1724/2141/1744 1723/2140/1744 1738/2165/1744 1739/2167/1744
f 1732/2142/1745 1731/2139/1745 1746/2166/1745 1747/2168/1745
f 1725/2143/1746 1724/2141/1746 1739/2167/1746 1740/2169/1746
f 1733/2144/1747 1732/2142/1747 1747/2168/1747 1748/2170/1747
f 1726/2145/1748 1725/2143/1748 1740/2169/1748 1741/2171/1748
f 1734/2146/1749 1733/2144/1749 1748/2170/1749 1749/2155/1749
f 1727/2147/1750 1726/2145/1750 1741/2171/1750 1742/2157/1750
f 1739/2167/1751 1738/2165/1751 1753/2172/1751 1754/2173/1751
f 1747/2168/1752 1746/2166/1752 1761/2174/1752 1762/2175/1752
f 1740/2169/1753 1739/2167/1753 1754/2173/1753 1755/2176/1753
f 1748/2170/1754 1747/2168/1754 1762/2175/1754 1763/2177/1754
f 1741/2171/1755 1740/2169/1755 1755/2176/1755 1756/2178/1755
f 1749/2155/1756 1748/2170/1756 1763/2177/1756 1764/2179/1756
f 1742/2157/1757 1741/2171/1757 1756/2178/1757 1757/2180/1757
f 1750/2156/1758 1749/2155/1758 1764/2179/1758 1765/2181/1758
f 1743/2158/1759 1742/2157/1759 1757/2180/1759 1758/2182/1759
f 1751/2159/1760 1750/2156/1760 1765/2181/1760 1766/2183/1760
f 1744/2160/1761 1743/2158/1761 1758/2182/1761 1759/2184/1761
f 1737/2162/1762 1639/2185/1762 1752/2186/1762
f 1646/2187/1763 1751/2159/1763 1766/2183/1763
f 1745/2164/1764 1744/2160/1764 1759/2184/1764 1760/2188/1764
f 1738/2165/1765 1737/2162/1765 1752/2186/1765 1753/2172/1765
f 1746/2166/1766 1745/2164/1766 1760/2188/1766 1761/2174/1766
f 1758/2182/1767 1757/2180/1767 1772/2189/1767 1773/2190/1767
f 1766/2183/1768 1765/2181/1768 1780/2191/1768 1781/2192/1768
f 1759/2184/1769 1758/2182/1769 1773/2190/1769 1774/2193/1769
f 1752/2186/1770 1639/2194/1770 1767/2195/1770
f 1646/2196/1771 1766/2183/1771 1781/2192/1771
f 1760/2188/1772 1759/2184/1772 1774/2193/1772 1775/2197/1772
f 1753/2172/1773 1752/2186/1773 1767/2195/1773 1768/2198/1773
f 1761/2174/1774 1760/2188/1774 1775/2197/1774 1776/2199/1774
f 1754/2173/1775 1753/2172/1775 1768/2198/1775 1769/2200/1775
f 1762/2175/1776 1761/2174/1776 1776/2199/1776 1777/2201/1776
f 1755/2176/1777 1754/2173/1777 1769/2200/1777 1770/2202/1777
f 1763/2177/1778 1762/2175/1778 1777/2201/1778 1778/2203/1778
f 1756/2178/1779 1755/2176/1779 1770/2202/1779 1771/2204/1779
f 1764/2179/1780 1763/2177/1780 1778/2203/1780 1779/2205/1780
f 1757/2180/1781 1756/2178/1781 1771/2204/1781 1772/2189/1781
f 1765/2181/1782 1764/2179/1782 1779/2205/1782 1780/2191/1782
f 1777/2201/1783 1776/2199/1783 1791/2206/1783 1792/2207/1783
f 1770/2202/1784 1769/2200/1784 1784/2208/1784 1785/2209/1784
f 1778/2203/1785 1777/2201/1785 1792/2207/1785 1793/2210/1785
f 1771/2204/1786 1770/2202/1786 1785/2209/1786 1786/2211/1786
f 1779/2205/1787 1778/2203/1787 1793/2210/1787 1794/2212/1787
f 1772/2189/1788 1771/2204/1788 1786/2211/1788 1787/2213/1788
f 1780/2191/1789 1779/2205/1789 1794/2212/1789 1795/2214/1789
f 1773/2190/1790 1772/2189/1790 1787/2213/1790 1788/2215/1790
f 1781/2192/1791 1780/2191/1791 1795/2214/1791 1796/2216/1791
f 1774/2193/1792 1773/2190/1792 1788/2215/1792 1789/2217/1792
f 1767/2195/1793 1639/2218/1793 1782/2219/1793
f 1646/2220/1794 1781/2192/1794 1796/2216/1794
f 1775/2197/1795 1774/2193/1795 1789/2217/1795 1790/2221/1795
f 1768/2198/1796 1767/2195/1796 1782/2219/1796 1783/2222/1796
f 1776/2199/1797 1775/2197/1797 1790/2221/1797 1791/2206/1797
f 1769/2200/1798 1768/2198/1798 1783/2222/1798 1784/2208/1798
f 1796/2216/1799 1795/2214/1799 1810/2223/1799 1811/2224/1799
f 1789/2217/1800 1788/2215/1800 1803/2225/1800 1804/2226/1800
f 1782/2219/1801 1639/2227/1801 1797/2228/1801
f 1646/2229/1802 1796/2216/1802 1811/2224/1802
f 1790/2221/1803 1789/2217/1803 1804/2226/1803 1805/2230/1803
f 1783/2222/1804 1782/2219/1804 1797/2228/1804 1798/2231/1804
f 1791/2206/1805 1790/2221/1805 1805/2230/1805 1806/2232/1805
f 1784/2208/1806 1783/2222/1806 1798/2231/1806 1799/2233/1806
f 1792/2207/1807 1791/2206/1807 1806/2232/1807 1807/2234/1807
f 1785/2209/1808 1784/2208/1808 1799/2233/1808 1800/2235/1808
f 1793/2210/1809 1792/2207/1809 1807/2234/1809 1808/2236/1809
f 1786/2211/1810 1785/2209/1810 1800/2235/1810 1801/2237/1810
f 1794/2212/1811 1793/2210/1811 1808/2236/1811 1809/2238/1811
f 1787/2213/1812 1786/2211/1812 1801/2237/1812 1802/2239/1812
f 1795/2214/1813 1794/2212/1813 1809/2238/1813 1810/2223/1813
f 1788/2215/1814 1787/2213/1814 1802/2239/1814 1803/2225/1814
f 1808/2236/1815 1807/2234/1815 1822/2240/1815 1823/2241/1815
f 1801/2237/1816 1800/2235/1816 1815/2242/1816 1816/2243/1816
f 1809/2238/1817 1808/2236/1817 1823/2241/1817 1824/2244/1817
f 1802/2239/1818 1801/2237/1818 1816/2243/1818 1817/2245/1818
f 1810/2223/1819 1809/2238/1819 1824/2244/1819 1825/2246/1819
f 1803/2225/1820 1802/2239/1820 1817/2245/1820 1818/2247/1820
f 1811/2224/1821 1810/2223/1821 1825/2246/1821 1826/2248/1821
f 1804/2226/1822 1803/2225/1822 1818/2247/1822 1819/2249/1822
f 1797/2228/1823 1639/2250/1823 1812/2251/1823
f 1646/2252/1824 1811/2224/1824 1826/2248/1824
f 1805/2230/1825 1804/2226/1825 1819/2249/1825 1820/2253/1825
f 1798/2231/1826 1797/2228/1826 1812/2251/1826 1813/2254/1826
f 1806/2232/1827 1805/2230/1827 1820/2253/1827 1821/2255/1827
f 1799/2233/1828 1798/2231/1828 1813/2254/1828 1814/2256/1828
f 1807/2234/1829 1806/2232/1829 1821/2255/1829 1822/2240/1829
f 1800/2235/1830 1799/2233/1830 1814/2256/1830 1815/2242/1830
f 1812/2251/1831 1639/2257/1831 1827/2258/1831
f 1646/2259/1832 1826/2248/1832 1841/2260/1832
f 1820/2253/1833 1819/2249/1833 1834/2261/1833 1835/2262/1833
f 1813/2254/1834 1812/2251/1834 1827/2258/1834 1828/2263/1834
f 1821/2255/1835 1820/2253/1835 1835/2262/1835 1836/2264/1835
f 1814/2256/1836 1813/2254/1836 1828/2263/1836 1829/2265/1836
f 1822/2240/1837 1821/2255/1837 1836/2264/1837 1837/2266/1837
f 1815/2242/1838 1814/2256/1838 1829/2265/1838 1830/2267/1838
f 1823/2241/1839 1822/2240/1839 1837/2266/1839 1838/2268/1839
f 1816/2243/1840 1815/2242/1840 1830/2267/1840 1831/2269/1840
f 1824/2244/1841 1823/2241/1841 1838/2268/1841 1839/2270/1841
f 1817/2245/1842 1816/2243/1842 1831/2269/1842 1832/2271/1842
f 1825/2246/1843 1824/2244/1843 1839/2270/1843 1840/2272/1843
f 1818/2247/1844 1817/2245/1844 1832/2271/1844 1833/2273/1844
f 1826/2248/1845 1825/2246/1845 1840/2272/1845 1841/2260/1845
f 1819/2249/1846 1818/2247/1846 1833/2273/1846 1834/2261/1846
f 1831/2269/1847 1830/2267/1847 1845/2274/1847 1846/2275/1847
f 1839/2270/1848 1838/2268/1848 1853/2276/1848 1854/2277/1848
f 1832/2271/1849 1831/2269/1849 1846/2275/1849 1847/2278/1849
f 1840/2272/1850 1839/2270/1850 1854/2277/1850 1855/2279/1850
f 1833/2273/1851 1832/2271/1851 1847/2278/1851 1848/2280/1851
f 1841/2260/1852 1840/2272/1852 1855/2279/1852 1856/2281/1852
f 1834/2261/1853 1833/2273/1853 1848/2280/1853 1849/2282/1853
f 1827/2258/1854 1639/2283/1854 1842/2284/1854
f 1646/2285/1855 1841/2260/1855 1856/2281/1855
f 1835/2262/1856 1834/2261/1856 1849/2282/1856 1850/2286/1856
f 1828/2263/1857 1827/2258/1857 1842/2284/1857 1843/2287/1857
f 1836/2264/1858 1835/2262/1858 1850/2286/1858 1851/2288/1858
f 1829/2265/1859 1828/2263/1859 1843/2287/1859 1844/2289/1859
f 1837/2266/1860 1836/2264/1860 1851/2288/1860 1852/2290/1860
f 1830/2267/1861 1829/2265/1861 1844/2289/1861 1845/2274/1861
f 1838/2268/1862 1837/2266/1862 1852/2290/1862 1853/2276/1862
f 1850/2286/1863 1849/2282/1863 1864/2291/1863 1865/2292/1863
f 1843/2287/1864 1842/2284/1864 1857/2293/1864 1858/2294/1864
f 1851/2288/1865 1850/2286/1865 1865/2292/1865 1866/2295/1865
f 1844/2289/1866 1843/2287/1866 1858/2294/1866 1859/2296/1866
f 1852/2290/1867 1851/2288/1867 1866/2295/1867 1867/2297/1867
f 1845/2274/1868 1844/2289/1868 1859/2296/1868 1860/2298/1868
f 1853/2276/1869 1852/2290/1869 1867/2297/1869 1868/2299/1869
f 1846/2275/1870 1845/2274/1870 1860/2298/1870 1861/2300/1870
f 1854/2277/1871 1853/2276/1871 1868/2299/1871 1869/2301/1871
f 1847/2278/1872 1846/2275/1872 1861/2300/1872 1862/2302/1872
f 1855/2279/1873 1854/2277/1873 1869/2301/1873 1870/2303/1873
f 1848/2280/1874 1847/2278/1874 1862/2302/1874 1863/2304/1874
f 1856/2281/1875 1855/2279/1875 1870/2303/1875 1871/2305/1875
f 1849/2282/1876 1848/2280/1876 1863/2304/1876 1864/2291/1876
f 1842/2284/1877 1639/2306/1877 1857/2293/1877
f 1646/2307/1878 1856/2281/1878 1871/2305/1878
f 1869/2301/1879 1868/2299/1879 1883/2308/1879 1884/2309/1879
f 1862/2302/1880 1861/2300/1880 1876/2310/1880 1877/2311/1880
f 1870/2303/1881 1869/2301/1881 1884/2309/1881 1885/2312/1881
f 1863/2304/1882 1862/2302/1882 1877/2311/1882 1878/2313/1882
f 1871/2305/1883 1870/2303/1883 1885/2312/1883 1886/2314/1883
f 1864/2291/1884 1863/2304/1884 1878/2313/1884 1879/2315/1884
f 1857/2293/1885 1639/2316/1885 1872/2317/1885
f 1646/2318/1886 1871/2305/1886 1886/2314/1886
f 1865/2292/1887 1864/2291/1887 1879/2315/1887 1880/2319/1887
f 1858/2294/1888 1857/2293/1888 1872/2317/1888 1873/2320/1888
f 1866/2295/1889 1865/2292/1889 1880/2319/1889 1881/2321/1889
f 1859/2296/1890 1858/2294/1890 1873/2320/1890 1874/2322/1890
f 1867/2297/1891 1866/2295/1891 1881/2321/1891 1882/2323/1891
f 1860/2298/1892 1859/2296/1892 1874/2322/1892 1875/2324/1892
f 1868/2299/1893 1867/2297/1893 1882/2323/1893 1883/2308/1893
f 1861/2300/1894 1860/2298/1894 1875/2324/1894 1876/2310/1894
f 1873/2320/1895 1872/2317/1895 1887/2325/1895 1888/2326/1895
f 1881/2321/1896 1880/2319/1896 1895/2327/1896 1896/2328/1896
f 1874/2322/1897 1873/2320/1897 1888/2326/1897 1889/2329/1897
f 1882/2323/1898 1881/2321/1898 1896/2328/1898 1897/2330/1898
f 1875/2324/1899 1874/2322/1899 1889/2329/1899 1890/2331/1899
f 1883/2308/1900 1882/2323/1900 1897/2330/1900 1898/2332/1900
f 1876/2310/1901 1875/2324/1901 1890/2331/1901 1891/2333/1901
f 1884/2309/1902 1883/2308/1902 1898/2332/1902 1899/2334/1902
f 1877/2311/1903 1876/2310/1903 1891/2333/1903 1892/2335/1903
f 1885/2312/1904 1884/2309/1904 1899/2334/1904 1900/2336/1904
f 1878/2313/1905 1877/2311/1905 1892/2335/1905 1893/2337/1905
f 1886/2314/1906 1885/2312/1906 1900/2336/1906 1901/2338/1906
f 1879/2315/1907 1878/2313/1907 1893/2337/1907 1894/2339/1907
f 1872/2317/1908 1639/2340/1908 1887/2325/1908
f 1646/2341/1909 1886/2314/1909 1901/2338/1909
f 1880/2319/1910 1879/2315/1910 1894/2339/1910 1895/2327/1910
f 1892/2335/1911 1891/2333/1911 1906/2342/1911 1907/2343/1911
f 1900/2336/1912 1899/2334/1912 1914/2344/1912 1915/2345/1912
f 1893/2337/1913 1892/2335/1913 1907/2343/1913 1908/2346/1913
f 1901/2338/1914 1900/2336/1914 1915/2345/1914 1916/2347/1914
f 1894/2339/1915 1893/2337/1915 1908/2346/1915 1909/2348/1915
f 1887/2325/1916 1639/2349/1916 1902/2350/1916
f 1646/2351/1917 1901/2338/1917 1916/2347/1917
f 1895/2327/1918 1894/2339/1918 1909/2348/1918 1910/2352/1918
f 1888/2326/1919 1887/2325/1919 1902/2350/1919 1903/2353/1919
f 1896/2328/1920 1895/2327/1920 1910/2352/1920 1911/2354/1920
f 1889/2329/1921 1888/2326/1921 1903/2353/1921 1904/2355/1921
f 1897/2330/1922 1896/2328/1922 1911/2354/1922 1912/2356/1922
f 1890/2331/1923 1889/2329/1923 1904/2355/1923 1905/2357/1923
f 1898/2332/1924 1897/2330/1924 1912/2356/1924 1913/2358/1924
f 1891/2333/1925 1890/2331/1925 1905/2357/1925 1906/2342/1925
f 1899/2334/1926 1898/2332/1926 1913/2358/1926 1914/2344/1926
f 1911/2354/1927 1910/2352/1927 1925/2359/1927 1926/2360/1927
f 1904/2355/1928 1903/2353/1928 1918/2361/1928 1919/2362/1928
f 1912/2356/1929 1911/2354/1929 1926/2360/1929 1927/2363/1929
f 1905/2357/1930 1904/2355/1930 1919/2362/1930 1920/2364/1930
f 1913/2358/1931 1912/2356/1931 1927/2363/1931 1928/2365/1931
f 1906/2342/1932 1905/2357/1932 1920/2364/1932 1921/2366/1932
f 1914/2344/1933 1913/2358/1933 1928/2365/1933 1929/2367/1933
f 1907/2343/1934 1906/2342/1934 1921/2366/1934 1922/2368/1934
f 1915/2345/1935 1914/2344/1935 1929/2367/1935 1930/2369/1935
f 1908/2346/1936 1907/2343/1936 1922/2368/1936 1923/2370/1936
f 1916/2347/1937 1915/2345/1937 1930/2369/1937 1931/2371/1937
f 1909/2348/1938 1908/2346/1938 1923/2370/1938 1924/2372/1938
f 1902/2350/1939 1639/2373/1939 1917/2374/1939
f 1646/2375/1940 1916/2347/1940 1931/2371/1940
f 1910/2352/1941 1909/2348/1941 1924/2372/1941 1925/2359/1941
f 1903/2353/1942 1902/2350/1942 1917/2374/1942 1918/2361/1942
f 1930/2369/1943 1929/2367/1943 1944/2376/1943 1945/2377/1943
f 1923/2370/1944 1922/2368/1944 1937/2378/1944 1938/2379/1944
f 1931/2371/1945 1930/2369/1945 1945/2377/1945 1946/2380/1945
f 1924/2372/1946 1923/2370/1946 1938/2379/1946 1939/2381/1946
f 1917/2374/1947 1639/2382/1947 1932/2383/1947
f 1646/2384/1948 1931/2371/1948 1946/2380/1948
f 1925/2359/1949 1924/2372/1949 1939/2381/1949 1940/2385/1949
f 1918/2361/1950 1917/2374/1950 1932/2383/1950 1933/2386/1950
f 1926/2360/1951 1925/2359/1951 1940/2385/1951 1941/2387/1951
f 1919/2362/1952 1918/2361/1952 1933/2386/1952 1934/2388/1952
f 1927/2363/1953 1926/2360/1953 1941/2387/1953 1942/2389/1953
f 1920/2364/1954 1919/2362/1954 1934/2388/1954 1935/2390/1954
f 1928/2365/1955 1927/2363/1955 1942/2389/1955 1943/2391/1955
f 1921/2366/1956 1920/2364/1956 1935/2390/1956 1936/2392/1956
f 1929/2367/1957 1928/2365/1957 1943/2391/1957 1944/2376/1957
f 1922/2368/1958 1921/2366/1958 1936/2392/1958 1937/2378/1958
f 1942/2389/1959 1941/2387/1959 1956/2393/1959 1957/2394/1959
f 1935/2390/1960 1934/2388/1960 1949/2395/1960 1950/2396/1960
f 1943/2391/1961 1942/2389/1961 1957/2394/1961 1958/2397/1961
f 1936/2392/1962 1935/2390/1962 1950/2396/1962 1951/2398/1962
f 1944/2376/1963 1943/2391/1963 1958/2397/1963 1959/2399/1963
f 1937/2378/1964 1936/2392/1964 1951/2398/1964 1952/2400/1964
f 1945/2377/1965 1944/2376/1965 1959/2399/1965 1960/2401/1965
f 1938/2379/1966 1937/2378/1966 1952/2400/1966 1953/2402/1966
f 1946/2380/1967 1945/2377/1967 1960/2401/1967 1961/2403/1967
f 1939/2381/1968 1938/2379/1968 1953/2402/1968 1954/2404/1968
f 1932/2383/1969 1639/2405/1969 1947/2406/1969
f 1646/2407/1970 1946/2380/1970 1961/2403/1970
f 1940/2385/1971 1939/2381/1971 1954/2404/1971 1955/2408/1971
f 1933/2386/1972 1932/2383/1972 1947/2406/1972 1948/2409/1972
f 1941/2387/1973 1940/2385/1973 1955/2408/1973 1956/2393/1973
f 1934/2388/1974 1933/2386/1974 1948/2409/1974 1949/2395/1974
f 1961/2403/1975 1960/2401/1975 1975/2410/1975 1976/2411/1975
f 1954/2404/1976 1953/2402/1976 1968/2412/1976 1969/2413/1976
f 1947/2406/1977 1639/2414/1977 1962/2415/1977
f 1646/2416/1978 1961/2403/1978 1976/2411/1978
f 1955/2408/1979 1954/2404/1979 1969/2413/1979 1970/2417/1979
f 1948/2409/1980 1947/2406/1980 1962/2415/1980 1963/2418/1980
f 1956/2393/1981 1955/2408/1981 1970/2417/1981 1971/2419/1981
f 1949/2395/1982 1948/2409/1982 1963/2418/1982 1964/2420/1982
f 1957/2394/1983 1956/2393/1983 1971/2419/1983 1972/2421/1983
f 1950/2396/1984 1949/2395/1984 1964/2420/1984 1965/2422/1984
f 1958/2397/1985 1957/2394/1985 1972/2421/1985 1973/2423/1985
f 1951/2398/1986 1950/2396/1986 1965/2422/1986 1966/2424/1986
f 1959/2399/1987 1958/2397/1987 1973/2423/1987 1974/2425/1987
f 1952/2400/1988 1951/2398/1988 1966/2424/1988 1967/2426/1988
f 1960/2401/1989 1959/2399/1989 1974/2425/1989 1975/2410/1989
f 1953/2402/1990 1952/2400/1990 1967/2426/1990 1968/2412/1990
f 1965/2422/1991 1964/2420/1991 1979/2427/1991 1980/2428/1991
f 1973/2423/1992 1972/2421/1992 1987/2429/1992 1988/2430/1992
f 1966/2424/1993 1965/2422/1993 1980/2428/1993 1981/2431/1993
f 1974/2425/1994 1973/2423/1994 1988/2430/1994 1989/2432/1994
f 1967/2426/1995 1966/2424/1995 1981/2431/1995 1982/2433/1995
f 1975/2410/1996 1974/2425/1996 1989/2432/1996 1990/2434/1996
f 1968/2412/1997 1967/2426/1997 1982/2433/1997 1983/2435/1997
f 1976/2411/1998 1975/2410/1998 1990/2434/1998 1991/2436/1998
f 1969/2413/1999 1968/2412/1999 1983/2435/1999 1984/2437/1999
f 1962/2415/2000 1639/2438/2000 1977/2439/2000
f 1646/2440/2001 1976/2411/2001 1991/2436/2001
f 1970/2417/2002 1969/2413/2002 1984/2437/2002 1985/2441/2002
f 1963/2418/2003 1962/2415/2003 1977/2439/2003 1978/2442/2003
f 1971/2419/2004 1970/2417/2004 1985/2441/2004 1986/2443/2004
f 1964/2420/2005 1963/2418/2005 1978/2442/2005 1979/2427/2005
f 1972/2421/2006 1971/2419/2006 1986/2443/2006 1987/2429/2006
f 1984/2437/2007 1983/2435/2007 1998/2444/2007 1999/2445/2007
f 1977/2439/2008 1639/2446/2008 1992/2447/2008
f 1646/2448/2009 1991/2436/2009 2006/2449/2009
f 1985/2441/2010 1984/2437/2010 1999/2445/2010 2000/2450/2010
f 1978/2442/2011 1977/2439/2011 1992/2447/2011 1993/2451/2011
f 1986/2443/2012 1985/2441/2012 2000/2450/2012 2001/2452/2012
f 1979/2427/2013 1978/2442/2013 1993/2451/2013 1994/2453/2013
f 1987/2429/2014 1986/2443/2014 2001/2452/2014 2002/2454/2014
f 1980/2428/2015 1979/2427/2015 1994/2453/2015 1995/2455/2015
f 1988/2430/2016 1987/2429/2016 2002/2454/2016 2003/2456/2016
f 1981/2431/2017 1980/2428/2017 1995/2455/2017 1996/2457/2017
f 1989/2432/2018 1988/2430/2018 2003/2456/2018 2004/2458/2018
f 1982/2433/2019 1981/2431/2019 1996/2457/2019 1997/2459/2019
f 1990/2434/2020 1989/2432/2020 2004/2458/2020 2005/2460/2020
f 1983/2435/2021 1982/2433/2021 1997/2459/2021 1998/2444/2021
f 1991/2436/2022 1990/2434/2022 2005/2460/2022 2006/2449/2022
f 2003/2461/2023 2002/2462/2023 2017/2463/2023 2018/2464/2023
f 1996/2465/2024 1995/2466/2024 2010/2467/2024 2011/2468/2024
f 2004/2469/2025 2003/2461/2025 2018/2464/2025 2019/2470/2025
f 1997/2471/2026 1996/2465/2026 2011/2468/2026 2012/2472/2026
f 2005/2473/2027 2004/2469/2027 2019/2470/2027 2020/2474/2027
f 1998/2475/2028 1997/2471/2028 2012/2472/2028 2013/2476/2028
f 2006/2477/2029 2005/2473/2029 2020/2474/2029 2021/2478/2029
f 1999/2479/2030 1998/2475/2030 2013/2476/2030 2014/2480/2030
f 1992/2481/2031 1639/2482/2031 2007/2483/2031
f 1646/2484/2032 2006/2477/2032 2021/2478/2032
f 2000/2485/2033 1999/2479/2033 2014/2480/2033 2015/2486/2033
f 1993/2487/2034 1992/2481/2034 2007/2483/2034 2008/2488/2034
f 2001/2489/2035 2000/2485/2035 2015/2486/2035 2016/2490/2035
f 1994/2491/2036 1993/2487/2036 2008/2488/2036 2009/2492/2036
f 2002/2462/2037 2001/2489/2037 2016/2490/2037 2017/2463/2037
f 1995/2466/2038 1994/2491/2038 2009/2492/2038 2010/2467/2038
f 2007/2483/2039 1639/2493/2039 2022/2494/2039
f 1646/2495/2040 2021/2478/2040 2036/2496/2040
f 2015/2486/2041 2014/2480/2041 2029/2497/2041 2030/2498/2041
f 2008/2488/2042 2007/2483/2042 2022/2494/2042 2023/2499/2042
f 2016/2490/2043 2015/2486/2043 2030/2498/2043 2031/2500/2043
f 2009/2492/2044 2008/2488/2044 2023/2499/2044 2024/2501/2044
f 2017/2463/2045 2016/2490/2045 2031/2500/2045 2032/2502/2045
f 2010/2467/2046 2009/2492/2046 2024/2501/2046 2025/2503/2046
f 2018/2464/2047 2017/2463/2047 2032/2502/2047 2033/2504/2047
f 2011/2468/2048 2010/2467/2048 2025/2503/2048 2026/2505/2048
f 2019/2470/2049 2018/2464/2049 2033/2504/2049 2034/2506/2049
f 2012/2472/2050 2011/2468/2050 2026/2505/2050 2027/2507/2050
f 2020/2474/2051 2019/2470/2051 2034/2506/2051 2035/2508/2051
f 2013/2476/2052 2012/2472/2052 2027/2507/2052 2028/2509/2052
f 2021/2478/2053 2020/2474/2053 2035/2508/2053 2036/2496/2053
f 2014/2480/2054 2013/2476/2054 2028/2509/2054 2029/2497/2054
f 2026/2505/2055 2025/2503/2055 2040/2510/2055 2041/2511/2055
f 2034/2506/2056 2033/2504/2056 2048/2512/2056 2049/2513/2056
f 2027/2507/2057 2026/2505/2057 2041/2511/2057 2042/2514/2057
f 2035/2508/2058 2034/2506/2058 2049/2513/2058 2050/2515/2058
f 2028/2509/2059 2027/2507/2059 2042/2514/2059 2043/2516/2059
f 2036/2496/2060 2035/2508/2060 2050/2515/2060 2051/2517/2060
f 2029/2497/2061 2028/2509/2061 2043/2516/2061 2044/2518/2061
f 2022/2494/2062 1639/2519/2062 2037/2520/2062
f 1646/2521/2063 2036/2496/2063 2051/2517/2063
f 2030/2498/2064 2029/2497/2064 2044/2518/2064 2045/2522/2064
f 2023/2499/2065 2022/2494/2065 2037/2520/2065 2038/2523/2065
f 2031/2500/2066 2030/2498/2066 2045/2522/2066 2046/2524/2066
f 2024/2501/2067 2023/2499/2067 2038/2523/2067 2039/2525/2067
f 2032/2502/2068 2031/2500/2068 2046/2524/2068 2047/2526/2068
f 2025/2503/2069 2024/2501/2069 2039/2525/2069 2040/2510/2069
f 2033/2504/2070 2032/2502/2070 2047/2526/2070 2048/2512/2070
f 2045/2522/2071 2044/2518/2071 2059/2527/2071 2060/2528/2071
f 2038/2523/2072 2037/2520/2072 2052/2529/2072 2053/2530/2072
f 2046/2524/2073 2045/2522/2073 2060/2528/2073 2061/2531/2073
f 2039/2525/2074 2038/2523/2074 2053/2530/2074 2054/2532/2074
f 2047/2526/2075 2046/2524/2075 2061/2531/2075 2062/2533/2075
f 2040/2510/2076 2039/2525/2076 2054/2532/2076 2055/2534/2076
f 2048/2512/2077 2047/2526/2077 2062/2533/2077 2063/2535/2077
f 2041/2511/2078 2040/2510/2078 2055/2534/2078 2056/2536/2078
f 2049/2513/2079 2048/2512/2079 2063/2535/2079 2064/2537/2079
f 2042/2514/2080 2041/2511/2080 2056/2536/2080 2057/2538/2080
f 2050/2515/2081 2049/2513/2081 2064/2537/2081 2065/2539/2081
f 2043/2516/2082 2042/2514/2082 2057/2538/2082 2058/2540/2082
f 2051/2517/2083 2050/2515/2083 2065/2539/2083 2066/2541/2083
f 2044/2518/2084 2043/2516/2084 2058/2540/2084 2059/2527/2084
f 2037/2520/2085 1639/2542/2085 2052/2529/2085
f 1646/2543/2086 2051/2517/2086 2066/2541/2086
f 2064/2537/2087 2063/2535/2087 2078/2544/2087 2079/2545/2087
f 2057/2538/2088 2056/2536/2088 2071/2546/2088 2072/2547/2088
f 2065/2539/2089 2064/2537/2089 2079/2545/2089 2080/2548/2089
f 2058/2540/2090 2057/2538/2090 2072/2547/2090 2073/2549/2090
f 2066/2541/2091 2065/2539/2091 2080/2548/2091 2081/2550/2091
f 2059/2527/2092 2058/2540/2092 2073/2549/2092 2074/2551/2092
f 2052/2529/2093 1639/2552/2093 2067/2553/2093
f 1646/2554/2094 2066/2541/2094 2081/2550/2094
f 2060/2528/2095 2059/2527/2095 2074/2551/2095 2075/2555/2095
f 2053/2530/2096 2052/2529/2096 2067/2553/2096 2068/2556/2096
f 2061/2531/2097 2060/2528/2097 2075/2555/2097 2076/2557/2097
f 2054/2532/2098 2053/2530/2098 2068/2556/2098 2069/2558/2098
f 2062/2533/2099 2061/2531/2099 2076/2557/2099 2077/2559/2099
f 2055/2534/2100 2054/2532/2100 2069/2558/2100 2070/2560/2100
f 2063/2535/2101 2062/2533/2101 2077/2559/2101 2078/2544/2101
f 2056/2536/2102 2055/2534/2102 2070/2560/2102 2071/2546/2102
f 2076/2557/2103 2075/2555/2103 2090/2561/2103 2091/2562/2103
f 2069/2558/2104 2068/2556/2104 2083/2563/2104 2084/2564/2104
f 2077/2559/2105 2076/2557/2105 2091/2562/2105 2092/2565/2105
f 2070/2560/2106 2069/2558/2106 2084/2564/2106 2085/2566/2106
f 2078/2544/2107 2077/2559/2107 2092/2565/2107 2093/2567/2107
f 2071/2546/2108 2070/2560/2108 2085/2566/2108 2086/2568/2108
f 2079/2545/2109 2078/2544/2109 2093/2567/2109 2094/2569/2109
f 2072/2547/2110 2071/2546/2110 2086/2568/2110 2087/2570/2110
f 2080/2548/2111 2079/2545/2111 2094/2569/2111 2095/2571/2111
f 2073/2549/2112 2072/2547/2112 2087/2570/2112 2088/2572/2112
f 2081/2550/2113 2080/2548/2113 2095/2571/2113 2096/2573/2113
f 2074/2551/2114 2073/2549/2114 2088/2572/2114 2089/2574/2114
f 2067/2553/2115 1639/2575/2115 2082/2576/2115
f 1646/2577/2116 2081/2550/2116 2096/2573/2116
f 2075/2555/2117 2074/2551/2117 2089/2574/2117 2090/2561/2117
f 2068/2556/2118 2067/2553/2118 2082/2576/2118 2083/2563/2118
f 2095/2571/2119 2094/2569/2119 2109/2578/2119 2110/2579/2119
f 2088/2572/2120 2087/2570/2120 2102/2580/2120 2103/2581/2120
f 2096/2573/2121 2095/2571/2121 2110/2579/2121 2111/2582/2121
f 2089/2574/2122 2088/2572/2122 2103/2581/2122 2104/2583/2122
f 2082/2576/2123 1639/2584/2123 2097/2585/2123
f 1646/2586/2124 2096/2573/2124 2111/2582/2124
f 2090/2561/2125 2089/2574/2125 2104/2583/2125 2105/2587/2125
f 2083/2563/2126 2082/2576/2126 2097/2585/2126 2098/2588/2126
f 2091/2562/2127 2090/2561/2127 2105/2587/2127 2106/2589/2127
f 2084/2564/2128 2083/2563/2128 2098/2588/2128 2099/2590/2128
f 2092/2565/2129 2091/2562/2129 2106/2589/2129 2107/2591/2129
f 2085/2566/2130 2084/2564/2130 2099/2590/2130 2100/2592/2130
f 2093/2567/2131 2092/2565/2131 2107/2591/2131 2108/2593/2131
f 2086/2568/2132 2085/2566/2132 2100/2592/2132 2101/2594/2132
f 2094/2569/2133 2093/2567/2133 2108/2593/2133 2109/2578/2133
f 2087/2570/2134 2086/2568/2134 2101/2594/2134 2102/2580/2134
f 2099/2590/2135 2098/2588/2135 2113/2043/2135 1640/2042/2135
f 2107/2591/2136 2106/2589/2136 2116/2038/2136 1645/2046/2136
f 2100/2592/2137 2099/2590/2137 1640/2042/2137 2114/2048/2137
f 2108/2593/2138 2107/2591/2138 1645/2046/2138 2117/2050/2138
f 2101/2594/2139 2100/2592/2139 2114/2048/2139 1641/2052/2139
f 2109/2578/2140 2108/2593/2140 2117/2050/2140 2118/2054/2140
f 2102/2580/2141 2101/2594/2141 1641/2052/2141 2115/2056/2141
f 2110/2579/2142 2109/2578/2142 2118/2054/2142 2119/2058/2142
f 2103/2581/2143 2102/2580/2143 2115/2056/2143 1642/2060/2143
f 2111/2582/2144 2110/2579/2144 2119/2058/2144 2120/2062/2144
f 2104/2583/2145 2103/2581/2145 1642/2060/2145 1643/2064/2145
f 2097/2585/2146 1639/2595/2146 2112/2066/2146
f 1646/2596/2147 2111/2582/2147 2120/2062/2147
f 2105/2587/2148 2104/2583/2148 1643/2064/2148 1644/2039/2148
f 2098/2588/2149 2097/2585/2149 2112/2066/2149 2113/2043/2149
f 2106/2589/2150 2105/2587/2150 1644/2039/2150 2116/2038/2150
f 2121/2479/2151 2122/2597/2151 2124/2598/2151 2123/2599/2151
f 2123/2599/2152 2124/2598/2152 2126/2600/2152 2125/2601/2152
f 2125/2601/2153 2126/2600/2153 2128/2602/2153 2127/2603/2153
f 2127/2603/2154 2128/2602/2154 2130/2604/2154 2129/2605/2154
f 2129/2605/2155 2130/2604/2155 2132/2606/2155 2131/2607/2155
f 2131/2607/2156 2132/2606/2156 2134/2608/2156 2133/2609/2156
f 2133/2609/2157 2134/2608/2157 2136/2610/2157 2135/2611/2157
f 2135/2611/2158 2136/2610/2158 2138/2612/2158 2137/2064/2158
f 2137/2064/2159 2138/2612/2159 2140/2613/2159 2139/2065/2159
f 2139/2065/2160 2140/2613/2160 2142/2614/2160 2141/2072/2160
f 2141/2072/2161 2142/2614/2161 2144/2615/2161 2143/2094/2161
f 2143/2094/2162 2144/2615/2162 2146/2616/2162 2145/2118/2162
f 2145/2118/2163 2146/2616/2163 2148/2617/2163 2147/2127/2163
f 2147/2127/2164 2148/2617/2164 2150/2618/2164 2149/2151/2164
f 2149/2151/2165 2150/2618/2165 2152/2619/2165 2151/2160/2165
f 2151/2160/2166 2152/2619/2166 2154/2620/2166 2153/2621/2166
f 2153/2621/2167 2154/2620/2167 2156/2622/2167 2155/2623/2167
f 2155/2623/2168 2156/2622/2168 2158/2624/2168 2157/2625/2168
f 2157/2625/2169 2158/2624/2169 2160/2626/2169 2159/2627/2169
f 2159/2627/2170 2160/2626/2170 2162/2628/2170 2161/2629/2170
f 2161/2629/2171 2162/2628/2171 2164/2630/2171 2163/2631/2171
f 2163/2631/2172 2164/2630/2172 2166/2632/2172 2165/2633/2172
f 2165/2633/2173 2166/2632/2173 2168/2634/2173 2167/2635/2173
f 2167/2635/2174 2168/2634/2174 2170/2636/2174 2169/2637/2174
f 2169/2637/2175 2170/2636/2175 2172/2638/2175 2171/2639/2175
f 2171/2639/2176 2172/2638/2176 2174/2640/2176 2173/2641/2176
f 2173/2641/2177 2174/2640/2177 2176/2642/2177 2175/2643/2177
f 2175/2643/2178 2176/2642/2178 2178/2644/2178 2177/2645/2178
f 2177/2645/2179 2178/2644/2179 2180/2646/2179 2179/2647/2179
f 2179/2647/2180 2180/2646/2180 2182/2648/2180 2181/2649/2180
f 2124/2650/2181 2122/2651/2181 2184/2652/2181 2182/2653/2181 2180/2654/2181 2178/2655/2181 2176/2656/2181 2174/2657/2181 2172/2658/2181 2170/2659/2181 2168/2660/2181 2166/2661/2181 2164/2662/2181 2162/2663/2181 2160/2664/2181 2158/2665/2181 2156/2666/2181 2154/2667/2181 2152/2668/2181 2150/2669/2181 2148/2670/2181 2146/2671/2181 2144/2672/2181 2142/2673/2181 2140/2674/2181 2138/2675/2181 2136/2676/2181 2134/2677/2181 2132/2678/2181 2130/2679/2181 2128/2680/2181 2126/2681/2181
f 2181/2649/2182 2182/2648/2182 2184/2682/2182 2183/2683/2182
f 2183/2683/2183 2184/2682/2183 2122/2684/2183 2121/2445/2183
f 2121/2685/2184 2123/2686/2184 2125/2687/2184 2127/2688/2184 2129/2689/2184 2131/2690/2184 2133/2691/2184 2135/2692/2184 2137/2693/2184 2139/2694/2184 2141/2695/2184 2143/2696/2184 2145/2697/2184 2147/2698/2184 2149/2699/2184 2151/2700/2184 2153/2701/2184 2155/2702/2184 2157/2703/2184 2159/2704/2184 2161/2705/2184 2163/2706/2184 2165/2707/2184 2167/2708/2184 2169/2709/2184 2171/2710/2184 2173/2711/2184 2175/2712/2184 2177/2713/2184 2179/2714/2184 2181/2715/2184 2183/2716/2184
o Sphere.004
v 0.000000 0.422130 0.000000
v 0.000000 0.350988 -0.519710
v 0.000000 0.234523 -0.777801
v 0.000000 0.082353 -0.917478
v 0.000000 0.000000 -0.935453
v 0.000000 -0.082353 -0.917478
v 0.000000 -0.234523 -0.777801
v 0.000000 -0.422130 0.000000
v 0.035604 0.414019 -0.178991
v 0.069839 0.389997 -0.351104
v 0.101390 0.350988 -0.509724
v 0.129045 0.298491 -0.648755
v 0.151741 0.234523 -0.762855
v 0.168606 0.161542 -0.847639
v 0.178991 0.082353 -0.899849
v 0.182498 0.000000 -0.917478
v 0.178991 -0.082353 -0.899849
v 0.168606 -0.161542 -0.847639
v 0.151741 -0.234523 -0.762855
v 0.129045 -0.298491 -0.648755
v 0.101390 -0.350988 -0.509724
v 0.069839 -0.389997 -0.351104
v 0.035604 -0.414019 -0.178991
v 0.069839 0.414019 -0.168606
v 0.136994 0.389997 -0.330733
v 0.198884 0.350988 -0.480149
v 0.253132 0.298491 -0.611114
v 0.297651 0.234523 -0.718594
v 0.330732 0.161542 -0.798459
v 0.351104 0.082353 -0.847639
v 0.357982 0.000000 -0.864246
v 0.351104 -0.082353 -0.847639
v 0.330732 -0.161542 -0.798459
v 0.297651 -0.234523 -0.718594
v 0.253132 -0.298491 -0.611114
v 0.198884 -0.350988 -0.480149
v 0.136994 -0.389997 -0.330733
v 0.069839 -0.414019 -0.168606
v 0.101390 0.414019 -0.151741
v 0.198884 0.389997 -0.297651
v 0.288735 0.350988 -0.432123
v 0.367490 0.298491 -0.549988
v 0.432123 0.234523 -0.646717
v 0.480149 0.161542 -0.718594
v 0.509724 0.082353 -0.762855
v 0.519710 0.000000 -0.777800
v 0.509724 -0.082353 -0.762855
v 0.480149 -0.161542 -0.718594
v 0.432123 -0.234523 -0.646717
v 0.367490 -0.298491 -0.549988
v 0.288735 -0.350988 -0.432123
v 0.198884 -0.389997 -0.297651
v 0.101390 -0.414019 -0.151741
v 0.129045 0.414019 -0.129045
v 0.253132 0.389997 -0.253132
v 0.367490 0.350988 -0.367490
v 0.467726 0.298491 -0.467726
v 0.549988 0.234523 -0.549988
v 0.611114 0.161542 -0.611114
v 0.648755 0.082353 -0.648755
v 0.661465 0.000000 -0.661465
v 0.648755 -0.082353 -0.648755
v 0.611114 -0.161542 -0.611114
v 0.549988 -0.234523 -0.549988
v 0.467726 -0.298491 -0.467726
v 0.367490 -0.350988 -0.367490
v 0.253132 -0.389997 -0.253132
v 0.129045 -0.414019 -0.129045
v 0.151741 0.414019 -0.101390
v 0.297651 0.389997 -0.198884
v 0.432123 0.350988 -0.288735
v 0.549988 0.298491 -0.367490
v 0.646717 0.234523 -0.432123
v 0.718594 0.161542 -0.480149
v 0.762855 0.082353 -0.509724
v 0.777801 0.000000 -0.519709
v 0.762855 -0.082353 -0.509724
v 0.718594 -0.161542 -0.480149
v 0.646717 -0.234523 -0.432123
v 0.549988 -0.298491 -0.367490
v 0.432123 -0.350988 -0.288735
v 0.297651 -0.389997 -0.198884
v 0.151741 -0.414019 -0.101390
v 0.168606 0.414019 -0.069839
v 0.330732 0.389997 -0.136994
v 0.480149 0.350988 -0.198884
v 0.611114 0.298491 -0.253132
v 0.718594 0.234523 -0.297651
v 0.798459 0.161542 -0.330733
v 0.847639 0.082353 -0.351104
v 0.864246 0.000000 -0.357982
v 0.847639 -0.082353 -0.351104
v 0.798459 -0.161542 -0.330733
v 0.718594 -0.234523 -0.297651
v 0.611114 -0.298491 -0.253132
v 0.480149 -0.350988 -0.198884
v 0.330732 -0.389997 -0.136994
v 0.168606 -0.414019 -0.069839
v 0.178991 0.414019 -0.035604
v 0.351104 0.389997 -0.069839
v 0.509724 0.350988 -0.101390
v 0.648755 0.298491 -0.129045
v 0.762855 0.234523 -0.151741
v 0.847639 0.161542 -0.168606
v 0.899849 0.082353 -0.178991
v 0.917478 0.000000 -0.182498
v 0.899849 -0.082353 -0.178991
v 0.847639 -0.161542 -0.168606
v 0.762855 -0.234523 -0.151741
v 0.648755 -0.298491 -0.129045
v 0.509724 -0.350988 -0.101390
v 0.351104 -0.389997 -0.069839
v 0.178991 -0.414019 -0.035604
v 0.182498 0.414019 0.000000
v 0.357982 0.389997 0.000000
v 0.519710 0.350988 0.000000
v 0.661465 0.298491 -0.000000
v 0.777800 0.234523 0.000000
v 0.864246 0.161542 -0.000000
v 0.917478 0.082353 0.000000
v 0.935452 0.000000 0.000000
v 0.917478 -0.082353 0.000000
v 0.864246 -0.161542 -0.000000
v 0.777800 -0.234523 0.000000
v 0.661465 -0.298491 -0.000000
v 0.519710 -0.350988 0.000000
v 0.357982 -0.389997 0.000000
v 0.182498 -0.414019 0.000000
v 0.178991 0.414019 0.035604
v 0.351104 0.389997 0.069839
v 0.509724 0.350988 0.101390
v 0.648755 0.298491 0.129045
v 0.762855 0.234523 0.151741
v 0.847639 0.161542 0.168606
v 0.899849 0.082353 0.178991
v 0.917478 0.000000 0.182498
v 0.899849 -0.082353 0.178991
v 0.847639 -0.161542 0.168606
v 0.762855 -0.234523 0.151741
v 0.648755 -0.298491 0.129045
v 0.509724 -0.350988 0.101390
v 0.351104 -0.389997 0.069839
v 0.178991 -0.414019 0.035604
v 0.168606 0.414019 0.069839
v 0.330732 0.389997 0.136994
v 0.480149 0.350988 0.198884
v 0.611114 0.298491 0.253132
v 0.718594 0.234523 0.297651
v 0.798459 0.161542 0.330732
v 0.847639 0.082353 0.351104
v 0.864245 0.000000 0.357982
v 0.847639 -0.082353 0.351104
v 0.798459 -0.161542 0.330732
v 0.718594 -0.234523 0.297651
v 0.611114 -0.298491 0.253132
v 0.480149 -0.350988 0.198884
v 0.330732 -0.389997 0.136994
v 0.168606 -0.414019 0.069839
v 0.151741 0.414019 0.101390
v 0.297651 0.389997 0.198884
v 0.432123 0.350988 0.288735
v 0.549988 0.298491 0.367490
v 0.646717 0.234523 0.432123
v 0.718594 0.161542 0.480149
v 0.762855 0.082353 0.509724
v 0.777800 0.000000 0.519710
v 0.762855 -0.082353 0.509724
v 0.718594 -0.161542 0.480149
v 0.646717 -0.234523 0.432123
v 0.549988 -0.298491 0.367490
v 0.432123 -0.350988 0.288735
v 0.297651 -0.389997 0.198884
v 0.151741 -0.414019 0.101390
v 0.129045 0.414019 0.129045
v 0.253132 0.389997 0.253132
v 0.367490 0.350988 0.367490
v 0.467726 0.298491 0.467726
v 0.549988 0.234523 0.549988
v 0.611114 0.161542 0.611114
v 0.648755 0.082353 0.648755
v 0.661464 0.000000 0.661465
v 0.648755 -0.082353 0.648755
v 0.611114 -0.161542 0.611114
v 0.549988 -0.234523 0.549988
v 0.467726 -0.298491 0.467726
v 0.367490 -0.350988 0.367490
v 0.253132 -0.389997 0.253132
v 0.129045 -0.414019 0.129045
v 0.101390 0.414019 0.151741
v 0.198884 0.389997 0.297651
v 0.288735 0.350988 0.432123
v 0.367490 0.298491 0.549988
v 0.432123 0.234523 0.646717
v 0.480149 0.161542 0.718594
v 0.509723 0.082353 0.762855
v 0.519709 0.000000 0.777800
v 0.509723 -0.082353 0.762855
v 0.480149 -0.161542 0.718594
v 0.432123 -0.234523 0.646717
v 0.367490 -0.298491 0.549988
v 0.288735 -0.350988 0.432123
v 0.198884 -0.389997 0.297651
v 0.101390 -0.414019 0.151741
v 0.069839 0.414019 0.168606
v 0.136994 0.389997 0.330732
v 0.198884 0.350988 0.480149
v 0.253132 0.298491 0.611114
v 0.297651 0.234523 0.718594
v 0.330732 0.161542 0.798459
v 0.351104 0.082353 0.847639
v 0.357982 0.000000 0.864245
v 0.351104 -0.082353 0.847639
v 0.330732 -0.161542 0.798459
v 0.297651 -0.234523 0.718594
v 0.253132 -0.298491 0.611114
v 0.198884 -0.350988 0.480149
v 0.136994 -0.389997 0.330732
v 0.069839 -0.414019 0.168606
v 0.035604 0.414019 0.178991
v 0.069839 0.389997 0.351104
v 0.101390 0.350988 0.509723
v 0.129045 0.298491 0.648755
v 0.151741 0.234523 0.762855
v 0.168606 0.161542 0.847639
v 0.178991 0.082353 0.899849
v 0.182497 0.000000 0.917478
v 0.178991 -0.082353 0.899849
v 0.168606 -0.161542 0.847639
v 0.151741 -0.234523 0.762855
v 0.129045 -0.298491 0.648755
v 0.101390 -0.350988 0.509723
v 0.069839 -0.389997 0.351104
v 0.035604 -0.414019 0.178991
v -0.000000 0.414019 0.182498
v -0.000000 0.389997 0.357982
v -0.000000 0.350988 0.519709
v -0.000000 0.298491 0.661465
v -0.000000 0.234523 0.777800
v 0.000000 0.161542 0.864245
v -0.000000 0.082353 0.917478
v -0.000000 0.000000 0.935452
v -0.000000 -0.082353 0.917478
v 0.000000 -0.161542 0.864245
v -0.000000 -0.234523 0.777800
v -0.000000 -0.298491 0.661465
v -0.000000 -0.350988 0.519709
v -0.000000 -0.389997 0.357982
v -0.000000 -0.414019 0.182498
v -0.035604 0.414019 0.178991
v -0.069839 0.389997 0.351104
v -0.101390 0.350988 0.509723
v -0.129045 0.298491 0.648755
v -0.151741 0.234523 0.762855
v -0.168606 0.161542 0.847639
v -0.178991 0.082353 0.899849
v -0.182498 0.000000 0.917478
v -0.178991 -0.082353 0.899849
v -0.168606 -0.161542 0.847639
v -0.151741 -0.234523 0.762855
v -0.129045 -0.298491 0.648755
v -0.101390 -0.350988 0.509723
v -0.069839 -0.389997 0.351104
v -0.035604 -0.414019 0.178991
v -0.069839 0.414019 0.168606
v -0.136994 0.389997 0.330732
v -0.198884 0.350988 0.480149
v -0.253132 0.298491 0.611114
v -0.297651 0.234523 0.718594
v -0.330732 0.161542 0.798459
v -0.351104 0.082353 0.847639
v -0.357982 0.000000 0.864245
v -0.351104 -0.082353 0.847639
v -0.330732 -0.161542 0.798459
v -0.297651 -0.234523 0.718594
v -0.253132 -0.298491 0.611114
v -0.198884 -0.350988 0.480149
v -0.136994 -0.389997 0.330732
v -0.069839 -0.414019 0.168606
v -0.101390 0.414019 0.151741
v -0.198884 0.389997 0.297651
v -0.288735 0.350988 0.432122
v -0.367490 0.298491 0.549988
v -0.432123 0.234523 0.646717
v -0.480149 0.161542 0.718594
v -0.509724 0.082353 0.762855
v -0.519710 0.000000 0.777800
v -0.509724 -0.082353 0.762855
v -0.480149 -0.161542 0.718594
v -0.432123 -0.234523 0.646717
v -0.367490 -0.298491 0.549988
v -0.288735 -0.350988 0.432122
v -0.198884 -0.389997 0.297651
v -0.101390 -0.414019 0.151741
v -0.129045 0.414019 0.129045
v -0.253132 0.389997 0.253132
v -0.367490 0.350988 0.367490
v -0.467726 0.298491 0.467726
v -0.549988 0.234523 0.549988
v -0.611114 0.161542 0.611114
v -0.648755 0.082353 0.648755
v -0.661465 0.000000 0.661464
v -0.648755 -0.082353 0.648755
v -0.611114 -0.161542 0.611114
v -0.549988 -0.234523 0.549988
v -0.467726 -0.298491 0.467726
v -0.367490 -0.350988 0.367490
v -0.253132 -0.389997 0.253132
v -0.129045 -0.414019 0.129045
v -0.151741 0.414019 0.101390
v -0.297651 0.389997 0.198884
v -0.432123 0.350988 0.288735
v -0.549988 0.298491 0.367490
v -0.646717 0.234523 0.432122
v -0.718594 0.161542 0.480149
v -0.762855 0.082353 0.509723
v -0.777800 0.000000 0.519709
v -0.762855 -0.082353 0.509723
v -0.718594 -0.161542 0.480149
v -0.646717 -0.234523 0.432122
v -0.549988 -0.298491 0.367490
v -0.432123 -0.350988 0.288735
v -0.297651 -0.389997 0.198884
v -0.151741 -0.414019 0.101390
v -0.168606 0.414019 0.069839
v -0.330732 0.389997 0.136994
v -0.480149 0.350988 0.198884
v -0.611114 0.298491 0.253132
v -0.718594 0.234523 0.297651
v -0.798459 0.161542 0.330732
v -0.847639 0.082353 0.351103
v -0.864245 0.000000 0.357982
v -0.847639 -0.082353 0.351103
v -0.798459 -0.161542 0.330732
v -0.718594 -0.234523 0.297651
v -0.611114 -0.298491 0.253132
v -0.480149 -0.350988 0.198884
v -0.330732 -0.389997 0.136994
v -0.168606 -0.414019 0.069839
v -0.178991 0.414019 0.035604
v -0.351104 0.389997 0.069839
v -0.509723 0.350988 0.101390
v -0.648755 0.298491 0.129045
v -0.762855 0.234523 0.151741
v -0.847639 0.161542 0.168606
v -0.899849 0.082353 0.178991
v -0.917477 0.000000 0.182497
v -0.899849 -0.082353 0.178991
v -0.847639 -0.161542 0.168606
v -0.762855 -0.234523 0.151741
v -0.648755 -0.298491 0.129045
v -0.509723 -0.350988 0.101390
v -0.351104 -0.389997 0.069839
v -0.178991 -0.414019 0.035604
v -0.182498 0.414019 -0.000000
v -0.357982 0.389997 -0.000000
v -0.519709 0.350988 -0.000000
v -0.661465 0.298491 -0.000000
v -0.777800 0.234523 -0.000000
v -0.864245 0.161542 -0.000000
v -0.917478 0.082353 -0.000000
v -0.935452 0.000000 -0.000000
v -0.917478 -0.082353 -0.000000
v -0.864245 -0.161542 -0.000000
v -0.777800 -0.234523 -0.000000
v -0.661465 -0.298491 -0.000000
v -0.519709 -0.350988 -0.000000
v -0.357982 -0.389997 -0.000000
v -0.182498 -0.414019 -0.000000
v -0.178991 0.414019 -0.035604
v -0.351104 0.389997 -0.069839
v -0.509723 0.350988 -0.101390
v -0.648755 0.298491 -0.129045
v -0.762855 0.234523 -0.151741
v -0.847639 0.161542 -0.168606
v -0.899849 0.082353 -0.178991
v -0.917477 0.000000 -0.182498
v -0.899849 -0.082353 -0.178991
v -0.847639 -0.161542 -0.168606
v -0.762855 -0.234523 -0.151741
v -0.648755 -0.298491 -0.129045
v -0.509723 -0.350988 -0.101390
v -0.351104 -0.389997 -0.069839
v -0.178991 -0.414019 -0.035604
v -0.168606 0.414019 -0.069839
v -0.330732 0.389997 -0.136994
v -0.480149 0.350988 -0.198884
v -0.611114 0.298491 -0.253132
v -0.718593 0.234523 -0.297651
v -0.798459 0.161542 -0.330732
v -0.847639 0.082353 -0.351104
v -0.864245 0.000000 -0.357982
v -0.847639 -0.082353 -0.351104
v -0.798459 -0.161542 -0.330732
v -0.718593 -0.234523 -0.297651
v -0.611114 -0.298491 -0.253132
v -0.480149 -0.350988 -0.198884
v -0.330732 -0.389997 -0.136994
v -0.168606 -0.414019 -0.069839
v -0.151741 0.414019 -0.101390
v -0.297651 0.389997 -0.198884
v -0.432122 0.350988 -0.288735
v -0.549988 0.298491 -0.367490
v -0.646717 0.234523 -0.432123
v -0.718594 0.161542 -0.480149
v -0.762855 0.082353 -0.509724
v -0.777799 0.000000 -0.519710
v -0.762855 -0.082353 -0.509724
v -0.718594 -0.161542 -0.480149
v -0.646717 -0.234523 -0.432123
v -0.549988 -0.298491 -0.367490
v -0.432122 -0.350988 -0.288735
v -0.297651 -0.389997 -0.198884
v -0.151741 -0.414019 -0.101390
v -0.129045 0.414019 -0.129045
v -0.253132 0.389997 -0.253132
v -0.367490 0.350988 -0.367490
v -0.467726 0.298491 -0.467726
v -0.549987 0.234523 -0.549988
v -0.611114 0.161542 -0.611114
v -0.648755 0.082353 -0.648755
v -0.661464 0.000000 -0.661465
v -0.648755 -0.082353 -0.648755
v -0.611114 -0.161542 -0.611114
v -0.549987 -0.234523 -0.549988
v -0.467726 -0.298491 -0.467726
v -0.367490 -0.350988 -0.367490
v -0.253132 -0.389997 -0.253132
v -0.129045 -0.414019 -0.129045
v -0.101390 0.414019 -0.151741
v -0.198884 0.389997 -0.297651
v -0.288735 0.350988 -0.432122
v -0.367490 0.298491 -0.549988
v -0.432122 0.234523 -0.646717
v -0.480149 0.161542 -0.718594
v -0.509723 0.082353 -0.762855
v -0.519709 0.000000 -0.777800
v -0.509723 -0.082353 -0.762855
v -0.480149 -0.161542 -0.718594
v -0.432122 -0.234523 -0.646717
v -0.367490 -0.298491 -0.549988
v -0.288735 -0.350988 -0.432122
v -0.198884 -0.389997 -0.297651
v -0.101390 -0.414019 -0.151741
v -0.069839 0.414019 -0.168606
v -0.136994 0.389997 -0.330732
v -0.198884 0.350988 -0.480149
v -0.253132 0.298491 -0.611114
v -0.297651 0.234523 -0.718594
v -0.330732 0.161542 -0.798459
v -0.351103 0.082353 -0.847639
v -0.357981 0.000000 -0.864245
v -0.351103 -0.082353 -0.847639
v -0.330732 -0.161542 -0.798459
v -0.297651 -0.234523 -0.718594
v -0.253132 -0.298491 -0.611114
v -0.198884 -0.350988 -0.480149
v -0.136994 -0.389997 -0.330732
v -0.069839 -0.414019 -0.168606
v -0.035603 0.414019 -0.178991
v -0.069839 0.389997 -0.351104
v -0.101390 0.350988 -0.509723
v -0.129045 0.298491 -0.648755
v -0.151741 0.234523 -0.762855
v -0.168606 0.161542 -0.847639
v -0.178991 0.082353 -0.899849
v -0.182497 0.000000 -0.917477
v -0.178991 -0.082353 -0.899849
v -0.168606 -0.161542 -0.847639
v -0.151741 -0.234523 -0.762855
v -0.129045 -0.298491 -0.648755
v -0.101390 -0.350988 -0.509723
v -0.069839 -0.389997 -0.351104
v -0.035603 -0.414019 -0.178991
v 0.000000 0.414019 -0.182498
v 0.000000 0.389997 -0.357982
v 0.000000 0.298491 -0.661465
v 0.000000 0.161542 -0.864245
v 0.000000 -0.161542 -0.864245
v 0.000000 -0.298491 -0.661465
v 0.000000 -0.350988 -0.519709
v 0.000000 -0.389997 -0.357982
v 0.000000 -0.414019 -0.182498
vn 0.0634 -0.7626 -0.6438
vn 0.0342 0.9372 -0.3471
vn 0.0474 -0.8753 -0.4813
vn 0.0474 0.8753 -0.4813
vn 0.0342 -0.9372 -0.3471
vn 0.0634 0.7626 -0.6438
vn 0.0231 -0.9719 -0.2344
vn 0.0815 0.5560 -0.8272
vn 0.0134 -0.9907 -0.1356
vn 0.0958 0.2123 -0.9725
vn 0.0044 0.9990 -0.0444
vn 0.0044 -0.9990 -0.0444
vn 0.0958 -0.2123 -0.9725
vn 0.0134 0.9907 -0.1356
vn 0.0815 -0.5560 -0.8272
vn 0.0231 0.9719 -0.2344
vn 0.2413 -0.5560 -0.7954
vn 0.0684 0.9719 -0.2254
vn 0.1878 -0.7626 -0.6191
vn 0.1012 0.9372 -0.3337
vn 0.1404 -0.8753 -0.4628
vn 0.1404 0.8753 -0.4628
vn 0.1012 -0.9372 -0.3337
vn 0.1878 0.7626 -0.6191
vn 0.0684 -0.9719 -0.2254
vn 0.2413 0.5560 -0.7954
vn 0.0396 -0.9907 -0.1304
vn 0.2837 0.2123 -0.9351
vn 0.0130 0.9990 -0.0427
vn 0.0130 -0.9990 -0.0427
vn 0.2837 -0.2123 -0.9351
vn 0.0396 0.9907 -0.1304
vn 0.1110 -0.9719 -0.2077
vn 0.3918 0.5560 -0.7330
vn 0.0642 -0.9907 -0.1202
vn 0.4607 0.2123 -0.8618
vn 0.0210 0.9990 -0.0393
vn 0.0210 -0.9990 -0.0393
vn 0.4607 -0.2123 -0.8618
vn 0.0642 0.9907 -0.1202
vn 0.3918 -0.5560 -0.7330
vn 0.1110 0.9719 -0.2077
vn 0.3049 -0.7626 -0.5705
vn 0.1644 0.9372 -0.3076
vn 0.2280 -0.8753 -0.4265
vn 0.2280 0.8753 -0.4265
vn 0.1644 -0.9372 -0.3076
vn 0.3050 0.7626 -0.5705
vn 0.1494 0.9719 -0.1821
vn 0.4104 -0.7626 -0.5001
vn 0.2213 0.9372 -0.2696
vn 0.3068 -0.8753 -0.3738
vn 0.3068 0.8753 -0.3738
vn 0.2213 -0.9372 -0.2696
vn 0.4104 0.7626 -0.5001
vn 0.1494 -0.9719 -0.1821
vn 0.5273 0.5560 -0.6425
vn 0.0864 -0.9907 -0.1053
vn 0.6199 0.2123 -0.7554
vn 0.0283 0.9990 -0.0345
vn 0.0283 -0.9990 -0.0345
vn 0.6199 -0.2123 -0.7554
vn 0.0864 0.9907 -0.1053
vn 0.5273 -0.5560 -0.6425
vn 0.6425 0.5560 -0.5273
vn 0.1053 -0.9907 -0.0864
vn 0.7554 0.2123 -0.6199
vn 0.0345 0.9990 -0.0283
vn 0.0345 -0.9990 -0.0283
vn 0.7554 -0.2123 -0.6199
vn 0.1053 0.9907 -0.0864
vn 0.6425 -0.5560 -0.5273
vn 0.1821 0.9719 -0.1494
vn 0.5001 -0.7626 -0.4104
vn 0.2696 0.9372 -0.2213
vn 0.3738 -0.8753 -0.3068
vn 0.3738 0.8753 -0.3068
vn 0.2696 -0.9372 -0.2213
vn 0.5001 0.7626 -0.4104
vn 0.1821 -0.9719 -0.1494
vn 0.5705 -0.7626 -0.3050
vn 0.3076 0.9372 -0.1644
vn 0.4265 -0.8753 -0.2280
vn 0.4265 0.8753 -0.2280
vn 0.3076 -0.9372 -0.1644
vn 0.5705 0.7626 -0.3049
vn 0.2077 -0.9719 -0.1110
vn 0.7330 0.5560 -0.3918
vn 0.1202 -0.9907 -0.0642
vn 0.8618 0.2123 -0.4607
vn 0.0393 0.9990 -0.0210
vn 0.0393 -0.9990 -0.0210
vn 0.8618 -0.2123 -0.4607
vn 0.1202 0.9907 -0.0642
vn 0.7330 -0.5560 -0.3918
vn 0.2077 0.9719 -0.1110
vn 0.1304 -0.9907 -0.0396
vn 0.9351 0.2123 -0.2837
vn 0.0427 0.9990 -0.0130
vn 0.0427 -0.9990 -0.0130
vn 0.9351 -0.2123 -0.2837
vn 0.1304 0.9907 -0.0396
vn 0.7954 -0.5560 -0.2413
vn 0.2254 0.9719 -0.0684
vn 0.6191 -0.7626 -0.1878
vn 0.3337 0.9372 -0.1012
vn 0.4628 -0.8753 -0.1404
vn 0.4628 0.8753 -0.1404
vn 0.3337 -0.9372 -0.1012
vn 0.6191 0.7626 -0.1878
vn 0.2254 -0.9719 -0.0684
vn 0.7954 0.5560 -0.2413
vn 0.3471 0.9372 -0.0342
vn 0.4813 -0.8753 -0.0474
vn 0.4813 0.8753 -0.0474
vn 0.3471 -0.9372 -0.0342
vn 0.6438 0.7626 -0.0634
vn 0.2344 -0.9719 -0.0231
vn 0.8272 0.5560 -0.0815
vn 0.1356 -0.9907 -0.0134
vn 0.9725 0.2123 -0.0958
vn 0.0444 0.9990 -0.0044
vn 0.0444 -0.9990 -0.0044
vn 0.9725 -0.2123 -0.0958
vn 0.1356 0.9907 -0.0134
vn 0.8272 -0.5560 -0.0815
vn 0.2344 0.9719 -0.0231
vn 0.6438 -0.7626 -0.0634
vn 0.9725 0.2123 0.0958
vn 0.0444 0.9990 0.0044
vn 0.0444 -0.9990 0.0044
vn 0.9725 -0.2123 0.0958
vn 0.1356 0.9907 0.0134
vn 0.8272 -0.5560 0.0815
vn 0.2344 0.9719 0.0231
vn 0.6438 -0.7626 0.0634
vn 0.3471 0.9372 0.0342
vn 0.4813 -0.8753 0.0474
vn 0.4813 0.8753 0.0474
vn 0.3471 -0.9372 0.0342
vn 0.6438 0.7626 0.0634
vn 0.2344 -0.9719 0.0231
vn 0.8272 0.5560 0.0815
vn 0.1356 -0.9907 0.0134
vn 0.4628 -0.8753 0.1404
vn 0.4628 0.8753 0.1404
vn 0.3337 -0.9372 0.1012
vn 0.6191 0.7626 0.1878
vn 0.2254 -0.9719 0.0684
vn 0.7954 0.5560 0.2413
vn 0.1304 -0.9907 0.0396
vn 0.9351 0.2123 0.2837
vn 0.0427 0.9990 0.0130
vn 0.0427 -0.9990 0.0130
vn 0.9351 -0.2123 0.2837
vn 0.1304 0.9907 0.0396
vn 0.7954 -0.5560 0.2413
vn 0.2254 0.9719 0.0684
vn 0.6191 -0.7626 0.1878
vn 0.3337 0.9372 0.1012
vn 0.0393 -0.9990 0.0210
vn 0.8618 -0.2123 0.4607
vn 0.1202 0.9907 0.0642
vn 0.7330 -0.5560 0.3918
vn 0.2077 0.9719 0.1110
vn 0.5705 -0.7626 0.3049
vn 0.3076 0.9372 0.1644
vn 0.4265 -0.8753 0.2280
vn 0.4265 0.8753 0.2280
vn 0.3076 -0.9372 0.1644
vn 0.5705 0.7626 0.3049
vn 0.2077 -0.9719 0.1110
vn 0.7330 0.5560 0.3918
vn 0.1202 -0.9907 0.0642
vn 0.8618 0.2123 0.4607
vn 0.0393 0.9990 0.0210
vn 0.2696 -0.9372 0.2213
vn 0.5001 0.7626 0.4104
vn 0.1821 -0.9719 0.1494
vn 0.6425 0.5560 0.5273
vn 0.1053 -0.9907 0.0864
vn 0.7554 0.2123 0.6199
vn 0.0345 0.9990 0.0283
vn 0.0345 -0.9990 0.0283
vn 0.7554 -0.2123 0.6199
vn 0.1053 0.9907 0.0864
vn 0.6425 -0.5560 0.5273
vn 0.1821 0.9719 0.1494
vn 0.5001 -0.7626 0.4104
vn 0.2696 0.9372 0.2213
vn 0.3738 -0.8753 0.3068
vn 0.3738 0.8753 0.3068
vn 0.0864 0.9907 0.1053
vn 0.5273 -0.5560 0.6425
vn 0.1494 0.9719 0.1821
vn 0.4104 -0.7626 0.5001
vn 0.2213 0.9372 0.2696
vn 0.3068 -0.8753 0.3738
vn 0.3068 0.8753 0.3738
vn 0.2213 -0.9372 0.2696
vn 0.4104 0.7626 0.5001
vn 0.1494 -0.9719 0.1821
vn 0.5273 0.5560 0.6425
vn 0.0864 -0.9907 0.1053
vn 0.6199 0.2123 0.7554
vn 0.0283 0.9990 0.0345
vn 0.0283 -0.9990 0.0345
vn 0.6199 -0.2123 0.7554
vn 0.3049 0.7626 0.5705
vn 0.1110 -0.9719 0.2077
vn 0.3918 0.5560 0.7330
vn 0.0642 -0.9907 0.1202
vn 0.4607 0.2123 0.8618
vn 0.0210 0.9990 0.0393
vn 0.0210 -0.9990 0.0393
vn 0.4607 -0.2123 0.8618
vn 0.0642 0.9907 0.1202
vn 0.3918 -0.5560 0.7330
vn 0.1110 0.9719 0.2077
vn 0.3049 -0.7626 0.5705
vn 0.1644 0.9372 0.3076
vn 0.2280 -0.8753 0.4265
vn 0.2280 0.8753 0.4265
vn 0.1644 -0.9372 0.3076
vn 0.2413 -0.5560 0.7954
vn 0.0684 0.9719 0.2254
vn 0.1878 -0.7626 0.6191
vn 0.1012 0.9372 0.3337
vn 0.1404 -0.8753 0.4628
vn 0.1404 0.8753 0.4628
vn 0.1012 -0.9372 0.3337
vn 0.1878 0.7626 0.6191
vn 0.0684 -0.9719 0.2254
vn 0.2413 0.5560 0.7954
vn 0.0396 -0.9907 0.1304
vn 0.2837 0.2123 0.9351
vn 0.0129 0.9990 0.0427
vn 0.0130 -0.9990 0.0427
vn 0.2837 -0.2123 0.9351
vn 0.0396 0.9907 0.1304
vn 0.0231 -0.9719 0.2344
vn 0.0815 0.5560 0.8272
vn 0.0134 -0.9907 0.1356
vn 0.0958 0.2123 0.9725
vn 0.0044 0.9990 0.0444
vn 0.0044 -0.9990 0.0444
vn 0.0958 -0.2123 0.9725
vn 0.0134 0.9907 0.1356
vn 0.0815 -0.5560 0.8272
vn 0.0231 0.9719 0.2344
vn 0.0634 -0.7626 0.6438
vn 0.0342 0.9372 0.3471
vn 0.0474 -0.8753 0.4813
vn 0.0474 0.8753 0.4813
vn 0.0342 -0.9372 0.3471
vn 0.0634 0.7626 0.6438
vn -0.0231 0.9719 0.2344
vn -0.0634 -0.7626 0.6438
vn -0.0342 0.9372 0.3471
vn -0.0474 -0.8753 0.4813
vn -0.0474 0.8753 0.4813
vn -0.0342 -0.9372 0.3471
vn -0.0634 0.7626 0.6438
vn -0.0231 -0.9719 0.2344
vn -0.0815 0.5560 0.8272
vn -0.0134 -0.9907 0.1356
vn -0.0958 0.2123 0.9725
vn -0.0044 0.9990 0.0444
vn -0.0044 -0.9990 0.0444
vn -0.0958 -0.2123 0.9725
vn -0.0134 0.9907 0.1356
vn -0.0815 -0.5560 0.8272
vn -0.2413 0.5560 0.7954
vn -0.0396 -0.9907 0.1304
vn -0.2837 0.2123 0.9351
vn -0.0130 0.9990 0.0427
vn -0.0130 -0.9990 0.0427
vn -0.2837 -0.2123 0.9351
vn -0.0396 0.9907 0.1304
vn -0.2413 -0.5560 0.7954
vn -0.0684 0.9719 0.2254
vn -0.1878 -0.7626 0.6191
vn -0.1012 0.9372 0.3337
vn -0.1404 -0.8753 0.4628
vn -0.1404 0.8753 0.4628
vn -0.1012 -0.9372 0.3337
vn -0.1878 0.7626 0.6191
vn -0.0684 -0.9719 0.2254
vn -0.3050 -0.7626 0.5705
vn -0.1644 0.9372 0.3076
vn -0.2280 -0.8753 0.4265
vn -0.2280 0.8753 0.4265
vn -0.1644 -0.9372 0.3076
vn -0.3050 0.7626 0.5705
vn -0.1110 -0.9719 0.2077
vn -0.3918 0.5560 0.7330
vn -0.0642 -0.9907 0.1202
vn -0.4607 0.2123 0.8618
vn -0.0210 0.9990 0.0393
vn -0.0210 -0.9990 0.0393
vn -0.4607 -0.2123 0.8618
vn -0.0642 0.9907 0.1202
vn -0.3918 -0.5560 0.7330
vn -0.1110 0.9719 0.2077
vn -0.0864 -0.9907 0.1053
vn -0.6199 0.2123 0.7554
vn -0.0283 0.9990 0.0345
vn -0.0283 -0.9990 0.0345
vn -0.6199 -0.2123 0.7554
vn -0.0864 0.9907 0.1053
vn -0.5273 -0.5560 0.6425
vn -0.1494 0.9719 0.1821
vn -0.4104 -0.7626 0.5001
vn -0.2213 0.9372 0.2696
vn -0.3068 -0.8753 0.3738
vn -0.3068 0.8753 0.3738
vn -0.2213 -0.9372 0.2696
vn -0.4104 0.7626 0.5001
vn -0.1494 -0.9719 0.1821
vn -0.5273 0.5560 0.6425
vn -0.3738 -0.8753 0.3068
vn -0.3738 0.8753 0.3068
vn -0.2696 -0.9372 0.2213
vn -0.5001 0.7626 0.4104
vn -0.1821 -0.9719 0.1494
vn -0.6425 0.5560 0.5273
vn -0.1053 -0.9907 0.0864
vn -0.7554 0.2123 0.6199
vn -0.0345 0.9990 0.0283
vn -0.0345 -0.9990 0.0283
vn -0.7554 -0.2123 0.6199
vn -0.1053 0.9907 0.0864
vn -0.6425 -0.5560 0.5273
vn -0.1821 0.9719 0.1494
vn -0.5001 -0.7626 0.4104
vn -0.2696 0.9372 0.2213
vn -0.0393 0.9990 0.0210
vn -0.0393 -0.9990 0.0210
vn -0.8618 -0.2123 0.4607
vn -0.1202 0.9907 0.0642
vn -0.7330 -0.5560 0.3918
vn -0.2077 0.9719 0.1110
vn -0.5705 -0.7626 0.3049
vn -0.3076 0.9372 0.1644
vn -0.4265 -0.8753 0.2280
vn -0.4265 0.8753 0.2280
vn -0.3076 -0.9372 0.1644
vn -0.5705 0.7626 0.3050
vn -0.2077 -0.9719 0.1110
vn -0.7330 0.5560 0.3918
vn -0.1202 -0.9907 0.0642
vn -0.8618 0.2123 0.4607
vn -0.4628 0.8753 0.1404
vn -0.3337 -0.9372 0.1012
vn -0.6191 0.7626 0.1878
vn -0.2254 -0.9719 0.0684
vn -0.7954 0.5560 0.2413
vn -0.1304 -0.9907 0.0396
vn -0.9351 0.2123 0.2837
vn -0.0427 0.9990 0.0130
vn -0.0427 -0.9990 0.0130
vn -0.9351 -0.2123 0.2837
vn -0.1304 0.9907 0.0396
vn -0.7954 -0.5560 0.2413
vn -0.2254 0.9719 0.0684
vn -0.6191 -0.7626 0.1878
vn -0.3337 0.9372 0.1012
vn -0.4628 -0.8753 0.1404
vn -0.9725 -0.2123 0.0958
vn -0.1356 0.9907 0.0134
vn -0.8272 -0.5560 0.0815
vn -0.2344 0.9719 0.0231
vn -0.6438 -0.7626 0.0634
vn -0.3471 0.9372 0.0342
vn -0.4813 -0.8753 0.0474
vn -0.4813 0.8753 0.0474
vn -0.3471 -0.9372 0.0342
vn -0.6438 0.7626 0.0634
vn -0.2344 -0.9719 0.0231
vn -0.8272 0.5560 0.0815
vn -0.1356 -0.9907 0.0134
vn -0.9725 0.2123 0.0958
vn -0.0444 0.9990 0.0044
vn -0.0444 -0.9990 0.0044
vn -0.3471 -0.9372 -0.0342
vn -0.6438 0.7626 -0.0634
vn -0.2344 -0.9719 -0.0231
vn -0.8272 0.5560 -0.0815
vn -0.1356 -0.9907 -0.0134
vn -0.9725 0.2123 -0.0958
vn -0.0444 0.9990 -0.0044
vn -0.0444 -0.9990 -0.0044
vn -0.9725 -0.2123 -0.0958
vn -0.1356 0.9907 -0.0134
vn -0.8272 -0.5560 -0.0815
vn -0.2344 0.9719 -0.0231
vn -0.6438 -0.7626 -0.0634
vn -0.3471 0.9372 -0.0342
vn -0.4813 -0.8753 -0.0474
vn -0.4813 0.8753 -0.0474
vn -0.1304 0.9907 -0.0396
vn -0.7954 -0.5560 -0.2413
vn -0.2254 0.9719 -0.0684
vn -0.6191 -0.7626 -0.1878
vn -0.3337 0.9372 -0.1012
vn -0.4628 -0.8753 -0.1404
vn -0.4628 0.8753 -0.1404
vn -0.3337 -0.9372 -0.1012
vn -0.6191 0.7626 -0.1878
vn -0.2254 -0.9719 -0.0684
vn -0.7954 0.5560 -0.2413
vn -0.1304 -0.9907 -0.0396
vn -0.9351 0.2123 -0.2837
vn -0.0427 0.9990 -0.0130
vn -0.0427 -0.9990 -0.0130
vn -0.9351 -0.2123 -0.2837
vn -0.5705 0.7626 -0.3050
vn -0.2077 -0.9719 -0.1110
vn -0.7330 0.5560 -0.3918
vn -0.1202 -0.9907 -0.0642
vn -0.8618 0.2123 -0.4607
vn -0.0393 0.9990 -0.0210
vn -0.0393 -0.9990 -0.0210
vn -0.8618 -0.2123 -0.4607
vn -0.1202 0.9907 -0.0642
vn -0.7330 -0.5560 -0.3918
vn -0.2077 0.9719 -0.1110
vn -0.5705 -0.7626 -0.3050
vn -0.3076 0.9372 -0.1644
vn -0.4265 -0.8753 -0.2280
vn -0.4265 0.8753 -0.2280
vn -0.3076 -0.9372 -0.1644
vn -0.6425 -0.5560 -0.5273
vn -0.1821 0.9719 -0.1494
vn -0.5001 -0.7626 -0.4104
vn -0.2696 0.9372 -0.2213
vn -0.3738 -0.8753 -0.3068
vn -0.3738 0.8753 -0.3068
vn -0.2696 -0.9372 -0.2213
vn -0.5001 0.7626 -0.4104
vn -0.1821 -0.9719 -0.1494
vn -0.6425 0.5560 -0.5273
vn -0.1053 -0.9907 -0.0864
vn -0.7554 0.2123 -0.6199
vn -0.0345 0.9990 -0.0283
vn -0.0345 -0.9990 -0.0283
vn -0.7554 -0.2123 -0.6199
vn -0.1053 0.9907 -0.0864
vn -0.1494 -0.9719 -0.1821
vn -0.5273 0.5560 -0.6425
vn -0.0864 -0.9907 -0.1053
vn -0.6199 0.2123 -0.7554
vn -0.0283 0.9990 -0.0345
vn -0.0283 -0.9990 -0.0345
vn -0.6199 -0.2123 -0.7554
vn -0.0864 0.9907 -0.1053
vn -0.5273 -0.5560 -0.6425
vn -0.1494 0.9719 -0.1821
vn -0.4104 -0.7626 -0.5001
vn -0.2213 0.9372 -0.2696
vn -0.3068 -0.8753 -0.3738
vn -0.3068 0.8753 -0.3738
vn -0.2213 -0.9372 -0.2696
vn -0.4104 0.7626 -0.5001
vn -0.3049 -0.7626 -0.5705
vn -0.1644 0.9372 -0.3076
vn -0.2280 -0.8753 -0.4265
vn -0.2280 0.8753 -0.4265
vn -0.1644 -0.9372 -0.3076
vn -0.3049 0.7626 -0.5705
vn -0.1110 -0.9719 -0.2077
vn -0.3918 0.5560 -0.7330
vn -0.0642 -0.9907 -0.1202
vn -0.4607 0.2123 -0.8618
vn -0.0210 0.9990 -0.0393
vn -0.0210 -0.9990 -0.0393
vn -0.4607 -0.2123 -0.8618
vn -0.0642 0.9907 -0.1202
vn -0.3918 -0.5560 -0.7330
vn -0.1110 0.9719 -0.2077
vn -0.0396 -0.9907 -0.1304
vn -0.2837 0.2123 -0.9351
vn -0.0129 0.9990 -0.0427
vn -0.0130 -0.9990 -0.0427
vn -0.2837 -0.2123 -0.9351
vn -0.0396 0.9907 -0.1304
vn -0.2413 -0.5560 -0.7954
vn -0.0684 0.9719 -0.2254
vn -0.1878 -0.7626 -0.6191
vn -0.1012 0.9372 -0.3337
vn -0.1404 -0.8753 -0.4628
vn -0.1404 0.8753 -0.4628
vn -0.1012 -0.9372 -0.3337
vn -0.1878 0.7626 -0.6191
vn -0.0684 -0.9719 -0.2254
vn -0.2413 0.5560 -0.7954
vn -0.0342 0.9372 -0.3471
vn -0.0474 -0.8753 -0.4813
vn -0.0474 0.8753 -0.4813
vn -0.0342 -0.9372 -0.3471
vn -0.0634 0.7626 -0.6438
vn -0.0231 -0.9719 -0.2344
vn -0.0815 0.5560 -0.8272
vn -0.0134 -0.9907 -0.1356
vn -0.0958 0.2123 -0.9725
vn -0.0044 0.9990 -0.0444
vn -0.0044 -0.9990 -0.0444
vn -0.0958 -0.2123 -0.9725
vn -0.0134 0.9907 -0.1356
vn -0.0815 -0.5560 -0.8272
vn -0.0231 0.9719 -0.2344
vn -0.0634 -0.7626 -0.6438
vt 0.750000 0.312500
vt 0.750000 0.375000
vt 0.718750 0.375000
vt 0.718750 0.312500
vt 0.750000 0.750000
vt 0.750000 0.812500
vt 0.718750 0.812500
vt 0.718750 0.750000
vt 0.750000 0.250000
vt 0.718750 0.250000
vt 0.750000 0.687500
vt 0.718750 0.687500
vt 0.750000 0.187500
vt 0.718750 0.187500
vt 0.750000 0.625000
vt 0.718750 0.625000
vt 0.750000 0.125000
vt 0.718750 0.125000
vt 0.750000 0.562500
vt 0.718750 0.562500
vt 0.750000 0.062500
vt 0.718750 0.062500
vt 0.750000 0.500000
vt 0.718750 0.500000
vt 0.750000 0.937500
vt 0.734375 1.000000
vt 0.718750 0.937500
vt 0.734375 0.000000
vt 0.750000 0.437500
vt 0.718750 0.437500
vt 0.750000 0.875000
vt 0.718750 0.875000
vt 0.687500 0.437500
vt 0.687500 0.375000
vt 0.687500 0.875000
vt 0.687500 0.812500
vt 0.687500 0.312500
vt 0.687500 0.750000
vt 0.687500 0.250000
vt 0.687500 0.687500
vt 0.687500 0.187500
vt 0.687500 0.625000
vt 0.687500 0.125000
vt 0.687500 0.562500
vt 0.687500 0.062500
vt 0.687500 0.500000
vt 0.703125 1.000000
vt 0.687500 0.937500
vt 0.703125 0.000000
vt 0.656250 0.187500
vt 0.656250 0.125000
vt 0.656250 0.625000
vt 0.656250 0.562500
vt 0.656250 0.062500
vt 0.656250 0.500000
vt 0.671875 1.000000
vt 0.656250 0.937500
vt 0.671875 0.000000
vt 0.656250 0.437500
vt 0.656250 0.875000
vt 0.656250 0.375000
vt 0.656250 0.812500
vt 0.656250 0.312500
vt 0.656250 0.750000
vt 0.656250 0.250000
vt 0.656250 0.687500
vt 0.625000 0.875000
vt 0.625000 0.812500
vt 0.625000 0.375000
vt 0.625000 0.312500
vt 0.625000 0.750000
vt 0.625000 0.250000
vt 0.625000 0.687500
vt 0.625000 0.187500
vt 0.625000 0.625000
vt 0.625000 0.125000
vt 0.625000 0.562500
vt 0.625000 0.062500
vt 0.625000 0.500000
vt 0.640625 1.000000
vt 0.625000 0.937500
vt 0.640625 0.000000
vt 0.625000 0.437500
vt 0.593750 0.625000
vt 0.593750 0.562500
vt 0.593750 0.125000
vt 0.593750 0.062500
vt 0.593750 0.500000
vt 0.609375 1.000000
vt 0.593750 0.937500
vt 0.609375 0.000000
vt 0.593750 0.437500
vt 0.593750 0.875000
vt 0.593750 0.375000
vt 0.593750 0.812500
vt 0.593750 0.312500
vt 0.593750 0.750000
vt 0.593750 0.250000
vt 0.593750 0.687500
vt 0.593750 0.187500
vt 0.562500 0.375000
vt 0.562500 0.312500
vt 0.562500 0.812500
vt 0.562500 0.750000
vt 0.562500 0.250000
vt 0.562500 0.687500
vt 0.562500 0.187500
vt 0.562500 0.625000
vt 0.562500 0.125000
vt 0.562500 0.562500
vt 0.562500 0.062500
vt 0.562500 0.500000
vt 0.578125 1.000000
vt 0.562500 0.937500
vt 0.578125 0.000000
vt 0.562500 0.437500
vt 0.562500 0.875000
vt 0.531250 0.125000
vt 0.531250 0.062500
vt 0.531250 0.562500
vt 0.531250 0.500000
vt 0.546875 1.000000
vt 0.531250 0.937500
vt 0.546875 0.000000
vt 0.531250 0.437500
vt 0.531250 0.875000
vt 0.531250 0.375000
vt 0.531250 0.812500
vt 0.531250 0.312500
vt 0.531250 0.750000
vt 0.531250 0.250000
vt 0.531250 0.687500
vt 0.531250 0.187500
vt 0.531250 0.625000
vt 0.500000 0.812500
vt 0.500000 0.750000
vt 0.500000 0.312500
vt 0.500000 0.250000
vt 0.500000 0.687500
vt 0.500000 0.187500
vt 0.500000 0.625000
vt 0.500000 0.125000
vt 0.500000 0.562500
vt 0.500000 0.062500
vt 0.500000 0.500000
vt 0.515625 1.000000
vt 0.500000 0.937500
vt 0.515625 0.000000
vt 0.500000 0.437500
vt 0.500000 0.875000
vt 0.500000 0.375000
vt 0.468750 0.562500
vt 0.468750 0.500000
vt 0.484375 1.000000
vt 0.468750 0.937500
vt 0.484375 0.000000
vt 0.468750 0.062500
vt 0.468750 0.437500
vt 0.468750 0.875000
vt 0.468750 0.375000
vt 0.468750 0.812500
vt 0.468750 0.312500
vt 0.468750 0.750000
vt 0.468750 0.250000
vt 0.468750 0.687500
vt 0.468750 0.187500
vt 0.468750 0.625000
vt 0.468750 0.125000
vt 0.437500 0.312500
vt 0.437500 0.250000
vt 0.437500 0.750000
vt 0.437500 0.687500
vt 0.437500 0.187500
vt 0.437500 0.625000
vt 0.437500 0.125000
vt 0.437500 0.562500
vt 0.437500 0.062500
vt 0.437500 0.500000
vt 0.453125 1.000000
vt 0.437500 0.937500
vt 0.453125 0.000000
vt 0.437500 0.437500
vt 0.437500 0.875000
vt 0.437500 0.375000
vt 0.437500 0.812500
vt 0.421875 0.000000
vt 0.406250 0.062500
vt 0.406250 0.500000
vt 0.406250 0.437500
vt 0.406250 0.937500
vt 0.406250 0.875000
vt 0.406250 0.375000
vt 0.406250 0.812500
vt 0.406250 0.312500
vt 0.406250 0.750000
vt 0.406250 0.250000
vt 0.406250 0.687500
vt 0.406250 0.187500
vt 0.406250 0.625000
vt 0.406250 0.125000
vt 0.406250 0.562500
vt 0.421875 1.000000
vt 0.375000 0.250000
vt 0.375000 0.187500
vt 0.375000 0.687500
vt 0.375000 0.625000
vt 0.375000 0.125000
vt 0.375000 0.562500
vt 0.375000 0.062500
vt 0.375000 0.500000
vt 0.390625 1.000000
vt 0.375000 0.937500
vt 0.390625 0.000000
vt 0.375000 0.437500
vt 0.375000 0.875000
vt 0.375000 0.375000
vt 0.375000 0.812500
vt 0.375000 0.312500
vt 0.375000 0.750000
vt 0.343750 0.937500
vt 0.343750 0.875000
vt 0.343750 0.437500
vt 0.343750 0.375000
vt 0.343750 0.812500
vt 0.343750 0.312500
vt 0.343750 0.750000
vt 0.343750 0.250000
vt 0.343750 0.687500
vt 0.343750 0.187500
vt 0.343750 0.625000
vt 0.343750 0.125000
vt 0.343750 0.562500
vt 0.343750 0.062500
vt 0.343750 0.500000
vt 0.359375 1.000000
vt 0.359375 0.000000
vt 0.312500 0.687500
vt 0.312500 0.625000
vt 0.312500 0.187500
vt 0.312500 0.125000
vt 0.312500 0.562500
vt 0.312500 0.062500
vt 0.312500 0.500000
vt 0.328125 1.000000
vt 0.312500 0.937500
vt 0.328125 0.000000
vt 0.312500 0.437500
vt 0.312500 0.875000
vt 0.312500 0.375000
vt 0.312500 0.812500
vt 0.312500 0.312500
vt 0.312500 0.750000
vt 0.312500 0.250000
vt 0.281250 0.437500
vt 0.281250 0.375000
vt 0.281250 0.875000
vt 0.281250 0.812500
vt 0.281250 0.312500
vt 0.281250 0.750000
vt 0.281250 0.250000
vt 0.281250 0.687500
vt 0.281250 0.187500
vt 0.281250 0.625000
vt 0.281250 0.125000
vt 0.281250 0.562500
vt 0.281250 0.062500
vt 0.281250 0.500000
vt 0.296875 1.000000
vt 0.281250 0.937500
vt 0.296875 0.000000
vt 0.250000 0.187500
vt 0.250000 0.125000
vt 0.250000 0.625000
vt 0.250000 0.562500
vt 0.250000 0.062500
vt 0.250000 0.500000
vt 0.265625 1.000000
vt 0.250000 0.937500
vt 0.265625 0.000000
vt 0.250000 0.437500
vt 0.250000 0.875000
vt 0.250000 0.375000
vt 0.250000 0.812500
vt 0.250000 0.312500
vt 0.250000 0.750000
vt 0.250000 0.250000
vt 0.250000 0.687500
vt 0.218750 0.875000
vt 0.218750 0.812500
vt 0.218750 0.375000
vt 0.218750 0.312500
vt 0.218750 0.750000
vt 0.218750 0.250000
vt 0.218750 0.687500
vt 0.218750 0.187500
vt 0.218750 0.625000
vt 0.218750 0.125000
vt 0.218750 0.562500
vt 0.218750 0.062500
vt 0.218750 0.500000
vt 0.234375 1.000000
vt 0.218750 0.937500
vt 0.234375 0.000000
vt 0.218750 0.437500
vt 0.187500 0.625000
vt 0.187500 0.562500
vt 0.187500 0.125000
vt 0.187500 0.062500
vt 0.187500 0.500000
vt 0.203125 1.000000
vt 0.187500 0.937500
vt 0.203125 0.000000
vt 0.187500 0.437500
vt 0.187500 0.875000
vt 0.187500 0.375000
vt 0.187500 0.812500
vt 0.187500 0.312500
vt 0.187500 0.750000
vt 0.187500 0.250000
vt 0.187500 0.687500
vt 0.187500 0.187500
vt 0.156250 0.375000
vt 0.156250 0.312500
vt 0.156250 0.812500
vt 0.156250 0.750000
vt 0.156250 0.250000
vt 0.156250 0.687500
vt 0.156250 0.187500
vt 0.156250 0.625000
vt 0.156250 0.125000
vt 0.156250 0.562500
vt 0.156250 0.062500
vt 0.156250 0.500000
vt 0.171875 1.000000
vt 0.156250 0.937500
vt 0.171875 0.000000
vt 0.156250 0.437500
vt 0.156250 0.875000
vt 0.125000 0.125000
vt 0.125000 0.062500
vt 0.125000 0.562500
vt 0.125000 0.500000
vt 0.140625 1.000000
vt 0.125000 0.937500
vt 0.140625 0.000000
vt 0.125000 0.437500
vt 0.125000 0.875000
vt 0.125000 0.375000
vt 0.125000 0.812500
vt 0.125000 0.312500
vt 0.125000 0.750000
vt 0.125000 0.250000
vt 0.125000 0.687500
vt 0.125000 0.187500
vt 0.125000 0.625000
vt 0.093750 0.312500
vt 0.093750 0.250000
vt 0.093750 0.750000
vt 0.093750 0.687500
vt 0.093750 0.187500
vt 0.093750 0.625000
vt 0.093750 0.125000
vt 0.093750 0.562500
vt 0.093750 0.062500
vt 0.093750 0.500000
vt 0.109375 1.000000
vt 0.093750 0.937500
vt 0.109375 0.000000
vt 0.093750 0.437500
vt 0.093750 0.875000
vt 0.093750 0.375000
vt 0.093750 0.812500
vt 0.078125 1.000000
vt 0.062500 0.937500
vt 0.078125 0.000000
vt 0.062500 0.062500
vt 0.062500 0.500000
vt 0.062500 0.437500
vt 0.062500 0.875000
vt 0.062500 0.375000
vt 0.062500 0.812500
vt 0.062500 0.312500
vt 0.062500 0.750000
vt 0.062500 0.250000
vt 0.062500 0.687500
vt 0.062500 0.187500
vt 0.062500 0.625000
vt 0.062500 0.125000
vt 0.062500 0.562500
vt 0.031250 0.750000
vt 0.031250 0.687500
vt 0.031250 0.250000
vt 0.031250 0.187500
vt 0.031250 0.625000
vt 0.031250 0.125000
vt 0.031250 0.562500
vt 0.031250 0.062500
vt 0.031250 0.500000
vt 0.046875 1.000000
vt 0.031250 0.937500
vt 0.046875 0.000000
vt 0.031250 0.437500
vt 0.031250 0.875000
vt 0.031250 0.375000
vt 0.031250 0.812500
vt 0.031250 0.312500
vt 0.000000 0.500000
vt 0.000000 0.437500
vt 0.000000 0.937500
vt 0.000000 0.875000
vt 0.000000 0.375000
vt 0.000000 0.812500
vt 0.000000 0.312500
vt 0.000000 0.750000
vt 0.000000 0.250000
vt 0.000000 0.687500
vt 0.000000 0.187500
vt 0.000000 0.625000
vt 0.000000 0.125000
vt 0.000000 0.562500
vt 0.000000 0.062500
vt 0.015625 1.000000
vt 0.015625 0.000000
vt 1.000000 0.187500
vt 1.000000 0.250000
vt 0.968750 0.250000
vt 0.968750 0.187500
vt 1.000000 0.625000
vt 1.000000 0.687500
vt 0.968750 0.687500
vt 0.968750 0.625000
vt 1.000000 0.125000
vt 0.968750 0.125000
vt 1.000000 0.562500
vt 0.968750 0.562500
vt 1.000000 0.062500
vt 0.968750 0.062500
vt 1.000000 0.500000
vt 0.968750 0.500000
vt 1.000000 0.937500
vt 0.984375 1.000000
vt 0.968750 0.937500
vt 0.984375 0.000000
vt 1.000000 0.437500
vt 0.968750 0.437500
vt 1.000000 0.875000
vt 0.968750 0.875000
vt 1.000000 0.375000
vt 0.968750 0.375000
vt 1.000000 0.812500
vt 0.968750 0.812500
vt 1.000000 0.312500
vt 0.968750 0.312500
vt 1.000000 0.750000
vt 0.968750 0.750000
vt 0.937500 0.937500
vt 0.937500 0.875000
vt 0.937500 0.437500
vt 0.937500 0.375000
vt 0.937500 0.812500
vt 0.937500 0.312500
vt 0.937500 0.750000
vt 0.937500 0.250000
vt 0.937500 0.687500
vt 0.937500 0.187500
vt 0.937500 0.625000
vt 0.937500 0.125000
vt 0.937500 0.562500
vt 0.937500 0.062500
vt 0.937500 0.500000
vt 0.953125 1.000000
vt 0.953125 0.000000
vt 0.906250 0.687500
vt 0.906250 0.625000
vt 0.906250 0.187500
vt 0.906250 0.125000
vt 0.906250 0.562500
vt 0.906250 0.062500
vt 0.906250 0.500000
vt 0.921875 1.000000
vt 0.906250 0.937500
vt 0.921875 0.000000
vt 0.906250 0.437500
vt 0.906250 0.875000
vt 0.906250 0.375000
vt 0.906250 0.812500
vt 0.906250 0.312500
vt 0.906250 0.750000
vt 0.906250 0.250000
vt 0.875000 0.437500
vt 0.875000 0.375000
vt 0.875000 0.875000
vt 0.875000 0.812500
vt 0.875000 0.312500
vt 0.875000 0.750000
vt 0.875000 0.250000
vt 0.875000 0.687500
vt 0.875000 0.187500
vt 0.875000 0.625000
vt 0.875000 0.125000
vt 0.875000 0.562500
vt 0.875000 0.062500
vt 0.875000 0.500000
vt 0.890625 1.000000
vt 0.875000 0.937500
vt 0.890625 0.000000
vt 0.843750 0.187500
vt 0.843750 0.125000
vt 0.843750 0.625000
vt 0.843750 0.562500
vt 0.843750 0.062500
vt 0.843750 0.500000
vt 0.859375 1.000000
vt 0.843750 0.937500
vt 0.859375 0.000000
vt 0.843750 0.437500
vt 0.843750 0.875000
vt 0.843750 0.375000
vt 0.843750 0.812500
vt 0.843750 0.312500
vt 0.843750 0.750000
vt 0.843750 0.250000
vt 0.843750 0.687500
vt 0.812500 0.375000
vt 0.812500 0.312500
vt 0.812500 0.812500
vt 0.812500 0.750000
vt 0.812500 0.250000
vt 0.812500 0.687500
vt 0.812500 0.187500
vt 0.812500 0.625000
vt 0.812500 0.125000
vt 0.812500 0.562500
vt 0.812500 0.062500
vt 0.812500 0.500000
vt 0.828125 1.000000
vt 0.812500 0.937500
vt 0.828125 0.000000
vt 0.812500 0.437500
vt 0.812500 0.875000
vt 0.781250 0.125000
vt 0.781250 0.062500
vt 0.781250 0.562500
vt 0.781250 0.500000
vt 0.796875 1.000000
vt 0.781250 0.937500
vt 0.796875 0.000000
vt 0.781250 0.437500
vt 0.781250 0.875000
vt 0.781250 0.375000
vt 0.781250 0.812500
vt 0.781250 0.312500
vt 0.781250 0.750000
vt 0.781250 0.250000
vt 0.781250 0.687500
vt 0.781250 0.187500
vt 0.781250 0.625000
vt 0.765625 1.000000
vt 0.765625 0.000000
s 0
usemtl Material
f 2191/2717/2185 2662/2718/2185 2202/2719/2185 2203/2720/2185
f 2660/2721/2186 2186/2722/2186 2195/2723/2186 2196/2724/2186
f 2663/2725/2187 2191/2717/2187 2203/2720/2187 2204/2726/2187
f 2187/2727/2188 2660/2721/2188 2196/2724/2188 2197/2728/2188
f 2664/2729/2189 2663/2725/2189 2204/2726/2189 2205/2730/2189
f 2661/2731/2190 2187/2727/2190 2197/2728/2190 2198/2732/2190
f 2665/2733/2191 2664/2729/2191 2205/2730/2191 2206/2734/2191
f 2188/2735/2192 2661/2731/2192 2198/2732/2192 2199/2736/2192
f 2666/2737/2193 2665/2733/2193 2206/2734/2193 2207/2738/2193
f 2189/2739/2194 2188/2735/2194 2199/2736/2194 2200/2740/2194
f 2658/2741/2195 2185/2742/2195 2193/2743/2195
f 2192/2744/2196 2666/2737/2196 2207/2738/2196
f 2190/2745/2197 2189/2739/2197 2200/2740/2197 2201/2746/2197
f 2659/2747/2198 2658/2741/2198 2193/2743/2198 2194/2748/2198
f 2662/2718/2199 2190/2745/2199 2201/2746/2199 2202/2719/2199
f 2186/2722/2200 2659/2747/2200 2194/2748/2200 2195/2723/2200
f 2202/2719/2201 2201/2746/2201 2216/2749/2201 2217/2750/2201
f 2195/2723/2202 2194/2748/2202 2209/2751/2202 2210/2752/2202
f 2203/2720/2203 2202/2719/2203 2217/2750/2203 2218/2753/2203
f 2196/2724/2204 2195/2723/2204 2210/2752/2204 2211/2754/2204
f 2204/2726/2205 2203/2720/2205 2218/2753/2205 2219/2755/2205
f 2197/2728/2206 2196/2724/2206 2211/2754/2206 2212/2756/2206
f 2205/2730/2207 2204/2726/2207 2219/2755/2207 2220/2757/2207
f 2198/2732/2208 2197/2728/2208 2212/2756/2208 2213/2758/2208
f 2206/2734/2209 2205/2730/2209 2220/2757/2209 2221/2759/2209
f 2199/2736/2210 2198/2732/2210 2213/2758/2210 2214/2760/2210
f 2207/2738/2211 2206/2734/2211 2221/2759/2211 2222/2761/2211
f 2200/2740/2212 2199/2736/2212 2214/2760/2212 2215/2762/2212
f 2193/2743/2213 2185/2763/2213 2208/2764/2213
f 2192/2765/2214 2207/2738/2214 2222/2761/2214
f 2201/2746/2215 2200/2740/2215 2215/2762/2215 2216/2749/2215
f 2194/2748/2216 2193/2743/2216 2208/2764/2216 2209/2751/2216
f 2221/2759/2217 2220/2757/2217 2235/2766/2217 2236/2767/2217
f 2214/2760/2218 2213/2758/2218 2228/2768/2218 2229/2769/2218
f 2222/2761/2219 2221/2759/2219 2236/2767/2219 2237/2770/2219
f 2215/2762/2220 2214/2760/2220 2229/2769/2220 2230/2771/2220
f 2208/2764/2221 2185/2772/2221 2223/2773/2221
f 2192/2774/2222 2222/2761/2222 2237/2770/2222
f 2216/2749/2223 2215/2762/2223 2230/2771/2223 2231/2775/2223
f 2209/2751/2224 2208/2764/2224 2223/2773/2224 2224/2776/2224
f 2217/2750/2225 2216/2749/2225 2231/2775/2225 2232/2777/2225
f 2210/2752/2226 2209/2751/2226 2224/2776/2226 2225/2778/2226
f 2218/2753/2227 2217/2750/2227 2232/2777/2227 2233/2779/2227
f 2211/2754/2228 2210/2752/2228 2225/2778/2228 2226/2780/2228
f 2219/2755/2229 2218/2753/2229 2233/2779/2229 2234/2781/2229
f 2212/2756/2230 2211/2754/2230 2226/2780/2230 2227/2782/2230
f 2220/2757/2231 2219/2755/2231 2234/2781/2231 2235/2766/2231
f 2213/2758/2232 2212/2756/2232 2227/2782/2232 2228/2768/2232
f 2225/2778/2233 2224/2776/2233 2239/2783/2233 2240/2784/2233
f 2233/2779/2234 2232/2777/2234 2247/2785/2234 2248/2786/2234
f 2226/2780/2235 2225/2778/2235 2240/2784/2235 2241/2787/2235
f 2234/2781/2236 2233/2779/2236 2248/2786/2236 2249/2788/2236
f 2227/2782/2237 2226/2780/2237 2241/2787/2237 2242/2789/2237
f 2235/2766/2238 2234/2781/2238 2249/2788/2238 2250/2790/2238
f 2228/2768/2239 2227/2782/2239 2242/2789/2239 2243/2791/2239
f 2236/2767/2240 2235/2766/2240 2250/2790/2240 2251/2792/2240
f 2229/2769/2241 2228/2768/2241 2243/2791/2241 2244/2793/2241
f 2237/2770/2242 2236/2767/2242 2251/2792/2242 2252/2794/2242
f 2230/2771/2243 2229/2769/2243 2244/2793/2243 2245/2795/2243
f 2223/2773/2244 2185/2796/2244 2238/2797/2244
f 2192/2798/2245 2237/2770/2245 2252/2794/2245
f 2231/2775/2246 2230/2771/2246 2245/2795/2246 2246/2799/2246
f 2224/2776/2247 2223/2773/2247 2238/2797/2247 2239/2783/2247
f 2232/2777/2248 2231/2775/2248 2246/2799/2248 2247/2785/2248
f 2244/2793/2249 2243/2791/2249 2258/2800/2249 2259/2801/2249
f 2252/2794/2250 2251/2792/2250 2266/2802/2250 2267/2803/2250
f 2245/2795/2251 2244/2793/2251 2259/2801/2251 2260/2804/2251
f 2238/2797/2252 2185/2805/2252 2253/2806/2252
f 2192/2807/2253 2252/2794/2253 2267/2803/2253
f 2246/2799/2254 2245/2795/2254 2260/2804/2254 2261/2808/2254
f 2239/2783/2255 2238/2797/2255 2253/2806/2255 2254/2809/2255
f 2247/2785/2256 2246/2799/2256 2261/2808/2256 2262/2810/2256
f 2240/2784/2257 2239/2783/2257 2254/2809/2257 2255/2811/2257
f 2248/2786/2258 2247/2785/2258 2262/2810/2258 2263/2812/2258
f 2241/2787/2259 2240/2784/2259 2255/2811/2259 2256/2813/2259
f 2249/2788/2260 2248/2786/2260 2263/2812/2260 2264/2814/2260
f 2242/2789/2261 2241/2787/2261 2256/2813/2261 2257/2815/2261
f 2250/2790/2262 2249/2788/2262 2264/2814/2262 2265/2816/2262
f 2243/2791/2263 2242/2789/2263 2257/2815/2263 2258/2800/2263
f 2251/2792/2264 2250/2790/2264 2265/2816/2264 2266/2802/2264
f 2263/2812/2265 2262/2810/2265 2277/2817/2265 2278/2818/2265
f 2256/2813/2266 2255/2811/2266 2270/2819/2266 2271/2820/2266
f 2264/2814/2267 2263/2812/2267 2278/2818/2267 2279/2821/2267
f 2257/2815/2268 2256/2813/2268 2271/2820/2268 2272/2822/2268
f 2265/2816/2269 2264/2814/2269 2279/2821/2269 2280/2823/2269
f 2258/2800/2270 2257/2815/2270 2272/2822/2270 2273/2824/2270
f 2266/2802/2271 2265/2816/2271 2280/2823/2271 2281/2825/2271
f 2259/2801/2272 2258/2800/2272 2273/2824/2272 2274/2826/2272
f 2267/2803/2273 2266/2802/2273 2281/2825/2273 2282/2827/2273
f 2260/2804/2274 2259/2801/2274 2274/2826/2274 2275/2828/2274
f 2253/2806/2275 2185/2829/2275 2268/2830/2275
f 2192/2831/2276 2267/2803/2276 2282/2827/2276
f 2261/2808/2277 2260/2804/2277 2275/2828/2277 2276/2832/2277
f 2254/2809/2278 2253/2806/2278 2268/2830/2278 2269/2833/2278
f 2262/2810/2279 2261/2808/2279 2276/2832/2279 2277/2817/2279
f 2255/2811/2280 2254/2809/2280 2269/2833/2280 2270/2819/2280
f 2282/2827/2281 2281/2825/2281 2296/2834/2281 2297/2835/2281
f 2275/2828/2282 2274/2826/2282 2289/2836/2282 2290/2837/2282
f 2268/2830/2283 2185/2838/2283 2283/2839/2283
f 2192/2840/2284 2282/2827/2284 2297/2835/2284
f 2276/2832/2285 2275/2828/2285 2290/2837/2285 2291/2841/2285
f 2269/2833/2286 2268/2830/2286 2283/2839/2286 2284/2842/2286
f 2277/2817/2287 2276/2832/2287 2291/2841/2287 2292/2843/2287
f 2270/2819/2288 2269/2833/2288 2284/2842/2288 2285/2844/2288
f 2278/2818/2289 2277/2817/2289 2292/2843/2289 2293/2845/2289
f 2271/2820/2290 2270/2819/2290 2285/2844/2290 2286/2846/2290
f 2279/2821/2291 2278/2818/2291 2293/2845/2291 2294/2847/2291
f 2272/2822/2292 2271/2820/2292 2286/2846/2292 2287/2848/2292
f 2280/2823/2293 2279/2821/2293 2294/2847/2293 2295/2849/2293
f 2273/2824/2294 2272/2822/2294 2287/2848/2294 2288/2850/2294
f 2281/2825/2295 2280/2823/2295 2295/2849/2295 2296/2834/2295
f 2274/2826/2296 2273/2824/2296 2288/2850/2296 2289/2836/2296
f 2286/2846/2297 2285/2844/2297 2300/2851/2297 2301/2852/2297
f 2294/2847/2298 2293/2845/2298 2308/2853/2298 2309/2854/2298
f 2287/2848/2299 2286/2846/2299 2301/2852/2299 2302/2855/2299
f 2295/2849/2300 2294/2847/2300 2309/2854/2300 2310/2856/2300
f 2288/2850/2301 2287/2848/2301 2302/2855/2301 2303/2857/2301
f 2296/2834/2302 2295/2849/2302 2310/2856/2302 2311/2858/2302
f 2289/2836/2303 2288/2850/2303 2303/2857/2303 2304/2859/2303
f 2297/2835/2304 2296/2834/2304 2311/2858/2304 2312/2860/2304
f 2290/2837/2305 2289/2836/2305 2304/2859/2305 2305/2861/2305
f 2283/2839/2306 2185/2862/2306 2298/2863/2306
f 2192/2864/2307 2297/2835/2307 2312/2860/2307
f 2291/2841/2308 2290/2837/2308 2305/2861/2308 2306/2865/2308
f 2284/2842/2309 2283/2839/2309 2298/2863/2309 2299/2866/2309
f 2292/2843/2310 2291/2841/2310 2306/2865/2310 2307/2867/2310
f 2285/2844/2311 2284/2842/2311 2299/2866/2311 2300/2851/2311
f 2293/2845/2312 2292/2843/2312 2307/2867/2312 2308/2853/2312
f 2305/2861/2313 2304/2859/2313 2319/2868/2313 2320/2869/2313
f 2298/2863/2314 2185/2870/2314 2313/2871/2314
f 2192/2872/2315 2312/2860/2315 2327/2873/2315
f 2306/2865/2316 2305/2861/2316 2320/2869/2316 2321/2874/2316
f 2299/2866/2317 2298/2863/2317 2313/2871/2317 2314/2875/2317
f 2307/2867/2318 2306/2865/2318 2321/2874/2318 2322/2876/2318
f 2300/2851/2319 2299/2866/2319 2314/2875/2319 2315/2877/2319
f 2308/2853/2320 2307/2867/2320 2322/2876/2320 2323/2878/2320
f 2301/2852/2321 2300/2851/2321 2315/2877/2321 2316/2879/2321
f 2309/2854/2322 2308/2853/2322 2323/2878/2322 2324/2880/2322
f 2302/2855/2323 2301/2852/2323 2316/2879/2323 2317/2881/2323
f 2310/2856/2324 2309/2854/2324 2324/2880/2324 2325/2882/2324
f 2303/2857/2325 2302/2855/2325 2317/2881/2325 2318/2883/2325
f 2311/2858/2326 2310/2856/2326 2325/2882/2326 2326/2884/2326
f 2304/2859/2327 2303/2857/2327 2318/2883/2327 2319/2868/2327
f 2312/2860/2328 2311/2858/2328 2326/2884/2328 2327/2873/2328
f 2324/2880/2329 2323/2878/2329 2338/2885/2329 2339/2886/2329
f 2317/2881/2330 2316/2879/2330 2331/2887/2330 2332/2888/2330
f 2325/2882/2331 2324/2880/2331 2339/2886/2331 2340/2889/2331
f 2318/2883/2332 2317/2881/2332 2332/2888/2332 2333/2890/2332
f 2326/2884/2333 2325/2882/2333 2340/2889/2333 2341/2891/2333
f 2319/2868/2334 2318/2883/2334 2333/2890/2334 2334/2892/2334
f 2327/2873/2335 2326/2884/2335 2341/2891/2335 2342/2893/2335
f 2320/2869/2336 2319/2868/2336 2334/2892/2336 2335/2894/2336
f 2313/2871/2337 2185/2895/2337 2328/2896/2337
f 2192/2897/2338 2327/2873/2338 2342/2893/2338
f 2321/2874/2339 2320/2869/2339 2335/2894/2339 2336/2898/2339
f 2314/2875/2340 2313/2871/2340 2328/2896/2340 2329/2899/2340
f 2322/2876/2341 2321/2874/2341 2336/2898/2341 2337/2900/2341
f 2315/2877/2342 2314/2875/2342 2329/2899/2342 2330/2901/2342
f 2323/2878/2343 2322/2876/2343 2337/2900/2343 2338/2885/2343
f 2316/2879/2344 2315/2877/2344 2330/2901/2344 2331/2887/2344
f 2192/2902/2345 2342/2893/2345 2357/2903/2345
f 2336/2898/2346 2335/2894/2346 2350/2904/2346 2351/2905/2346
f 2329/2899/2347 2328/2896/2347 2343/2906/2347 2344/2907/2347
f 2337/2900/2348 2336/2898/2348 2351/2905/2348 2352/2908/2348
f 2330/2901/2349 2329/2899/2349 2344/2907/2349 2345/2909/2349
f 2338/2885/2350 2337/2900/2350 2352/2908/2350 2353/2910/2350
f 2331/2887/2351 2330/2901/2351 2345/2909/2351 2346/2911/2351
f 2339/2886/2352 2338/2885/2352 2353/2910/2352 2354/2912/2352
f 2332/2888/2353 2331/2887/2353 2346/2911/2353 2347/2913/2353
f 2340/2889/2354 2339/2886/2354 2354/2912/2354 2355/2914/2354
f 2333/2890/2355 2332/2888/2355 2347/2913/2355 2348/2915/2355
f 2341/2891/2356 2340/2889/2356 2355/2914/2356 2356/2916/2356
f 2334/2892/2357 2333/2890/2357 2348/2915/2357 2349/2917/2357
f 2342/2893/2358 2341/2891/2358 2356/2916/2358 2357/2903/2358
f 2335/2894/2359 2334/2892/2359 2349/2917/2359 2350/2904/2359
f 2328/2896/2360 2185/2918/2360 2343/2906/2360
f 2355/2914/2361 2354/2912/2361 2369/2919/2361 2370/2920/2361
f 2348/2915/2362 2347/2913/2362 2362/2921/2362 2363/2922/2362
f 2356/2916/2363 2355/2914/2363 2370/2920/2363 2371/2923/2363
f 2349/2917/2364 2348/2915/2364 2363/2922/2364 2364/2924/2364
f 2357/2903/2365 2356/2916/2365 2371/2923/2365 2372/2925/2365
f 2350/2904/2366 2349/2917/2366 2364/2924/2366 2365/2926/2366
f 2343/2906/2367 2185/2927/2367 2358/2928/2367
f 2192/2929/2368 2357/2903/2368 2372/2925/2368
f 2351/2905/2369 2350/2904/2369 2365/2926/2369 2366/2930/2369
f 2344/2907/2370 2343/2906/2370 2358/2928/2370 2359/2931/2370
f 2352/2908/2371 2351/2905/2371 2366/2930/2371 2367/2932/2371
f 2345/2909/2372 2344/2907/2372 2359/2931/2372 2360/2933/2372
f 2353/2910/2373 2352/2908/2373 2367/2932/2373 2368/2934/2373
f 2346/2911/2374 2345/2909/2374 2360/2933/2374 2361/2935/2374
f 2354/2912/2375 2353/2910/2375 2368/2934/2375 2369/2919/2375
f 2347/2913/2376 2346/2911/2376 2361/2935/2376 2362/2921/2376
f 2359/2931/2377 2358/2928/2377 2373/2936/2377 2374/2937/2377
f 2367/2932/2378 2366/2930/2378 2381/2938/2378 2382/2939/2378
f 2360/2933/2379 2359/2931/2379 2374/2937/2379 2375/2940/2379
f 2368/2934/2380 2367/2932/2380 2382/2939/2380 2383/2941/2380
f 2361/2935/2381 2360/2933/2381 2375/2940/2381 2376/2942/2381
f 2369/2919/2382 2368/2934/2382 2383/2941/2382 2384/2943/2382
f 2362/2921/2383 2361/2935/2383 2376/2942/2383 2377/2944/2383
f 2370/2920/2384 2369/2919/2384 2384/2943/2384 2385/2945/2384
f 2363/2922/2385 2362/2921/2385 2377/2944/2385 2378/2946/2385
f 2371/2923/2386 2370/2920/2386 2385/2945/2386 2386/2947/2386
f 2364/2924/2387 2363/2922/2387 2378/2946/2387 2379/2948/2387
f 2372/2925/2388 2371/2923/2388 2386/2947/2388 2387/2949/2388
f 2365/2926/2389 2364/2924/2389 2379/2948/2389 2380/2950/2389
f 2358/2928/2390 2185/2951/2390 2373/2936/2390
f 2192/2952/2391 2372/2925/2391 2387/2949/2391
f 2366/2930/2392 2365/2926/2392 2380/2950/2392 2381/2938/2392
f 2378/2946/2393 2377/2944/2393 2392/2953/2393 2393/2954/2393
f 2386/2947/2394 2385/2945/2394 2400/2955/2394 2401/2956/2394
f 2379/2948/2395 2378/2946/2395 2393/2954/2395 2394/2957/2395
f 2387/2949/2396 2386/2947/2396 2401/2956/2396 2402/2958/2396
f 2380/2950/2397 2379/2948/2397 2394/2957/2397 2395/2959/2397
f 2373/2936/2398 2185/2960/2398 2388/2961/2398
f 2192/2962/2399 2387/2949/2399 2402/2958/2399
f 2381/2938/2400 2380/2950/2400 2395/2959/2400 2396/2963/2400
f 2374/2937/2401 2373/2936/2401 2388/2961/2401 2389/2964/2401
f 2382/2939/2402 2381/2938/2402 2396/2963/2402 2397/2965/2402
f 2375/2940/2403 2374/2937/2403 2389/2964/2403 2390/2966/2403
f 2383/2941/2404 2382/2939/2404 2397/2965/2404 2398/2967/2404
f 2376/2942/2405 2375/2940/2405 2390/2966/2405 2391/2968/2405
f 2384/2943/2406 2383/2941/2406 2398/2967/2406 2399/2969/2406
f 2377/2944/2407 2376/2942/2407 2391/2968/2407 2392/2953/2407
f 2385/2945/2408 2384/2943/2408 2399/2969/2408 2400/2955/2408
f 2397/2965/2409 2396/2963/2409 2411/2970/2409 2412/2971/2409
f 2390/2966/2410 2389/2964/2410 2404/2972/2410 2405/2973/2410
f 2398/2967/2411 2397/2965/2411 2412/2971/2411 2413/2974/2411
f 2391/2968/2412 2390/2966/2412 2405/2973/2412 2406/2975/2412
f 2399/2969/2413 2398/2967/2413 2413/2974/2413 2414/2976/2413
f 2392/2953/2414 2391/2968/2414 2406/2975/2414 2407/2977/2414
f 2400/2955/2415 2399/2969/2415 2414/2976/2415 2415/2978/2415
f 2393/2954/2416 2392/2953/2416 2407/2977/2416 2408/2979/2416
f 2401/2956/2417 2400/2955/2417 2415/2978/2417 2416/2980/2417
f 2394/2957/2418 2393/2954/2418 2408/2979/2418 2409/2981/2418
f 2402/2958/2419 2401/2956/2419 2416/2980/2419 2417/2982/2419
f 2395/2959/2420 2394/2957/2420 2409/2981/2420 2410/2983/2420
f 2388/2961/2421 2185/2984/2421 2403/2985/2421
f 2192/2986/2422 2402/2958/2422 2417/2982/2422
f 2396/2963/2423 2395/2959/2423 2410/2983/2423 2411/2970/2423
f 2389/2964/2424 2388/2961/2424 2403/2985/2424 2404/2972/2424
f 2416/2980/2425 2415/2978/2425 2430/2987/2425 2431/2988/2425
f 2409/2981/2426 2408/2979/2426 2423/2989/2426 2424/2990/2426
f 2417/2982/2427 2416/2980/2427 2431/2988/2427 2432/2991/2427
f 2410/2983/2428 2409/2981/2428 2424/2990/2428 2425/2992/2428
f 2403/2985/2429 2185/2993/2429 2418/2994/2429
f 2192/2995/2430 2417/2982/2430 2432/2991/2430
f 2411/2970/2431 2410/2983/2431 2425/2992/2431 2426/2996/2431
f 2404/2972/2432 2403/2985/2432 2418/2994/2432 2419/2997/2432
f 2412/2971/2433 2411/2970/2433 2426/2996/2433 2427/2998/2433
f 2405/2973/2434 2404/2972/2434 2419/2997/2434 2420/2999/2434
f 2413/2974/2435 2412/2971/2435 2427/2998/2435 2428/3000/2435
f 2406/2975/2436 2405/2973/2436 2420/2999/2436 2421/3001/2436
f 2414/2976/2437 2413/2974/2437 2428/3000/2437 2429/3002/2437
f 2407/2977/2438 2406/2975/2438 2421/3001/2438 2422/3003/2438
f 2415/2978/2439 2414/2976/2439 2429/3002/2439 2430/2987/2439
f 2408/2979/2440 2407/2977/2440 2422/3003/2440 2423/2989/2440
f 2420/2999/2441 2419/2997/2441 2434/3004/2441 2435/3005/2441
f 2428/3000/2442 2427/2998/2442 2442/3006/2442 2443/3007/2442
f 2421/3001/2443 2420/2999/2443 2435/3005/2443 2436/3008/2443
f 2429/3002/2444 2428/3000/2444 2443/3007/2444 2444/3009/2444
f 2422/3003/2445 2421/3001/2445 2436/3008/2445 2437/3010/2445
f 2430/2987/2446 2429/3002/2446 2444/3009/2446 2445/3011/2446
f 2423/2989/2447 2422/3003/2447 2437/3010/2447 2438/3012/2447
f 2431/2988/2448 2430/2987/2448 2445/3011/2448 2446/3013/2448
f 2424/2990/2449 2423/2989/2449 2438/3012/2449 2439/3014/2449
f 2432/2991/2450 2431/2988/2450 2446/3013/2450 2447/3015/2450
f 2425/2992/2451 2424/2990/2451 2439/3014/2451 2440/3016/2451
f 2418/2994/2452 2185/3017/2452 2433/3018/2452
f 2192/3019/2453 2432/2991/2453 2447/3015/2453
f 2426/2996/2454 2425/2992/2454 2440/3016/2454 2441/3020/2454
f 2419/2997/2455 2418/2994/2455 2433/3018/2455 2434/3004/2455
f 2427/2998/2456 2426/2996/2456 2441/3020/2456 2442/3006/2456
f 2439/3014/2457 2438/3012/2457 2453/3021/2457 2454/3022/2457
f 2447/3015/2458 2446/3013/2458 2461/3023/2458 2462/3024/2458
f 2440/3016/2459 2439/3014/2459 2454/3022/2459 2455/3025/2459
f 2433/3018/2460 2185/3026/2460 2448/3027/2460
f 2192/3028/2461 2447/3015/2461 2462/3024/2461
f 2441/3020/2462 2440/3016/2462 2455/3025/2462 2456/3029/2462
f 2434/3004/2463 2433/3018/2463 2448/3027/2463 2449/3030/2463
f 2442/3006/2464 2441/3020/2464 2456/3029/2464 2457/3031/2464
f 2435/3005/2465 2434/3004/2465 2449/3030/2465 2450/3032/2465
f 2443/3007/2466 2442/3006/2466 2457/3031/2466 2458/3033/2466
f 2436/3008/2467 2435/3005/2467 2450/3032/2467 2451/3034/2467
f 2444/3009/2468 2443/3007/2468 2458/3033/2468 2459/3035/2468
f 2437/3010/2469 2436/3008/2469 2451/3034/2469 2452/3036/2469
f 2445/3011/2470 2444/3009/2470 2459/3035/2470 2460/3037/2470
f 2438/3012/2471 2437/3010/2471 2452/3036/2471 2453/3021/2471
f 2446/3013/2472 2445/3011/2472 2460/3037/2472 2461/3023/2472
f 2458/3033/2473 2457/3031/2473 2472/3038/2473 2473/3039/2473
f 2451/3034/2474 2450/3032/2474 2465/3040/2474 2466/3041/2474
f 2459/3035/2475 2458/3033/2475 2473/3039/2475 2474/3042/2475
f 2452/3036/2476 2451/3034/2476 2466/3041/2476 2467/3043/2476
f 2460/3037/2477 2459/3035/2477 2474/3042/2477 2475/3044/2477
f 2453/3021/2478 2452/3036/2478 2467/3043/2478 2468/3045/2478
f 2461/3023/2479 2460/3037/2479 2475/3044/2479 2476/3046/2479
f 2454/3022/2480 2453/3021/2480 2468/3045/2480 2469/3047/2480
f 2462/3024/2481 2461/3023/2481 2476/3046/2481 2477/3048/2481
f 2455/3025/2482 2454/3022/2482 2469/3047/2482 2470/3049/2482
f 2448/3027/2483 2185/3050/2483 2463/3051/2483
f 2192/3052/2484 2462/3024/2484 2477/3048/2484
f 2456/3029/2485 2455/3025/2485 2470/3049/2485 2471/3053/2485
f 2449/3030/2486 2448/3027/2486 2463/3051/2486 2464/3054/2486
f 2457/3031/2487 2456/3029/2487 2471/3053/2487 2472/3038/2487
f 2450/3032/2488 2449/3030/2488 2464/3054/2488 2465/3040/2488
f 2477/3048/2489 2476/3046/2489 2491/3055/2489 2492/3056/2489
f 2470/3049/2490 2469/3047/2490 2484/3057/2490 2485/3058/2490
f 2463/3051/2491 2185/3059/2491 2478/3060/2491
f 2192/3061/2492 2477/3048/2492 2492/3056/2492
f 2471/3053/2493 2470/3049/2493 2485/3058/2493 2486/3062/2493
f 2464/3054/2494 2463/3051/2494 2478/3060/2494 2479/3063/2494
f 2472/3038/2495 2471/3053/2495 2486/3062/2495 2487/3064/2495
f 2465/3040/2496 2464/3054/2496 2479/3063/2496 2480/3065/2496
f 2473/3039/2497 2472/3038/2497 2487/3064/2497 2488/3066/2497
f 2466/3041/2498 2465/3040/2498 2480/3065/2498 2481/3067/2498
f 2474/3042/2499 2473/3039/2499 2488/3066/2499 2489/3068/2499
f 2467/3043/2500 2466/3041/2500 2481/3067/2500 2482/3069/2500
f 2475/3044/2501 2474/3042/2501 2489/3068/2501 2490/3070/2501
f 2468/3045/2502 2467/3043/2502 2482/3069/2502 2483/3071/2502
f 2476/3046/2503 2475/3044/2503 2490/3070/2503 2491/3055/2503
f 2469/3047/2504 2468/3045/2504 2483/3071/2504 2484/3057/2504
f 2489/3068/2505 2488/3066/2505 2503/3072/2505 2504/3073/2505
f 2482/3069/2506 2481/3067/2506 2496/3074/2506 2497/3075/2506
f 2490/3070/2507 2489/3068/2507 2504/3073/2507 2505/3076/2507
f 2483/3071/2508 2482/3069/2508 2497/3075/2508 2498/3077/2508
f 2491/3055/2509 2490/3070/2509 2505/3076/2509 2506/3078/2509
f 2484/3057/2510 2483/3071/2510 2498/3077/2510 2499/3079/2510
f 2492/3056/2511 2491/3055/2511 2506/3078/2511 2507/3080/2511
f 2485/3058/2512 2484/3057/2512 2499/3079/2512 2500/3081/2512
f 2478/3060/2513 2185/3082/2513 2493/3083/2513
f 2192/3084/2514 2492/3056/2514 2507/3080/2514
f 2486/3062/2515 2485/3058/2515 2500/3081/2515 2501/3085/2515
f 2479/3063/2516 2478/3060/2516 2493/3083/2516 2494/3086/2516
f 2487/3064/2517 2486/3062/2517 2501/3085/2517 2502/3087/2517
f 2480/3065/2518 2479/3063/2518 2494/3086/2518 2495/3088/2518
f 2488/3066/2519 2487/3064/2519 2502/3087/2519 2503/3072/2519
f 2481/3067/2520 2480/3065/2520 2495/3088/2520 2496/3074/2520
f 2493/3083/2521 2185/3089/2521 2508/3090/2521
f 2192/3091/2522 2507/3080/2522 2522/3092/2522
f 2501/3085/2523 2500/3081/2523 2515/3093/2523 2516/3094/2523
f 2494/3086/2524 2493/3083/2524 2508/3090/2524 2509/3095/2524
f 2502/3087/2525 2501/3085/2525 2516/3094/2525 2517/3096/2525
f 2495/3088/2526 2494/3086/2526 2509/3095/2526 2510/3097/2526
f 2503/3072/2527 2502/3087/2527 2517/3096/2527 2518/3098/2527
f 2496/3074/2528 2495/3088/2528 2510/3097/2528 2511/3099/2528
f 2504/3073/2529 2503/3072/2529 2518/3098/2529 2519/3100/2529
f 2497/3075/2530 2496/3074/2530 2511/3099/2530 2512/3101/2530
f 2505/3076/2531 2504/3073/2531 2519/3100/2531 2520/3102/2531
f 2498/3077/2532 2497/3075/2532 2512/3101/2532 2513/3103/2532
f 2506/3078/2533 2505/3076/2533 2520/3102/2533 2521/3104/2533
f 2499/3079/2534 2498/3077/2534 2513/3103/2534 2514/3105/2534
f 2507/3080/2535 2506/3078/2535 2521/3104/2535 2522/3092/2535
f 2500/3081/2536 2499/3079/2536 2514/3105/2536 2515/3093/2536
f 2512/3101/2537 2511/3099/2537 2526/3106/2537 2527/3107/2537
f 2520/3102/2538 2519/3100/2538 2534/3108/2538 2535/3109/2538
f 2513/3103/2539 2512/3101/2539 2527/3107/2539 2528/3110/2539
f 2521/3104/2540 2520/3102/2540 2535/3109/2540 2536/3111/2540
f 2514/3105/2541 2513/3103/2541 2528/3110/2541 2529/3112/2541
f 2522/3092/2542 2521/3104/2542 2536/3111/2542 2537/3113/2542
f 2515/3093/2543 2514/3105/2543 2529/3112/2543 2530/3114/2543
f 2508/3090/2544 2185/3115/2544 2523/3116/2544
f 2192/3117/2545 2522/3092/2545 2537/3113/2545
f 2516/3094/2546 2515/3093/2546 2530/3114/2546 2531/3118/2546
f 2509/3095/2547 2508/3090/2547 2523/3116/2547 2524/3119/2547
f 2517/3096/2548 2516/3094/2548 2531/3118/2548 2532/3120/2548
f 2510/3097/2549 2509/3095/2549 2524/3119/2549 2525/3121/2549
f 2518/3098/2550 2517/3096/2550 2532/3120/2550 2533/3122/2550
f 2511/3099/2551 2510/3097/2551 2525/3121/2551 2526/3106/2551
f 2519/3100/2552 2518/3098/2552 2533/3122/2552 2534/3108/2552
f 2531/3118/2553 2530/3114/2553 2545/3123/2553 2546/3124/2553
f 2524/3119/2554 2523/3116/2554 2538/3125/2554 2539/3126/2554
f 2532/3120/2555 2531/3118/2555 2546/3124/2555 2547/3127/2555
f 2525/3121/2556 2524/3119/2556 2539/3126/2556 2540/3128/2556
f 2533/3122/2557 2532/3120/2557 2547/3127/2557 2548/3129/2557
f 2526/3106/2558 2525/3121/2558 2540/3128/2558 2541/3130/2558
f 2534/3108/2559 2533/3122/2559 2548/3129/2559 2549/3131/2559
f 2527/3107/2560 2526/3106/2560 2541/3130/2560 2542/3132/2560
f 2535/3109/2561 2534/3108/2561 2549/3131/2561 2550/3133/2561
f 2528/3110/2562 2527/3107/2562 2542/3132/2562 2543/3134/2562
f 2536/3111/2563 2535/3109/2563 2550/3133/2563 2551/3135/2563
f 2529/3112/2564 2528/3110/2564 2543/3134/2564 2544/3136/2564
f 2537/3113/2565 2536/3111/2565 2551/3135/2565 2552/3137/2565
f 2530/3114/2566 2529/3112/2566 2544/3136/2566 2545/3123/2566
f 2523/3116/2567 2185/3138/2567 2538/3125/2567
f 2192/3139/2568 2537/3113/2568 2552/3137/2568
f 2550/3140/2569 2549/3141/2569 2564/3142/2569 2565/3143/2569
f 2543/3144/2570 2542/3145/2570 2557/3146/2570 2558/3147/2570
f 2551/3148/2571 2550/3140/2571 2565/3143/2571 2566/3149/2571
f 2544/3150/2572 2543/3144/2572 2558/3147/2572 2559/3151/2572
f 2552/3152/2573 2551/3148/2573 2566/3149/2573 2567/3153/2573
f 2545/3154/2574 2544/3150/2574 2559/3151/2574 2560/3155/2574
f 2538/3156/2575 2185/3157/2575 2553/3158/2575
f 2192/3159/2576 2552/3152/2576 2567/3153/2576
f 2546/3160/2577 2545/3154/2577 2560/3155/2577 2561/3161/2577
f 2539/3162/2578 2538/3156/2578 2553/3158/2578 2554/3163/2578
f 2547/3164/2579 2546/3160/2579 2561/3161/2579 2562/3165/2579
f 2540/3166/2580 2539/3162/2580 2554/3163/2580 2555/3167/2580
f 2548/3168/2581 2547/3164/2581 2562/3165/2581 2563/3169/2581
f 2541/3170/2582 2540/3166/2582 2555/3167/2582 2556/3171/2582
f 2549/3141/2583 2548/3168/2583 2563/3169/2583 2564/3142/2583
f 2542/3145/2584 2541/3170/2584 2556/3171/2584 2557/3146/2584
f 2554/3163/2585 2553/3158/2585 2568/3172/2585 2569/3173/2585
f 2562/3165/2586 2561/3161/2586 2576/3174/2586 2577/3175/2586
f 2555/3167/2587 2554/3163/2587 2569/3173/2587 2570/3176/2587
f 2563/3169/2588 2562/3165/2588 2577/3175/2588 2578/3177/2588
f 2556/3171/2589 2555/3167/2589 2570/3176/2589 2571/3178/2589
f 2564/3142/2590 2563/3169/2590 2578/3177/2590 2579/3179/2590
f 2557/3146/2591 2556/3171/2591 2571/3178/2591 2572/3180/2591
f 2565/3143/2592 2564/3142/2592 2579/3179/2592 2580/3181/2592
f 2558/3147/2593 2557/3146/2593 2572/3180/2593 2573/3182/2593
f 2566/3149/2594 2565/3143/2594 2580/3181/2594 2581/3183/2594
f 2559/3151/2595 2558/3147/2595 2573/3182/2595 2574/3184/2595
f 2567/3153/2596 2566/3149/2596 2581/3183/2596 2582/3185/2596
f 2560/3155/2597 2559/3151/2597 2574/3184/2597 2575/3186/2597
f 2553/3158/2598 2185/3187/2598 2568/3172/2598
f 2192/3188/2599 2567/3153/2599 2582/3185/2599
f 2561/3161/2600 2560/3155/2600 2575/3186/2600 2576/3174/2600
f 2573/3182/2601 2572/3180/2601 2587/3189/2601 2588/3190/2601
f 2581/3183/2602 2580/3181/2602 2595/3191/2602 2596/3192/2602
f 2574/3184/2603 2573/3182/2603 2588/3190/2603 2589/3193/2603
f 2582/3185/2604 2581/3183/2604 2596/3192/2604 2597/3194/2604
f 2575/3186/2605 2574/3184/2605 2589/3193/2605 2590/3195/2605
f 2568/3172/2606 2185/3196/2606 2583/3197/2606
f 2192/3198/2607 2582/3185/2607 2597/3194/2607
f 2576/3174/2608 2575/3186/2608 2590/3195/2608 2591/3199/2608
f 2569/3173/2609 2568/3172/2609 2583/3197/2609 2584/3200/2609
f 2577/3175/2610 2576/3174/2610 2591/3199/2610 2592/3201/2610
f 2570/3176/2611 2569/3173/2611 2584/3200/2611 2585/3202/2611
f 2578/3177/2612 2577/3175/2612 2592/3201/2612 2593/3203/2612
f 2571/3178/2613 2570/3176/2613 2585/3202/2613 2586/3204/2613
f 2579/3179/2614 2578/3177/2614 2593/3203/2614 2594/3205/2614
f 2572/3180/2615 2571/3178/2615 2586/3204/2615 2587/3189/2615
f 2580/3181/2616 2579/3179/2616 2594/3205/2616 2595/3191/2616
f 2592/3201/2617 2591/3199/2617 2606/3206/2617 2607/3207/2617
f 2585/3202/2618 2584/3200/2618 2599/3208/2618 2600/3209/2618
f 2593/3203/2619 2592/3201/2619 2607/3207/2619 2608/3210/2619
f 2586/3204/2620 2585/3202/2620 2600/3209/2620 2601/3211/2620
f 2594/3205/2621 2593/3203/2621 2608/3210/2621 2609/3212/2621
f 2587/3189/2622 2586/3204/2622 2601/3211/2622 2602/3213/2622
f 2595/3191/2623 2594/3205/2623 2609/3212/2623 2610/3214/2623
f 2588/3190/2624 2587/3189/2624 2602/3213/2624 2603/3215/2624
f 2596/3192/2625 2595/3191/2625 2610/3214/2625 2611/3216/2625
f 2589/3193/2626 2588/3190/2626 2603/3215/2626 2604/3217/2626
f 2597/3194/2627 2596/3192/2627 2611/3216/2627 2612/3218/2627
f 2590/3195/2628 2589/3193/2628 2604/3217/2628 2605/3219/2628
f 2583/3197/2629 2185/3220/2629 2598/3221/2629
f 2192/3222/2630 2597/3194/2630 2612/3218/2630
f 2591/3199/2631 2590/3195/2631 2605/3219/2631 2606/3206/2631
f 2584/3200/2632 2583/3197/2632 2598/3221/2632 2599/3208/2632
f 2611/3216/2633 2610/3214/2633 2625/3223/2633 2626/3224/2633
f 2604/3217/2634 2603/3215/2634 2618/3225/2634 2619/3226/2634
f 2612/3218/2635 2611/3216/2635 2626/3224/2635 2627/3227/2635
f 2605/3219/2636 2604/3217/2636 2619/3226/2636 2620/3228/2636
f 2598/3221/2637 2185/3229/2637 2613/3230/2637
f 2192/3231/2638 2612/3218/2638 2627/3227/2638
f 2606/3206/2639 2605/3219/2639 2620/3228/2639 2621/3232/2639
f 2599/3208/2640 2598/3221/2640 2613/3230/2640 2614/3233/2640
f 2607/3207/2641 2606/3206/2641 2621/3232/2641 2622/3234/2641
f 2600/3209/2642 2599/3208/2642 2614/3233/2642 2615/3235/2642
f 2608/3210/2643 2607/3207/2643 2622/3234/2643 2623/3236/2643
f 2601/3211/2644 2600/3209/2644 2615/3235/2644 2616/3237/2644
f 2609/3212/2645 2608/3210/2645 2623/3236/2645 2624/3238/2645
f 2602/3213/2646 2601/3211/2646 2616/3237/2646 2617/3239/2646
f 2610/3214/2647 2609/3212/2647 2624/3238/2647 2625/3223/2647
f 2603/3215/2648 2602/3213/2648 2617/3239/2648 2618/3225/2648
f 2623/3236/2649 2622/3234/2649 2637/3240/2649 2638/3241/2649
f 2616/3237/2650 2615/3235/2650 2630/3242/2650 2631/3243/2650
f 2624/3238/2651 2623/3236/2651 2638/3241/2651 2639/3244/2651
f 2617/3239/2652 2616/3237/2652 2631/3243/2652 2632/3245/2652
f 2625/3223/2653 2624/3238/2653 2639/3244/2653 2640/3246/2653
f 2618/3225/2654 2617/3239/2654 2632/3245/2654 2633/3247/2654
f 2626/3224/2655 2625/3223/2655 2640/3246/2655 2641/3248/2655
f 2619/3226/2656 2618/3225/2656 2633/3247/2656 2634/3249/2656
f 2627/3227/2657 2626/3224/2657 2641/3248/2657 2642/3250/2657
f 2620/3228/2658 2619/3226/2658 2634/3249/2658 2635/3251/2658
f 2613/3230/2659 2185/3252/2659 2628/3253/2659
f 2192/3254/2660 2627/3227/2660 2642/3250/2660
f 2621/3232/2661 2620/3228/2661 2635/3251/2661 2636/3255/2661
f 2614/3233/2662 2613/3230/2662 2628/3253/2662 2629/3256/2662
f 2622/3234/2663 2621/3232/2663 2636/3255/2663 2637/3240/2663
f 2615/3235/2664 2614/3233/2664 2629/3256/2664 2630/3242/2664
f 2642/3250/2665 2641/3248/2665 2656/3257/2665 2657/3258/2665
f 2635/3251/2666 2634/3249/2666 2649/3259/2666 2650/3260/2666
f 2628/3253/2667 2185/3261/2667 2643/3262/2667
f 2192/3263/2668 2642/3250/2668 2657/3258/2668
f 2636/3255/2669 2635/3251/2669 2650/3260/2669 2651/3264/2669
f 2629/3256/2670 2628/3253/2670 2643/3262/2670 2644/3265/2670
f 2637/3240/2671 2636/3255/2671 2651/3264/2671 2652/3266/2671
f 2630/3242/2672 2629/3256/2672 2644/3265/2672 2645/3267/2672
f 2638/3241/2673 2637/3240/2673 2652/3266/2673 2653/3268/2673
f 2631/3243/2674 2630/3242/2674 2645/3267/2674 2646/3269/2674
f 2639/3244/2675 2638/3241/2675 2653/3268/2675 2654/3270/2675
f 2632/3245/2676 2631/3243/2676 2646/3269/2676 2647/3271/2676
f 2640/3246/2677 2639/3244/2677 2654/3270/2677 2655/3272/2677
f 2633/3247/2678 2632/3245/2678 2647/3271/2678 2648/3273/2678
f 2641/3248/2679 2640/3246/2679 2655/3272/2679 2656/3257/2679
f 2634/3249/2680 2633/3247/2680 2648/3273/2680 2649/3259/2680
f 2646/3269/2681 2645/3267/2681 2186/2722/2681 2660/2721/2681
f 2654/3270/2682 2653/3268/2682 2191/2717/2682 2663/2725/2682
f 2647/3271/2683 2646/3269/2683 2660/2721/2683 2187/2727/2683
f 2655/3272/2684 2654/3270/2684 2663/2725/2684 2664/2729/2684
f 2648/3273/2685 2647/3271/2685 2187/2727/2685 2661/2731/2685
f 2656/3257/2686 2655/3272/2686 2664/2729/2686 2665/2733/2686
f 2649/3259/2687 2648/3273/2687 2661/2731/2687 2188/2735/2687
f 2657/3258/2688 2656/3257/2688 2665/2733/2688 2666/2737/2688
f 2650/3260/2689 2649/3259/2689 2188/2735/2689 2189/2739/2689
f 2643/3262/2690 2185/3274/2690 2658/2741/2690
f 2192/3275/2691 2657/3258/2691 2666/2737/2691
f 2651/3264/2692 2650/3260/2692 2189/2739/2692 2190/2745/2692
f 2644/3265/2693 2643/3262/2693 2658/2741/2693 2659/2747/2693
f 2652/3266/2694 2651/3264/2694 2190/2745/2694 2662/2718/2694
f 2645/3267/2695 2644/3265/2695 2659/2747/2695 2186/2722/2695
f 2653/3268/2696 2652/3266/2696 2662/2718/2696 2191/2717/2696
