# Blender 5.2.0 LTS
# www.blender.org
mtllib crystal.mtl
o Cube
v -1.000000 -0.748667 -1.000000
v 1.000000 -0.748667 0.452831
v 0.452831 -0.748667 1.000000
v 0.452831 5.761806 1.000000
v 1.000000 5.761806 0.452831
v 0.657118 6.586977 0.657118
v -1.000000 5.761806 -0.659958
v -0.659958 5.761806 -1.000000
v -1.000000 4.899183 -1.000000
v 0.094297 8.191359 0.046595
v 0.381510 -0.748667 -1.000000
v 1.000000 -0.748667 -0.381510
v 1.000000 5.761806 -0.381510
v 0.381510 5.761806 -1.000000
v 0.612424 6.694535 -0.612424
v -0.770816 -0.748667 1.000000
v -1.000000 -0.748667 0.770816
v -0.769961 5.761806 1.000000
v -1.000000 5.761806 0.769961
v -0.285745 7.480714 0.054297
vn 0.7022 0.1179 0.7022
vn 0.7071 -0.0000 0.7071
vn -0.6811 0.2685 -0.6811
vn 0.7022 0.1179 -0.7022
vn 0.7071 -0.0000 -0.7071
vn -0.0000 -0.0000 -1.0000
vn 1.0000 -0.0000 -0.0000
vn -0.0095 0.3947 -0.9188
vn 0.9345 0.3560 -0.0027
vn -0.7071 0.0001 0.7071
vn -0.7316 0.4751 0.4889
vn -0.0000 -1.0000 -0.0000
vn -1.0000 -0.0000 -0.0000
vn -0.0000 -0.0000 1.0000
vn -0.9234 0.3837 -0.0000
vn 0.0115 0.3667 0.9303
vn -0.7149 0.4720 -0.5158
vt 0.625000 0.818396
vt 0.625000 0.712132
vt 0.625000 0.807147
vt 0.352201 0.795597
vt 0.375000 0.681604
vt 0.625000 0.207495
vt 0.625000 0.271253
vt 0.591876 0.250000
vt 0.625000 0.567731
vt 0.625000 0.414770
vt 0.625000 0.532298
vt 0.375000 0.577311
vt 0.349230 0.448459
vt 0.375000 0.250000
vt 0.625000 0.500000
vt 0.625000 0.764441
vt 0.375000 0.000000
vt 0.625000 0.011292
vt 0.625000 0.028755
vt 0.375000 0.028648
vt 0.625000 0.220236
vt 0.625000 0.207495
vt 0.125000 0.500000
vt 0.160841 0.757193
vt 0.125000 0.721352
vt 0.625000 0.971245
vt 0.371404 0.967755
vt 0.625000 0.966037
vt 0.625000 0.250000
s 0
usemtl Material.001
f 4/1/1 5/2/1 6/3/1
f 4/1/2 3/4/2 2/5/2 5/2/2
f 7/6/3 8/7/3 9/8/3
f 13/9/4 14/10/4 15/11/4
f 13/9/5 12/12/5 11/13/5 14/10/5
f 1/14/6 9/8/6 8/7/6 14/10/6 11/13/6
f 12/12/7 13/9/7 5/2/7 2/5/7
f 15/11/8 14/10/8 8/7/8 10/15/8
f 6/3/9 5/2/9 13/9/9 15/11/9 10/16/9
f 16/17/10 18/18/10 19/19/10 17/20/10
f 18/18/11 10/21/11 20/22/11 19/19/11
f 1/23/12 11/13/12 12/12/12 2/5/12 3/4/12 16/24/12 17/25/12
f 17/20/13 19/19/13 7/6/13 9/8/13 1/14/13
f 3/4/14 4/1/14 18/26/14 16/27/14
f 7/6/15 19/19/15 20/22/15
f 18/26/16 4/1/16 6/3/16 10/28/16
f 10/29/17 8/7/17 7/6/17 20/22/17
o Cube.001
v -1.079372 -0.176214 -0.875791
v 0.704601 0.498177 -0.182437
v 0.343062 0.637950 0.320837
v -0.607763 5.141294 -1.612910
v -0.246225 5.001521 -2.116184
v -0.611858 5.612309 -2.147572
v -1.984650 4.443859 -2.560091
v -1.759970 4.356997 -2.872855
v -1.904215 3.730447 -2.553321
v -1.375214 6.463059 -2.967172
v 0.018496 -0.054873 -1.133033
v 0.592846 0.211765 -0.794489
v -0.357980 4.715109 -2.728236
v -0.932329 4.448471 -3.066780
v -0.833132 5.246975 -3.102501
v -0.629354 0.530475 0.548684
v -0.842182 0.431671 0.423236
v -1.579500 5.033894 -1.385222
v -1.793122 4.934721 -1.511139
v -1.572410 5.940764 -2.679680
vn 0.7695 0.4821 0.4189
vn 0.7999 0.3713 0.4715
vn -0.8209 -0.0979 -0.5626
vn 0.5406 -0.1045 -0.8348
vn 0.5691 -0.2200 -0.7923
vn -0.1632 -0.4182 -0.8936
vn 0.9680 0.1070 -0.2268
vn -0.2368 -0.0040 -0.9715
vn 0.8240 0.4386 -0.3587
vn -0.5692 0.2201 0.7922
vn -0.7136 0.5756 0.3993
vn 0.1905 -0.9020 0.3873
vn -0.9680 -0.1070 0.2268
vn 0.1632 0.4182 0.8936
vn -0.9619 0.2689 0.0498
vn 0.0872 0.7372 0.6700
vn -0.8586 0.1610 -0.4866
vt 0.625000 0.818396
vt 0.625000 0.712132
vt 0.625000 0.807147
vt 0.352201 0.795597
vt 0.375000 0.681604
vt 0.625000 0.207495
vt 0.625000 0.271253
vt 0.591876 0.250000
vt 0.625000 0.567731
vt 0.625000 0.414770
vt 0.625000 0.532298
vt 0.375000 0.577311
vt 0.349230 0.448459
vt 0.375000 0.250000
vt 0.625000 0.500000
vt 0.625000 0.764441
vt 0.375000 0.000000
vt 0.625000 0.011292
vt 0.625000 0.028755
vt 0.375000 0.028648
vt 0.625000 0.220236
vt 0.625000 0.207495
vt 0.125000 0.500000
vt 0.160841 0.757193
vt 0.125000 0.721352
vt 0.625000 0.971245
vt 0.371404 0.967755
vt 0.625000 0.966037
vt 0.625000 0.250000
s 0
usemtl Material.001
f 24/30/18 25/31/18 26/32/18
f 24/30/19 23/33/19 22/34/19 25/31/19
f 27/35/20 28/36/20 29/37/20
f 33/38/21 34/39/21 35/40/21
f 33/38/22 32/41/22 31/42/22 34/39/22
f 21/43/23 29/37/23 28/36/23 34/39/23 31/42/23
f 32/41/24 33/38/24 25/31/24 22/34/24
f 35/40/25 34/39/25 28/36/25 30/44/25
f 26/32/26 25/31/26 33/38/26 35/40/26 30/45/26
f 36/46/27 38/47/27 39/48/27 37/49/27
f 38/47/28 30/50/28 40/51/28 39/48/28
f 21/52/29 31/42/29 32/41/29 22/34/29 23/33/29 36/53/29 37/54/29
f 37/49/30 39/48/30 27/35/30 29/37/30 21/43/30
f 23/33/31 24/30/31 38/55/31 36/56/31
f 27/35/32 39/48/32 40/51/32
f 38/55/33 24/30/33 26/32/33 30/57/33
f 30/58/34 28/36/34 27/35/34 40/51/34
o Cube.002
v 0.532315 0.502531 0.546275
v 1.590526 0.502531 1.314976
v 1.301016 0.502531 1.604486
v 1.301016 4.510608 1.604486
v 1.590526 4.510608 1.314976
v 1.409105 5.018612 1.423066
v 0.532315 4.510608 0.726193
v 0.712233 4.510608 0.546275
v 0.532315 3.979547 0.546275
v 1.111313 6.006327 1.100034
v 1.263279 0.502531 0.546275
v 1.590526 0.502531 0.873522
v 1.590526 4.510608 0.873522
v 1.263279 4.510608 0.546275
v 1.385458 5.084829 0.751343
v 0.653577 0.502531 1.604486
v 0.532315 0.502531 1.483224
v 0.654030 4.510608 1.604486
v 0.532315 4.510608 1.482771
v 0.910231 5.568829 1.104110
vn 0.7035 0.1015 0.7035
vn 0.7071 -0.0000 0.7071
vn -0.6877 0.2330 -0.6877
vn 0.7035 0.1015 -0.7035
vn 0.7071 -0.0000 -0.7071
vn -0.0000 -0.0000 -1.0000
vn 1.0000 -0.0000 -0.0000
vn -0.0096 0.3463 -0.9381
vn 0.9503 0.3112 -0.0028
vn -0.7071 0.0001 0.7071
vn -0.7542 0.4209 0.5040
vn -0.0000 -1.0000 -0.0000
vn -1.0000 -0.0000 -0.0000
vn -0.0000 -0.0000 1.0000
vn -0.9417 0.3363 -0.0000
vn 0.0117 0.3209 0.9470
vn -0.7367 0.4180 -0.5315
vt 0.625000 0.818396
vt 0.625000 0.712132
vt 0.625000 0.807147
vt 0.352201 0.795597
vt 0.375000 0.681604
vt 0.625000 0.207495
vt 0.625000 0.271253
vt 0.591876 0.250000
vt 0.625000 0.567731
vt 0.625000 0.414770
vt 0.625000 0.532298
vt 0.375000 0.577311
vt 0.349230 0.448459
vt 0.375000 0.250000
vt 0.625000 0.500000
vt 0.625000 0.764441
vt 0.375000 0.000000
vt 0.625000 0.011292
vt 0.625000 0.028755
vt 0.375000 0.028648
vt 0.625000 0.220236
vt 0.625000 0.207495
vt 0.125000 0.500000
vt 0.160841 0.757193
vt 0.125000 0.721352
vt 0.625000 0.971245
vt 0.371404 0.967755
vt 0.625000 0.966037
vt 0.625000 0.250000
s 0
usemtl Material.001
f 44/59/35 45/60/35 46/61/35
f 44/59/36 43/62/36 42/63/36 45/60/36
f 47/64/37 48/65/37 49/66/37
f 53/67/38 54/68/38 55/69/38
f 53/67/39 52/70/39 51/71/39 54/68/39
f 41/72/40 49/66/40 48/65/40 54/68/40 51/71/40
f 52/70/41 53/67/41 45/60/41 42/63/41
f 55/69/42 54/68/42 48/65/42 50/73/42
f 46/61/43 45/60/43 53/67/43 55/69/43 50/74/43
f 56/75/44 58/76/44 59/77/44 57/78/44
f 58/76/45 50/79/45 60/80/45 59/77/45
f 41/81/46 51/71/46 52/70/46 42/63/46 43/62/46 56/82/46 57/83/46
f 57/78/47 59/77/47 47/64/47 49/66/47 41/72/47
f 43/62/48 44/59/48 58/84/48 56/85/48
f 47/64/49 59/77/49 60/80/49
f 58/84/50 44/59/50 46/61/50 50/86/50
f 50/87/51 48/65/51 47/64/51 60/80/51
o Cube.003
v -0.766464 0.111547 -1.576979
v 0.865765 -0.062587 -0.384573
v 0.419213 -0.014947 0.064513
v 0.948818 4.949232 0.064513
v 1.395370 4.901591 -0.384573
v 1.182664 5.560631 -0.216906
v -0.236859 5.075727 -1.297891
v 0.040654 5.046120 -1.576979
v -0.307030 4.417984 -1.576979
v 0.853849 6.832962 -0.717990
v 0.361006 -0.008737 -1.576979
v 0.865765 -0.062587 -1.069355
v 1.395370 4.901591 -1.069355
v 0.890611 4.955442 -1.576979
v 1.154939 5.646535 -1.258878
v -0.579423 0.091593 0.064513
v -0.766464 0.111547 -0.123589
v -0.049120 5.055697 0.064513
v -0.236859 5.075727 -0.124291
v 0.485883 6.324190 -0.711669
vn 0.7109 0.0510 0.7015
vn 0.7031 -0.0750 0.7071
vn -0.6434 0.3562 -0.6776
vn 0.7109 0.0510 -0.7015
vn 0.7031 -0.0750 -0.7071
vn -0.0000 -0.0000 -1.0000
vn 0.9944 -0.1061 -0.0000
vn 0.0350 0.4163 -0.9085
vn 0.9608 0.2772 -0.0027
vn -0.7031 0.0751 0.7071
vn -0.6627 0.5739 0.4811
vn -0.1061 -0.9944 -0.0000
vn -0.9944 0.1061 -0.0000
vn -0.0000 -0.0000 1.0000
vn -0.8654 0.5010 -0.0000
vn 0.0525 0.3853 0.9213
vn -0.6469 0.5691 -0.5076
vt 0.625000 0.818396
vt 0.625000 0.712132
vt 0.625000 0.807147
vt 0.352201 0.795597
vt 0.375000 0.681604
vt 0.625000 0.207495
vt 0.625000 0.271253
vt 0.591876 0.250000
vt 0.625000 0.567731
vt 0.625000 0.414770
vt 0.625000 0.532298
vt 0.375000 0.577311
vt 0.349230 0.448459
vt 0.375000 0.250000
vt 0.625000 0.500000
vt 0.625000 0.764441
vt 0.375000 0.000000
vt 0.625000 0.011292
vt 0.625000 0.028755
vt 0.375000 0.028648
vt 0.625000 0.220236
vt 0.625000 0.207495
vt 0.125000 0.500000
vt 0.160841 0.757193
vt 0.125000 0.721352
vt 0.625000 0.971245
vt 0.371404 0.967755
vt 0.625000 0.966037
vt 0.625000 0.250000
s 0
usemtl Material.001
f 64/88/52 65/89/52 66/90/52
f 64/88/53 63/91/53 62/92/53 65/89/53
f 67/93/54 68/94/54 69/95/54
f 73/96/55 74/97/55 75/98/55
f 73/96/56 72/99/56 71/100/56 74/97/56
f 61/101/57 69/95/57 68/94/57 74/97/57 71/100/57
f 72/99/58 73/96/58 65/89/58 62/92/58
f 75/98/59 74/97/59 68/94/59 70/102/59
f 66/90/60 65/89/60 73/96/60 75/98/60 70/103/60
f 76/104/61 78/105/61 79/106/61 77/107/61
f 78/105/62 70/108/62 80/109/62 79/106/62
f 61/110/63 71/100/63 72/99/63 62/92/63 63/91/63 76/111/63 77/112/63
f 77/107/64 79/106/64 67/93/64 69/95/64 61/101/64
f 63/91/65 64/88/65 78/113/65 76/114/65
f 67/93/66 79/106/66 80/109/66
f 78/113/67 64/88/67 66/90/67 70/115/67
f 70/116/68 68/94/68 67/93/68 80/109/68
o Sphere
v 0.000000 1.976068 0.000000
v 0.000000 1.643040 -1.783248
v 0.000000 1.097844 -2.668820
v 0.000000 0.385512 -3.148088
v 0.000000 0.000000 -3.209762
v 0.000000 -0.385512 -3.148088
v 0.000000 -1.097844 -2.668820
v 0.000000 -1.976068 0.000000
v 0.122164 1.938098 -0.614161
v 0.239634 1.825649 -1.204721
v 0.347895 1.643040 -1.748984
v 0.442786 1.397291 -2.226034
v 0.520661 1.097844 -2.617539
v 0.578527 0.756208 -2.908453
v 0.614161 0.385512 -3.087598
v 0.626194 0.000000 -3.148088
v 0.614161 -0.385512 -3.087598
v 0.578527 -0.756208 -2.908453
v 0.520661 -1.097844 -2.617539
v 0.442786 -1.397291 -2.226034
v 0.347895 -1.643040 -1.748984
v 0.239634 -1.825649 -1.204721
v 0.122164 -1.938098 -0.614161
v 0.239634 1.938098 -0.578527
v 0.470059 1.825649 -1.134822
v 0.682420 1.643040 -1.647507
v 0.868555 1.397291 -2.096878
v 1.021313 1.097844 -2.465668
v 1.134822 0.756208 -2.739703
v 1.204721 0.385512 -2.908453
v 1.228323 0.000000 -2.965433
v 1.204721 -0.385512 -2.908453
v 1.134822 -0.756208 -2.739703
v 1.021313 -1.097844 -2.465668
v 0.868555 -1.397291 -2.096878
v 0.682420 -1.643040 -1.647507
v 0.470059 -1.825649 -1.134822
v 0.239634 -1.938098 -0.578527
v 0.347894 1.938098 -0.520661
v 0.682420 1.825649 -1.021313
v 0.990720 1.643040 -1.482717
v 1.260947 1.397291 -1.887141
v 1.482717 1.097844 -2.219042
v 1.647507 0.756208 -2.465668
v 1.748984 0.385512 -2.617539
v 1.783248 0.000000 -2.668819
v 1.748984 -0.385512 -2.617539
v 1.647507 -0.756208 -2.465668
v 1.482717 -1.097844 -2.219042
v 1.260947 -1.397291 -1.887141
v 0.990720 -1.643040 -1.482717
v 0.682420 -1.825649 -1.021313
v 0.347894 -1.938098 -0.520661
v 0.442786 1.938098 -0.442786
v 0.868555 1.825649 -0.868555
v 1.260947 1.643040 -1.260947
v 1.604881 1.397291 -1.604881
v 1.887140 1.097844 -1.887140
v 2.096878 0.756208 -2.096878
v 2.226034 0.385512 -2.226034
v 2.269645 0.000000 -2.269644
v 2.226034 -0.385512 -2.226034
v 2.096878 -0.756208 -2.096878
v 1.887140 -1.097844 -1.887140
v 1.604881 -1.397291 -1.604881
v 1.260947 -1.643040 -1.260947
v 0.868555 -1.825649 -0.868555
v 0.442786 -1.938098 -0.442786
v 0.520661 1.938098 -0.347894
v 1.021313 1.825649 -0.682420
v 1.482717 1.643040 -0.990719
v 1.887141 1.397291 -1.260947
v 2.219042 1.097844 -1.482716
v 2.465668 0.756208 -1.647507
v 2.617539 0.385512 -1.748983
v 2.668820 0.000000 -1.783248
v 2.617539 -0.385512 -1.748983
v 2.465668 -0.756208 -1.647507
v 2.219042 -1.097844 -1.482716
v 1.887141 -1.397291 -1.260947
v 1.482717 -1.643040 -0.990719
v 1.021313 -1.825649 -0.682420
v 0.520661 -1.938098 -0.347894
v 0.578527 1.938098 -0.239634
v 1.134822 1.825649 -0.470059
v 1.647507 1.643040 -0.682419
v 2.096878 1.397291 -0.868555
v 2.465668 1.097844 -1.021313
v 2.739703 0.756208 -1.134822
v 2.908453 0.385512 -1.204721
v 2.965433 0.000000 -1.228322
v 2.908453 -0.385512 -1.204721
v 2.739703 -0.756208 -1.134822
v 2.465668 -1.097844 -1.021313
v 2.096878 -1.397291 -0.868555
v 1.647507 -1.643040 -0.682419
v 1.134822 -1.825649 -0.470059
v 0.578527 -1.938098 -0.239634
v 0.614161 1.938098 -0.122164
v 1.204721 1.825649 -0.239634
v 1.748984 1.643040 -0.347894
v 2.226034 1.397291 -0.442786
v 2.617539 1.097844 -0.520661
v 2.908453 0.756208 -0.578528
v 3.087598 0.385512 -0.614161
v 3.148087 0.000000 -0.626193
v 3.087598 -0.385512 -0.614161
v 2.908453 -0.756208 -0.578528
v 2.617539 -1.097844 -0.520661
v 2.226034 -1.397291 -0.442786
v 1.748984 -1.643040 -0.347894
v 1.204721 -1.825649 -0.239634
v 0.614161 -1.938098 -0.122164
v 0.626193 1.938098 0.000000
v 1.228323 1.825649 0.000000
v 1.783248 1.643040 0.000000
v 2.269644 1.397291 -0.000000
v 2.668819 1.097844 0.000000
v 2.965433 0.756208 -0.000000
v 3.148087 0.385512 0.000000
v 3.209761 0.000000 0.000001
v 3.148087 -0.385512 0.000000
v 2.965433 -0.756208 -0.000000
v 2.668819 -1.097844 0.000000
v 2.269644 -1.397291 -0.000000
v 1.783248 -1.643040 0.000000
v 1.228323 -1.825649 0.000000
v 0.626193 -1.938098 0.000000
v 0.614161 1.938098 0.122164
v 1.204721 1.825649 0.239634
v 1.748983 1.643040 0.347895
v 2.226034 1.397291 0.442786
v 2.617538 1.097844 0.520661
v 2.908453 0.756208 0.578527
v 3.087597 0.385512 0.614162
v 3.148086 0.000000 0.626194
v 3.087597 -0.385512 0.614162
v 2.908453 -0.756208 0.578527
v 2.617538 -1.097844 0.520661
v 2.226034 -1.397291 0.442786
v 1.748983 -1.643040 0.347895
v 1.204721 -1.825649 0.239634
v 0.614161 -1.938098 0.122164
v 0.578527 1.938098 0.239634
v 1.134822 1.825649 0.470059
v 1.647506 1.643040 0.682420
v 2.096878 1.397291 0.868555
v 2.465667 1.097844 1.021313
v 2.739703 0.756208 1.134822
v 2.908453 0.385512 1.204721
v 2.965432 0.000000 1.228323
v 2.908453 -0.385512 1.204721
v 2.739703 -0.756208 1.134822
v 2.465667 -1.097844 1.021313
v 2.096878 -1.397291 0.868555
v 1.647506 -1.643040 0.682420
v 1.134822 -1.825649 0.470059
v 0.578527 -1.938098 0.239634
v 0.520661 1.938098 0.347894
v 1.021313 1.825649 0.682420
v 1.482716 1.643040 0.990720
v 1.887140 1.397291 1.260947
v 2.219042 1.097844 1.482717
v 2.465668 0.756208 1.647506
v 2.617538 0.385512 1.748984
v 2.668818 0.000000 1.783248
v 2.617538 -0.385512 1.748984
v 2.465668 -0.756208 1.647506
v 2.219042 -1.097844 1.482717
v 1.887140 -1.397291 1.260947
v 1.482716 -1.643040 0.990720
v 1.021313 -1.825649 0.682420
v 0.520661 -1.938098 0.347894
v 0.442785 1.938098 0.442786
v 0.868555 1.825649 0.868555
v 1.260946 1.643040 1.260947
v 1.604881 1.397291 1.604881
v 1.887140 1.097844 1.887140
v 2.096878 0.756208 2.096878
v 2.226033 0.385512 2.226034
v 2.269643 0.000000 2.269644
v 2.226033 -0.385512 2.226034
v 2.096878 -0.756208 2.096878
v 1.887140 -1.097844 1.887140
v 1.604881 -1.397291 1.604881
v 1.260946 -1.643040 1.260947
v 0.868555 -1.825649 0.868555
v 0.442785 -1.938098 0.442786
v 0.347894 1.938098 0.520661
v 0.682419 1.825649 1.021313
v 0.990719 1.643040 1.482717
v 1.260947 1.397291 1.887140
v 1.482716 1.097844 2.219042
v 1.647507 0.756208 2.465667
v 1.748983 0.385512 2.617539
v 1.783247 0.000000 2.668819
v 1.748983 -0.385512 2.617539
v 1.647507 -0.756208 2.465667
v 1.482716 -1.097844 2.219042
v 1.260947 -1.397291 1.887140
v 0.990719 -1.643040 1.482717
v 0.682419 -1.825649 1.021313
v 0.347894 -1.938098 0.520661
v 0.239634 1.938098 0.578527
v 0.470059 1.825649 1.134822
v 0.682419 1.643040 1.647506
v 0.868555 1.397291 2.096878
v 1.021312 1.097844 2.465667
v 1.134822 0.756208 2.739703
v 1.204720 0.385512 2.908453
v 1.228321 0.000000 2.965432
v 1.204720 -0.385512 2.908453
v 1.134822 -0.756208 2.739703
v 1.021312 -1.097844 2.465667
v 0.868555 -1.397291 2.096878
v 0.682419 -1.643040 1.647506
v 0.470059 -1.825649 1.134822
v 0.239634 -1.938098 0.578527
v 0.122164 1.938098 0.614161
v 0.239634 1.825649 1.204721
v 0.347894 1.643040 1.748983
v 0.442786 1.397291 2.226034
v 0.520660 1.097844 2.617538
v 0.578527 0.756208 2.908453
v 0.614161 0.385512 3.087597
v 0.626192 0.000000 3.148086
v 0.614161 -0.385512 3.087597
v 0.578527 -0.756208 2.908453
v 0.520660 -1.097844 2.617538
v 0.442786 -1.397291 2.226034
v 0.347894 -1.643040 1.748983
v 0.239634 -1.825649 1.204721
v 0.122164 -1.938098 0.614161
v -0.000000 1.938098 0.626193
v -0.000000 1.825649 1.228323
v -0.000000 1.643040 1.783247
v -0.000000 1.397291 2.269644
v -0.000000 1.097844 2.668819
v 0.000000 0.756208 2.965433
v -0.000000 0.385512 3.148087
v -0.000001 0.000000 3.209760
v -0.000000 -0.385512 3.148087
v 0.000000 -0.756208 2.965433
v -0.000000 -1.097844 2.668819
v -0.000000 -1.397291 2.269644
v -0.000000 -1.643040 1.783247
v -0.000000 -1.825649 1.228323
v -0.000000 -1.938098 0.626193
v -0.122164 1.938098 0.614161
v -0.239634 1.825649 1.204721
v -0.347895 1.643040 1.748983
v -0.442786 1.397291 2.226034
v -0.520661 1.097844 2.617538
v -0.578527 0.756208 2.908453
v -0.614162 0.385512 3.087597
v -0.626194 0.000000 3.148085
v -0.614162 -0.385512 3.087597
v -0.578527 -0.756208 2.908453
v -0.520661 -1.097844 2.617538
v -0.442786 -1.397291 2.226034
v -0.347895 -1.643040 1.748983
v -0.239634 -1.825649 1.204721
v -0.122164 -1.938098 0.614161
v -0.239634 1.938098 0.578527
v -0.470059 1.825649 1.134822
v -0.682420 1.643040 1.647506
v -0.868555 1.397291 2.096878
v -1.021313 1.097844 2.465667
v -1.134822 0.756208 2.739703
v -1.204721 0.385512 2.908453
v -1.228323 0.000000 2.965431
v -1.204721 -0.385512 2.908453
v -1.134822 -0.756208 2.739703
v -1.021313 -1.097844 2.465667
v -0.868555 -1.397291 2.096878
v -0.682420 -1.643040 1.647506
v -0.470059 -1.825649 1.134822
v -0.239634 -1.938098 0.578527
v -0.347894 1.938098 0.520661
v -0.682420 1.825649 1.021313
v -0.990719 1.643040 1.482716
v -1.260947 1.397291 1.887140
v -1.482716 1.097844 2.219041
v -1.647506 0.756208 2.465667
v -1.748984 0.385512 2.617538
v -1.783248 0.000000 2.668817
v -1.748984 -0.385512 2.617538
v -1.647506 -0.756208 2.465667
v -1.482716 -1.097844 2.219041
v -1.260947 -1.397291 1.887140
v -0.990719 -1.643040 1.482716
v -0.682420 -1.825649 1.021313
v -0.347894 -1.938098 0.520661
v -0.442785 1.938098 0.442785
v -0.868555 1.825649 0.868555
v -1.260947 1.643040 1.260946
v -1.604881 1.397291 1.604881
v -1.887140 1.097844 1.887139
v -2.096877 0.756208 2.096878
v -2.226034 0.385512 2.226033
v -2.269644 0.000000 2.269642
v -2.226034 -0.385512 2.226033
v -2.096877 -0.756208 2.096878
v -1.887140 -1.097844 1.887139
v -1.604881 -1.397291 1.604881
v -1.260947 -1.643040 1.260946
v -0.868555 -1.825649 0.868555
v -0.442785 -1.938098 0.442785
v -0.520661 1.938098 0.347894
v -1.021313 1.825649 0.682419
v -1.482716 1.643040 0.990719
v -1.887140 1.397291 1.260947
v -2.219042 1.097844 1.482716
v -2.465667 0.756208 1.647506
v -2.617538 0.385512 1.748982
v -2.668818 0.000000 1.783246
v -2.617538 -0.385512 1.748982
v -2.465667 -0.756208 1.647506
v -2.219042 -1.097844 1.482716
v -1.887140 -1.397291 1.260947
v -1.482716 -1.643040 0.990719
v -1.021313 -1.825649 0.682419
v -0.520661 -1.938098 0.347894
v -0.578527 1.938098 0.239634
v -1.134822 1.825649 0.470059
v -1.647506 1.643040 0.682419
v -2.096878 1.397291 0.868555
v -2.465667 1.097844 1.021312
v -2.739702 0.756208 1.134822
v -2.908453 0.385512 1.204720
v -2.965431 0.000000 1.228320
v -2.908453 -0.385512 1.204720
v -2.739702 -0.756208 1.134822
v -2.465667 -1.097844 1.021312
v -2.096878 -1.397291 0.868555
v -1.647506 -1.643040 0.682419
v -1.134822 -1.825649 0.470059
v -0.578527 -1.938098 0.239634
v -0.614161 1.938098 0.122164
v -1.204720 1.825649 0.239634
v -1.748982 1.643040 0.347894
v -2.226034 1.397291 0.442786
v -2.617538 1.097844 0.520660
v -2.908453 0.756208 0.578527
v -3.087597 0.385512 0.614160
v -3.148085 0.000000 0.626192
v -3.087597 -0.385512 0.614160
v -2.908453 -0.756208 0.578527
v -2.617538 -1.097844 0.520660
v -2.226034 -1.397291 0.442786
v -1.748982 -1.643040 0.347894
v -1.204720 -1.825649 0.239634
v -0.614161 -1.938098 0.122164
v -0.626193 1.938098 -0.000000
v -1.228322 1.825649 -0.000000
v -1.783247 1.643040 -0.000000
v -2.269644 1.397291 -0.000000
v -2.668818 1.097844 -0.000001
v -2.965432 0.756208 -0.000000
v -3.148086 0.385512 -0.000001
v -3.209759 0.000000 -0.000001
v -3.148086 -0.385512 -0.000001
v -2.965432 -0.756208 -0.000000
v -2.668818 -1.097844 -0.000001
v -2.269644 -1.397291 -0.000000
v -1.783247 -1.643040 -0.000000
v -1.228322 -1.825649 -0.000000
v -0.626193 -1.938098 -0.000000
v -0.614161 1.938098 -0.122164
v -1.204720 1.825649 -0.239634
v -1.748982 1.643040 -0.347895
v -2.226033 1.397291 -0.442786
v -2.617537 1.097844 -0.520661
v -2.908453 0.756208 -0.578527
v -3.087596 0.385512 -0.614162
v -3.148084 0.000000 -0.626194
v -3.087596 -0.385512 -0.614162
v -2.908453 -0.756208 -0.578527
v -2.617537 -1.097844 -0.520661
v -2.226033 -1.397291 -0.442786
v -1.748982 -1.643040 -0.347895
v -1.204720 -1.825649 -0.239634
v -0.614161 -1.938098 -0.122164
v -0.578527 1.938098 -0.239634
v -1.134822 1.825649 -0.470059
v -1.647505 1.643040 -0.682419
v -2.096878 1.397291 -0.868555
v -2.465666 1.097844 -1.021313
v -2.739702 0.756208 -1.134822
v -2.908452 0.385512 -1.204721
v -2.965430 0.000000 -1.228323
v -2.908452 -0.385512 -1.204721
v -2.739702 -0.756208 -1.134822
v -2.465666 -1.097844 -1.021313
v -2.096878 -1.397291 -0.868555
v -1.647505 -1.643040 -0.682419
v -1.134822 -1.825649 -0.470059
v -0.578527 -1.938098 -0.239634
v -0.520660 1.938098 -0.347894
v -1.021312 1.825649 -0.682419
v -1.482715 1.643040 -0.990719
v -1.887140 1.397291 -1.260947
v -2.219041 1.097844 -1.482716
v -2.465667 0.756208 -1.647506
v -2.617537 0.385512 -1.748984
v -2.668816 0.000000 -1.783248
v -2.617537 -0.385512 -1.748984
v -2.465667 -0.756208 -1.647506
v -2.219041 -1.097844 -1.482716
v -1.887140 -1.397291 -1.260947
v -1.482715 -1.643040 -0.990719
v -1.021312 -1.825649 -0.682419
v -0.520660 -1.938098 -0.347894
v -0.442785 1.938098 -0.442785
v -0.868555 1.825649 -0.868555
v -1.260945 1.643040 -1.260946
v -1.604881 1.397291 -1.604881
v -1.887139 1.097844 -1.887140
v -2.096877 0.756208 -2.096877
v -2.226032 0.385512 -2.226033
v -2.269641 0.000000 -2.269643
v -2.226032 -0.385512 -2.226033
v -2.096877 -0.756208 -2.096877
v -1.887139 -1.097844 -1.887140
v -1.604881 -1.397291 -1.604881
v -1.260945 -1.643040 -1.260946
v -0.868555 -1.825649 -0.868555
v -0.442785 -1.938098 -0.442785
v -0.347894 1.938098 -0.520660
v -0.682419 1.825649 -1.021313
v -0.990718 1.643040 -1.482716
v -1.260947 1.397291 -1.887140
v -1.482715 1.097844 -2.219041
v -1.647506 0.756208 -2.465667
v -1.748982 0.385512 -2.617538
v -1.783245 0.000000 -2.668818
v -1.748982 -0.385512 -2.617538
v -1.647506 -0.756208 -2.465667
v -1.482715 -1.097844 -2.219041
v -1.260947 -1.397291 -1.887140
v -0.990718 -1.643040 -1.482716
v -0.682419 -1.825649 -1.021313
v -0.347894 -1.938098 -0.520660
v -0.239634 1.938098 -0.578527
v -0.470058 1.825649 -1.134822
v -0.682418 1.643040 -1.647505
v -0.868555 1.397291 -2.096878
v -1.021312 1.097844 -2.465667
v -1.134822 0.756208 -2.739702
v -1.204719 0.385512 -2.908452
v -1.228320 0.000000 -2.965431
v -1.204719 -0.385512 -2.908452
v -1.134822 -0.756208 -2.739702
v -1.021312 -1.097844 -2.465667
v -0.868555 -1.397291 -2.096878
v -0.682418 -1.643040 -1.647505
v -0.470058 -1.825649 -1.134822
v -0.239634 -1.938098 -0.578527
v -0.122164 1.938098 -0.614161
v -0.239634 1.825649 -1.204720
v -0.347893 1.643040 -1.748982
v -0.442785 1.397291 -2.226034
v -0.520660 1.097844 -2.617537
v -0.578527 0.756208 -2.908452
v -0.614160 0.385512 -3.087596
v -0.626191 0.000000 -3.148084
v -0.614160 -0.385512 -3.087596
v -0.578527 -0.756208 -2.908452
v -0.520660 -1.097844 -2.617537
v -0.442785 -1.397291 -2.226034
v -0.347893 -1.643040 -1.748982
v -0.239634 -1.825649 -1.204720
v -0.122164 -1.938098 -0.614161
v 0.000000 1.938098 -0.626193
v 0.000000 1.825649 -1.228322
v 0.000000 1.397291 -2.269644
v 0.000000 0.756208 -2.965432
v 0.000000 -0.756208 -2.965432
v 0.000000 -1.397291 -2.269644
v 0.000001 -1.643040 -1.783246
v 0.000000 -1.825649 -1.228322
v 0.000000 -1.938098 -0.626193
vn 0.0968 0.1572 -0.9828
vn 0.0060 0.9981 -0.0605
vn 0.0060 -0.9981 -0.0605
vn 0.0968 -0.1572 -0.9828
vn 0.0181 0.9828 -0.1835
vn 0.0880 -0.4403 -0.8935
vn 0.0308 0.9494 -0.3124
vn 0.0742 -0.6538 -0.7530
vn 0.0444 0.8917 -0.4505
vn 0.0590 -0.7985 -0.5990
vn 0.0590 0.7985 -0.5990
vn 0.0444 -0.8917 -0.4505
vn 0.0742 0.6538 -0.7530
vn 0.0308 -0.9494 -0.3124
vn 0.0880 0.4403 -0.8935
vn 0.0181 -0.9828 -0.1835
vn 0.2606 0.4403 -0.8592
vn 0.0535 -0.9828 -0.1765
vn 0.2867 0.1572 -0.9450
vn 0.0177 0.9981 -0.0582
vn 0.0177 -0.9981 -0.0582
vn 0.2867 -0.1572 -0.9450
vn 0.0535 0.9828 -0.1765
vn 0.2606 -0.4403 -0.8592
vn 0.0911 0.9494 -0.3004
vn 0.2197 -0.6538 -0.7241
vn 0.1314 0.8917 -0.4332
vn 0.1747 -0.7985 -0.5760
vn 0.1747 0.7985 -0.5760
vn 0.1314 -0.8917 -0.4332
vn 0.2197 0.6538 -0.7241
vn 0.0911 -0.9494 -0.3004
vn 0.3567 -0.6538 -0.6673
vn 0.2134 0.8917 -0.3992
vn 0.2838 -0.7985 -0.5309
vn 0.2838 0.7985 -0.5309
vn 0.2134 -0.8917 -0.3992
vn 0.3567 0.6538 -0.6673
vn 0.1480 -0.9494 -0.2769
vn 0.4232 0.4403 -0.7918
vn 0.0869 -0.9828 -0.1627
vn 0.4655 0.1572 -0.8710
vn 0.0287 0.9981 -0.0536
vn 0.0287 -0.9981 -0.0536
vn 0.4655 -0.1572 -0.8710
vn 0.0869 0.9828 -0.1627
vn 0.4232 -0.4403 -0.7918
vn 0.1480 0.9494 -0.2769
vn 0.1170 -0.9828 -0.1426
vn 0.6265 0.1572 -0.7634
vn 0.0386 0.9981 -0.0470
vn 0.0386 -0.9981 -0.0470
vn 0.6265 -0.1572 -0.7634
vn 0.1170 0.9828 -0.1426
vn 0.5696 -0.4403 -0.6941
vn 0.1992 0.9494 -0.2427
vn 0.4800 -0.6538 -0.5849
vn 0.2872 0.8917 -0.3499
vn 0.3819 -0.7985 -0.4653
vn 0.3819 0.7985 -0.4653
vn 0.2872 -0.8917 -0.3499
vn 0.4800 0.6538 -0.5849
vn 0.1992 -0.9494 -0.2427
vn 0.5696 0.4403 -0.6941
vn 0.3499 0.8917 -0.2872
vn 0.4653 -0.7985 -0.3819
vn 0.4653 0.7985 -0.3819
vn 0.3499 -0.8917 -0.2872
vn 0.5849 0.6538 -0.4800
vn 0.2427 -0.9494 -0.1992
vn 0.6941 0.4403 -0.5696
vn 0.1426 -0.9828 -0.1170
vn 0.7634 0.1572 -0.6265
vn 0.0470 0.9981 -0.0386
vn 0.0470 -0.9981 -0.0386
vn 0.7634 -0.1572 -0.6265
vn 0.1426 0.9828 -0.1170
vn 0.6941 -0.4403 -0.5696
vn 0.2427 0.9494 -0.1992
vn 0.5849 -0.6538 -0.4800
vn 0.8710 0.1572 -0.4655
vn 0.0536 0.9981 -0.0287
vn 0.0536 -0.9981 -0.0287
vn 0.8710 -0.1572 -0.4655
vn 0.1627 0.9828 -0.0869
vn 0.7918 -0.4403 -0.4232
vn 0.2769 0.9494 -0.1480
vn 0.6673 -0.6538 -0.3567
vn 0.3992 0.8917 -0.2134
vn 0.5309 -0.7985 -0.2838
vn 0.5309 0.7985 -0.2838
vn 0.3992 -0.8917 -0.2134
vn 0.6673 0.6538 -0.3567
vn 0.2769 -0.9494 -0.1480
vn 0.7918 0.4403 -0.4232
vn 0.1627 -0.9828 -0.0869
vn 0.5760 -0.7985 -0.1747
vn 0.5760 0.7985 -0.1747
vn 0.4332 -0.8917 -0.1314
vn 0.7241 0.6538 -0.2197
vn 0.3004 -0.9494 -0.0911
vn 0.8592 0.4403 -0.2606
vn 0.1765 -0.9828 -0.0535
vn 0.9450 0.1572 -0.2867
vn 0.0582 0.9981 -0.0177
vn 0.0582 -0.9981 -0.0177
vn 0.9450 -0.1572 -0.2867
vn 0.1765 0.9828 -0.0535
vn 0.8592 -0.4403 -0.2606
vn 0.3004 0.9494 -0.0911
vn 0.7241 -0.6538 -0.2197
vn 0.4332 0.8917 -0.1314
vn 0.0605 -0.9981 -0.0060
vn 0.9828 -0.1572 -0.0968
vn 0.1835 0.9828 -0.0181
vn 0.8935 -0.4403 -0.0880
vn 0.3124 0.9494 -0.0308
vn 0.7530 -0.6538 -0.0742
vn 0.4505 0.8917 -0.0444
vn 0.5990 -0.7985 -0.0590
vn 0.5990 0.7985 -0.0590
vn 0.4505 -0.8917 -0.0444
vn 0.7530 0.6538 -0.0742
vn 0.3124 -0.9494 -0.0308
vn 0.8935 0.4403 -0.0880
vn 0.1835 -0.9828 -0.0181
vn 0.9828 0.1572 -0.0968
vn 0.0605 0.9981 -0.0060
vn 0.4505 -0.8917 0.0444
vn 0.7530 0.6538 0.0742
vn 0.3124 -0.9494 0.0308
vn 0.8935 0.4403 0.0880
vn 0.1835 -0.9828 0.0181
vn 0.9828 0.1572 0.0968
vn 0.0605 0.9981 0.0060
vn 0.0605 -0.9981 0.0060
vn 0.9828 -0.1572 0.0968
vn 0.1835 0.9828 0.0181
vn 0.8935 -0.4403 0.0880
vn 0.3124 0.9494 0.0308
vn 0.7530 -0.6538 0.0742
vn 0.4505 0.8917 0.0444
vn 0.5990 -0.7985 0.0590
vn 0.5990 0.7985 0.0590
vn 0.1765 0.9828 0.0535
vn 0.8592 -0.4403 0.2606
vn 0.3004 0.9494 0.0911
vn 0.7241 -0.6538 0.2197
vn 0.4332 0.8917 0.1314
vn 0.5760 -0.7985 0.1747
vn 0.5760 0.7985 0.1747
vn 0.4332 -0.8917 0.1314
vn 0.7241 0.6538 0.2197
vn 0.3004 -0.9494 0.0911
vn 0.8592 0.4403 0.2606
vn 0.1765 -0.9828 0.0535
vn 0.9450 0.1572 0.2867
vn 0.0582 0.9981 0.0177
vn 0.0582 -0.9981 0.0177
vn 0.9450 -0.1572 0.2867
vn 0.6673 0.6538 0.3567
vn 0.2769 -0.9494 0.1480
vn 0.7918 0.4403 0.4232
vn 0.1627 -0.9828 0.0869
vn 0.8710 0.1572 0.4655
vn 0.0536 0.9981 0.0287
vn 0.0536 -0.9981 0.0287
vn 0.8710 -0.1572 0.4655
vn 0.1627 0.9828 0.0869
vn 0.7918 -0.4403 0.4232
vn 0.2769 0.9494 0.1480
vn 0.6673 -0.6538 0.3567
vn 0.3992 0.8917 0.2134
vn 0.5309 -0.7985 0.2838
vn 0.5309 0.7985 0.2838
vn 0.3992 -0.8917 0.2134
vn 0.6941 -0.4403 0.5696
vn 0.2427 0.9494 0.1992
vn 0.5849 -0.6538 0.4800
vn 0.3499 0.8917 0.2872
vn 0.4653 -0.7985 0.3819
vn 0.4653 0.7985 0.3819
vn 0.3499 -0.8917 0.2872
vn 0.5849 0.6538 0.4800
vn 0.2427 -0.9494 0.1992
vn 0.6941 0.4403 0.5696
vn 0.1426 -0.9828 0.1170
vn 0.7634 0.1572 0.6265
vn 0.0470 0.9981 0.0386
vn 0.0470 -0.9981 0.0386
vn 0.7634 -0.1572 0.6265
vn 0.1426 0.9828 0.1170
vn 0.1992 -0.9494 0.2427
vn 0.5696 0.4403 0.6941
vn 0.1170 -0.9828 0.1426
vn 0.6265 0.1572 0.7634
vn 0.0386 0.9981 0.0470
vn 0.0386 -0.9981 0.0470
vn 0.6265 -0.1572 0.7634
vn 0.1170 0.9828 0.1426
vn 0.5696 -0.4403 0.6941
vn 0.1992 0.9494 0.2427
vn 0.4800 -0.6538 0.5849
vn 0.2872 0.8917 0.3499
vn 0.3819 -0.7985 0.4653
vn 0.3819 0.7985 0.4653
vn 0.2872 -0.8917 0.3499
vn 0.4800 0.6538 0.5849
vn 0.1480 0.9494 0.2769
vn 0.3567 -0.6538 0.6673
vn 0.2134 0.8917 0.3992
vn 0.2838 -0.7985 0.5309
vn 0.2838 0.7985 0.5309
vn 0.2134 -0.8917 0.3992
vn 0.3567 0.6538 0.6673
vn 0.1480 -0.9494 0.2769
vn 0.4232 0.4403 0.7918
vn 0.0869 -0.9828 0.1627
vn 0.4655 0.1572 0.8710
vn 0.0287 0.9981 0.0536
vn 0.0287 -0.9981 0.0536
vn 0.4655 -0.1572 0.8710
vn 0.0869 0.9828 0.1627
vn 0.4232 -0.4403 0.7918
vn 0.2606 0.4403 0.8592
vn 0.0535 -0.9828 0.1765
vn 0.2867 0.1572 0.9450
vn 0.0177 0.9981 0.0582
vn 0.0177 -0.9981 0.0582
vn 0.2867 -0.1572 0.9450
vn 0.0535 0.9828 0.1765
vn 0.2606 -0.4403 0.8592
vn 0.0911 0.9494 0.3004
vn 0.2197 -0.6538 0.7241
vn 0.1314 0.8917 0.4332
vn 0.1747 -0.7985 0.5760
vn 0.1747 0.7985 0.5760
vn 0.1314 -0.8917 0.4332
vn 0.2197 0.6538 0.7241
vn 0.0911 -0.9494 0.3004
vn 0.0742 -0.6538 0.7530
vn 0.0444 0.8917 0.4505
vn 0.0590 -0.7985 0.5990
vn 0.0590 0.7985 0.5990
vn 0.0444 -0.8917 0.4505
vn 0.0742 0.6538 0.7530
vn 0.0308 -0.9494 0.3124
vn 0.0880 0.4403 0.8935
vn 0.0181 -0.9828 0.1835
vn 0.0968 0.1572 0.9828
vn 0.0060 0.9981 0.0605
vn 0.0060 -0.9981 0.0605
vn 0.0968 -0.1572 0.9828
vn 0.0181 0.9828 0.1835
vn 0.0880 -0.4403 0.8935
vn 0.0308 0.9494 0.3124
vn -0.0181 -0.9828 0.1835
vn -0.0968 0.1572 0.9828
vn -0.0060 0.9981 0.0605
vn -0.0060 -0.9981 0.0605
vn -0.0968 -0.1572 0.9828
vn -0.0181 0.9828 0.1835
vn -0.0880 -0.4403 0.8935
vn -0.0308 0.9494 0.3124
vn -0.0742 -0.6538 0.7530
vn -0.0444 0.8917 0.4505
vn -0.0590 -0.7985 0.5990
vn -0.0590 0.7985 0.5990
vn -0.0444 -0.8917 0.4505
vn -0.0742 0.6538 0.7530
vn -0.0308 -0.9494 0.3124
vn -0.0880 0.4403 0.8935
vn -0.1747 -0.7985 0.5760
vn -0.1747 0.7985 0.5760
vn -0.1314 -0.8917 0.4332
vn -0.2197 0.6538 0.7241
vn -0.0911 -0.9494 0.3004
vn -0.2606 0.4403 0.8592
vn -0.0535 -0.9828 0.1765
vn -0.2867 0.1572 0.9450
vn -0.0177 0.9981 0.0582
vn -0.0177 -0.9981 0.0582
vn -0.2867 -0.1572 0.9450
vn -0.0535 0.9828 0.1765
vn -0.2606 -0.4403 0.8592
vn -0.0911 0.9494 0.3004
vn -0.2197 -0.6538 0.7241
vn -0.1314 0.8917 0.4332
vn -0.0287 0.9981 0.0536
vn -0.0287 -0.9981 0.0536
vn -0.4655 -0.1572 0.8710
vn -0.0869 0.9828 0.1627
vn -0.4232 -0.4403 0.7918
vn -0.1480 0.9494 0.2769
vn -0.3567 -0.6538 0.6673
vn -0.2134 0.8917 0.3992
vn -0.2838 -0.7985 0.5309
vn -0.2838 0.7985 0.5309
vn -0.2134 -0.8917 0.3992
vn -0.3567 0.6538 0.6673
vn -0.1480 -0.9494 0.2769
vn -0.4232 0.4403 0.7918
vn -0.0869 -0.9828 0.1627
vn -0.4655 0.1572 0.8710
vn -0.3819 0.7985 0.4653
vn -0.2872 -0.8917 0.3499
vn -0.4800 0.6538 0.5849
vn -0.1992 -0.9494 0.2427
vn -0.5696 0.4403 0.6941
vn -0.1170 -0.9828 0.1426
vn -0.6265 0.1572 0.7634
vn -0.0386 0.9981 0.0470
vn -0.0386 -0.9981 0.0470
vn -0.6265 -0.1572 0.7634
vn -0.1170 0.9828 0.1426
vn -0.5696 -0.4403 0.6941
vn -0.1992 0.9494 0.2427
vn -0.4800 -0.6538 0.5849
vn -0.2872 0.8917 0.3499
vn -0.3819 -0.7985 0.4653
vn -0.7634 -0.1572 0.6265
vn -0.1426 0.9828 0.1170
vn -0.6941 -0.4403 0.5696
vn -0.2427 0.9494 0.1992
vn -0.5849 -0.6538 0.4800
vn -0.3499 0.8917 0.2872
vn -0.4653 -0.7985 0.3819
vn -0.4653 0.7985 0.3819
vn -0.3499 -0.8917 0.2872
vn -0.5849 0.6538 0.4800
vn -0.2427 -0.9494 0.1992
vn -0.6941 0.4403 0.5696
vn -0.1426 -0.9828 0.1170
vn -0.7634 0.1572 0.6265
vn -0.0470 0.9981 0.0386
vn -0.0470 -0.9981 0.0386
vn -0.3992 -0.8917 0.2134
vn -0.6673 0.6538 0.3567
vn -0.2769 -0.9494 0.1480
vn -0.7918 0.4403 0.4232
vn -0.1627 -0.9828 0.0869
vn -0.8710 0.1572 0.4655
vn -0.0536 0.9981 0.0287
vn -0.0536 -0.9981 0.0287
vn -0.8710 -0.1572 0.4655
vn -0.1627 0.9828 0.0869
vn -0.7918 -0.4403 0.4232
vn -0.2769 0.9494 0.1480
vn -0.6673 -0.6538 0.3567
vn -0.3992 0.8917 0.2134
vn -0.5309 -0.7985 0.2838
vn -0.5309 0.7985 0.2838
vn -0.1765 0.9828 0.0535
vn -0.8592 -0.4403 0.2606
vn -0.3004 0.9494 0.0911
vn -0.7241 -0.6538 0.2197
vn -0.4332 0.8917 0.1314
vn -0.5760 -0.7985 0.1747
vn -0.5760 0.7985 0.1747
vn -0.4332 -0.8917 0.1314
vn -0.7241 0.6538 0.2197
vn -0.3004 -0.9494 0.0911
vn -0.8592 0.4403 0.2606
vn -0.1765 -0.9828 0.0535
vn -0.9450 0.1572 0.2867
vn -0.0582 0.9981 0.0177
vn -0.0582 -0.9981 0.0177
vn -0.9450 -0.1572 0.2867
vn -0.7530 0.6538 0.0742
vn -0.3124 -0.9494 0.0308
vn -0.8935 0.4403 0.0880
vn -0.1835 -0.9828 0.0181
vn -0.9828 0.1572 0.0968
vn -0.0605 0.9981 0.0060
vn -0.0605 -0.9981 0.0060
vn -0.9828 -0.1572 0.0968
vn -0.1835 0.9828 0.0181
vn -0.8935 -0.4403 0.0880
vn -0.3124 0.9494 0.0308
vn -0.7530 -0.6538 0.0742
vn -0.4505 0.8917 0.0444
vn -0.5990 -0.7985 0.0590
vn -0.5990 0.7985 0.0590
vn -0.4505 -0.8917 0.0444
vn -0.8935 -0.4403 -0.0880
vn -0.3124 0.9494 -0.0308
vn -0.7530 -0.6538 -0.0742
vn -0.4505 0.8917 -0.0444
vn -0.5990 -0.7985 -0.0590
vn -0.5990 0.7985 -0.0590
vn -0.4505 -0.8917 -0.0444
vn -0.7530 0.6538 -0.0742
vn -0.3124 -0.9494 -0.0308
vn -0.8935 0.4403 -0.0880
vn -0.1835 -0.9828 -0.0181
vn -0.9828 0.1572 -0.0968
vn -0.0605 0.9981 -0.0060
vn -0.0605 -0.9981 -0.0060
vn -0.9828 -0.1572 -0.0968
vn -0.1835 0.9828 -0.0181
vn -0.3004 -0.9494 -0.0911
vn -0.8592 0.4403 -0.2606
vn -0.1765 -0.9828 -0.0535
vn -0.9450 0.1572 -0.2867
vn -0.0582 0.9981 -0.0177
vn -0.0582 -0.9981 -0.0177
vn -0.9450 -0.1572 -0.2867
vn -0.1765 0.9828 -0.0535
vn -0.8592 -0.4403 -0.2606
vn -0.3004 0.9494 -0.0911
vn -0.7241 -0.6538 -0.2197
vn -0.4332 0.8917 -0.1314
vn -0.5760 -0.7985 -0.1747
vn -0.5760 0.7985 -0.1747
vn -0.4332 -0.8917 -0.1314
vn -0.7241 0.6538 -0.2197
vn -0.6673 -0.6538 -0.3567
vn -0.3992 0.8917 -0.2134
vn -0.5309 -0.7985 -0.2838
vn -0.5309 0.7985 -0.2838
vn -0.3992 -0.8917 -0.2134
vn -0.6673 0.6538 -0.3567
vn -0.2769 -0.9494 -0.1480
vn -0.7918 0.4403 -0.4233
vn -0.1627 -0.9828 -0.0869
vn -0.8710 0.1572 -0.4655
vn -0.0536 0.9981 -0.0287
vn -0.0536 -0.9981 -0.0287
vn -0.8710 -0.1572 -0.4655
vn -0.1627 0.9828 -0.0869
vn -0.7918 -0.4403 -0.4233
vn -0.2769 0.9494 -0.1480
vn -0.1426 -0.9828 -0.1170
vn -0.7634 0.1572 -0.6265
vn -0.0470 0.9981 -0.0386
vn -0.0470 -0.9981 -0.0386
vn -0.7634 -0.1572 -0.6265
vn -0.1426 0.9828 -0.1170
vn -0.6941 -0.4403 -0.5696
vn -0.2427 0.9494 -0.1992
vn -0.5849 -0.6538 -0.4800
vn -0.3499 0.8917 -0.2872
vn -0.4653 -0.7985 -0.3819
vn -0.4653 0.7985 -0.3819
vn -0.3499 -0.8917 -0.2872
vn -0.5849 0.6538 -0.4800
vn -0.2427 -0.9494 -0.1992
vn -0.6941 0.4403 -0.5696
vn -0.2872 0.8917 -0.3499
vn -0.3819 -0.7985 -0.4653
vn -0.3819 0.7985 -0.4653
vn -0.2872 -0.8917 -0.3499
vn -0.4800 0.6538 -0.5849
vn -0.1992 -0.9494 -0.2427
vn -0.5696 0.4403 -0.6941
vn -0.1170 -0.9828 -0.1426
vn -0.6265 0.1572 -0.7634
vn -0.0386 0.9981 -0.0470
vn -0.0386 -0.9981 -0.0470
vn -0.6265 -0.1572 -0.7634
vn -0.1170 0.9828 -0.1426
vn -0.5696 -0.4403 -0.6941
vn -0.1992 0.9494 -0.2427
vn -0.4800 -0.6538 -0.5849
vn -0.4655 0.1572 -0.8710
vn -0.0287 0.9981 -0.0536
vn -0.0287 -0.9981 -0.0536
vn -0.4655 -0.1572 -0.8710
vn -0.0869 0.9828 -0.1627
vn -0.4232 -0.4403 -0.7918
vn -0.1480 0.9494 -0.2769
vn -0.3567 -0.6538 -0.6673
vn -0.2134 0.8917 -0.3992
vn -0.2838 -0.7985 -0.5309
vn -0.2838 0.7985 -0.5309
vn -0.2134 -0.8917 -0.3992
vn -0.3567 0.6538 -0.6673
vn -0.1480 -0.9494 -0.2769
vn -0.4232 0.4403 -0.7918
vn -0.0869 -0.9828 -0.1627
vn -0.1747 -0.7985 -0.5760
vn -0.1747 0.7985 -0.5760
vn -0.1314 -0.8917 -0.4332
vn -0.2197 0.6538 -0.7241
vn -0.0911 -0.9494 -0.3004
vn -0.2606 0.4403 -0.8592
vn -0.0535 -0.9828 -0.1765
vn -0.2867 0.1572 -0.9450
vn -0.0177 0.9981 -0.0582
vn -0.0177 -0.9981 -0.0582
vn -0.2867 -0.1572 -0.9450
vn -0.0535 0.9828 -0.1765
vn -0.2606 -0.4403 -0.8592
vn -0.0911 0.9494 -0.3004
vn -0.2197 -0.6538 -0.7241
vn -0.1314 0.8917 -0.4332
vn -0.0060 0.9981 -0.0605
vn -0.0060 -0.9981 -0.0605
vn -0.0968 -0.1572 -0.9828
vn -0.0181 0.9828 -0.1835
vn -0.0880 -0.4403 -0.8935
vn -0.0308 0.9494 -0.3124
vn -0.0742 -0.6538 -0.7530
vn -0.0444 0.8917 -0.4505
vn -0.0590 -0.7985 -0.5990
vn -0.0590 0.7985 -0.5990
vn -0.0444 -0.8917 -0.4505
vn -0.0742 0.6538 -0.7530
vn -0.0308 -0.9494 -0.3124
vn -0.0880 0.4403 -0.8935
vn -0.0181 -0.9828 -0.1835
vn -0.0968 0.1572 -0.9828
vt 0.750000 0.500000
vt 0.750000 0.562500
vt 0.718750 0.562500
vt 0.718750 0.500000
vt 0.750000 0.937500
vt 0.734375 1.000000
vt 0.718750 0.937500
vt 0.734375 0.000000
vt 0.750000 0.062500
vt 0.718750 0.062500
vt 0.750000 0.437500
vt 0.718750 0.437500
vt 0.750000 0.875000
vt 0.718750 0.875000
vt 0.750000 0.375000
vt 0.718750 0.375000
vt 0.750000 0.812500
vt 0.718750 0.812500
vt 0.750000 0.312500
vt 0.718750 0.312500
vt 0.750000 0.750000
vt 0.718750 0.750000
vt 0.750000 0.250000
vt 0.718750 0.250000
vt 0.750000 0.687500
vt 0.718750 0.687500
vt 0.750000 0.187500
vt 0.718750 0.187500
vt 0.750000 0.625000
vt 0.718750 0.625000
vt 0.750000 0.125000
vt 0.718750 0.125000
vt 0.687500 0.625000
vt 0.687500 0.562500
vt 0.687500 0.125000
vt 0.687500 0.062500
vt 0.687500 0.500000
vt 0.703125 1.000000
vt 0.687500 0.937500
vt 0.703125 0.000000
vt 0.687500 0.437500
vt 0.687500 0.875000
vt 0.687500 0.375000
vt 0.687500 0.812500
vt 0.687500 0.312500
vt 0.687500 0.750000
vt 0.687500 0.250000
vt 0.687500 0.687500
vt 0.687500 0.187500
vt 0.656250 0.375000
vt 0.656250 0.312500
vt 0.656250 0.812500
vt 0.656250 0.750000
vt 0.656250 0.250000
vt 0.656250 0.687500
vt 0.656250 0.187500
vt 0.656250 0.625000
vt 0.656250 0.125000
vt 0.656250 0.562500
vt 0.656250 0.062500
vt 0.656250 0.500000
vt 0.671875 1.000000
vt 0.656250 0.937500
vt 0.671875 0.000000
vt 0.656250 0.437500
vt 0.656250 0.875000
vt 0.625000 0.125000
vt 0.625000 0.062500
vt 0.625000 0.562500
vt 0.625000 0.500000
vt 0.640625 1.000000
vt 0.625000 0.937500
vt 0.640625 0.000000
vt 0.625000 0.437500
vt 0.625000 0.875000
vt 0.625000 0.375000
vt 0.625000 0.812500
vt 0.625000 0.312500
vt 0.625000 0.750000
vt 0.625000 0.250000
vt 0.625000 0.687500
vt 0.625000 0.187500
vt 0.625000 0.625000
vt 0.593750 0.812500
vt 0.593750 0.750000
vt 0.593750 0.312500
vt 0.593750 0.250000
vt 0.593750 0.687500
vt 0.593750 0.187500
vt 0.593750 0.625000
vt 0.593750 0.125000
vt 0.593750 0.562500
vt 0.593750 0.062500
vt 0.593750 0.500000
vt 0.609375 1.000000
vt 0.593750 0.937500
vt 0.609375 0.000000
vt 0.593750 0.437500
vt 0.593750 0.875000
vt 0.593750 0.375000
vt 0.562500 0.562500
vt 0.562500 0.500000
vt 0.578125 1.000000
vt 0.562500 0.937500
vt 0.578125 0.000000
vt 0.562500 0.062500
vt 0.562500 0.437500
vt 0.562500 0.875000
vt 0.562500 0.375000
vt 0.562500 0.812500
vt 0.562500 0.312500
vt 0.562500 0.750000
vt 0.562500 0.250000
vt 0.562500 0.687500
vt 0.562500 0.187500
vt 0.562500 0.625000
vt 0.562500 0.125000
vt 0.531250 0.312500
vt 0.531250 0.250000
vt 0.531250 0.750000
vt 0.531250 0.687500
vt 0.531250 0.187500
vt 0.531250 0.625000
vt 0.531250 0.125000
vt 0.531250 0.562500
vt 0.531250 0.062500
vt 0.531250 0.500000
vt 0.546875 1.000000
vt 0.531250 0.937500
vt 0.546875 0.000000
vt 0.531250 0.437500
vt 0.531250 0.875000
vt 0.531250 0.375000
vt 0.531250 0.812500
vt 0.515625 0.000000
vt 0.500000 0.062500
vt 0.500000 0.500000
vt 0.500000 0.437500
vt 0.500000 0.937500
vt 0.500000 0.875000
vt 0.500000 0.375000
vt 0.500000 0.812500
vt 0.500000 0.312500
vt 0.500000 0.750000
vt 0.500000 0.250000
vt 0.500000 0.687500
vt 0.500000 0.187500
vt 0.500000 0.625000
vt 0.500000 0.125000
vt 0.500000 0.562500
vt 0.515625 1.000000
vt 0.468750 0.250000
vt 0.468750 0.187500
vt 0.468750 0.687500
vt 0.468750 0.625000
vt 0.468750 0.125000
vt 0.468750 0.562500
vt 0.468750 0.062500
vt 0.468750 0.500000
vt 0.484375 1.000000
vt 0.468750 0.937500
vt 0.484375 0.000000
vt 0.468750 0.437500
vt 0.468750 0.875000
vt 0.468750 0.375000
vt 0.468750 0.812500
vt 0.468750 0.312500
vt 0.468750 0.750000
vt 0.437500 0.937500
vt 0.437500 0.875000
vt 0.437500 0.437500
vt 0.437500 0.375000
vt 0.437500 0.812500
vt 0.437500 0.312500
vt 0.437500 0.750000
vt 0.437500 0.250000
vt 0.437500 0.687500
vt 0.437500 0.187500
vt 0.437500 0.625000
vt 0.437500 0.125000
vt 0.437500 0.562500
vt 0.437500 0.062500
vt 0.437500 0.500000
vt 0.453125 1.000000
vt 0.453125 0.000000
vt 0.406250 0.687500
vt 0.406250 0.625000
vt 0.406250 0.187500
vt 0.406250 0.125000
vt 0.406250 0.562500
vt 0.406250 0.062500
vt 0.406250 0.500000
vt 0.421875 1.000000
vt 0.406250 0.937500
vt 0.421875 0.000000
vt 0.406250 0.437500
vt 0.406250 0.875000
vt 0.406250 0.375000
vt 0.406250 0.812500
vt 0.406250 0.312500
vt 0.406250 0.750000
vt 0.406250 0.250000
vt 0.375000 0.437500
vt 0.375000 0.375000
vt 0.375000 0.875000
vt 0.375000 0.812500
vt 0.375000 0.312500
vt 0.375000 0.750000
vt 0.375000 0.250000
vt 0.375000 0.687500
vt 0.375000 0.187500
vt 0.375000 0.625000
vt 0.375000 0.125000
vt 0.375000 0.562500
vt 0.375000 0.062500
vt 0.375000 0.500000
vt 0.390625 1.000000
vt 0.375000 0.937500
vt 0.390625 0.000000
vt 0.343750 0.187500
vt 0.343750 0.125000
vt 0.343750 0.625000
vt 0.343750 0.562500
vt 0.343750 0.062500
vt 0.343750 0.500000
vt 0.359375 1.000000
vt 0.343750 0.937500
vt 0.359375 0.000000
vt 0.343750 0.437500
vt 0.343750 0.875000
vt 0.343750 0.375000
vt 0.343750 0.812500
vt 0.343750 0.312500
vt 0.343750 0.750000
vt 0.343750 0.250000
vt 0.343750 0.687500
vt 0.312500 0.875000
vt 0.312500 0.812500
vt 0.312500 0.375000
vt 0.312500 0.312500
vt 0.312500 0.750000
vt 0.312500 0.250000
vt 0.312500 0.687500
vt 0.312500 0.187500
vt 0.312500 0.625000
vt 0.312500 0.125000
vt 0.312500 0.562500
vt 0.312500 0.062500
vt 0.312500 0.500000
vt 0.328125 1.000000
vt 0.312500 0.937500
vt 0.328125 0.000000
vt 0.312500 0.437500
vt 0.281250 0.625000
vt 0.281250 0.562500
vt 0.281250 0.125000
vt 0.281250 0.062500
vt 0.281250 0.500000
vt 0.296875 1.000000
vt 0.281250 0.937500
vt 0.296875 0.000000
vt 0.281250 0.437500
vt 0.281250 0.875000
vt 0.281250 0.375000
vt 0.281250 0.812500
vt 0.281250 0.312500
vt 0.281250 0.750000
vt 0.281250 0.250000
vt 0.281250 0.687500
vt 0.281250 0.187500
vt 0.250000 0.375000
vt 0.250000 0.312500
vt 0.250000 0.812500
vt 0.250000 0.750000
vt 0.250000 0.250000
vt 0.250000 0.687500
vt 0.250000 0.187500
vt 0.250000 0.625000
vt 0.250000 0.125000
vt 0.250000 0.562500
vt 0.250000 0.062500
vt 0.250000 0.500000
vt 0.265625 1.000000
vt 0.250000 0.937500
vt 0.265625 0.000000
vt 0.250000 0.437500
vt 0.250000 0.875000
vt 0.218750 0.125000
vt 0.218750 0.062500
vt 0.218750 0.562500
vt 0.218750 0.500000
vt 0.234375 1.000000
vt 0.218750 0.937500
vt 0.234375 0.000000
vt 0.218750 0.437500
vt 0.218750 0.875000
vt 0.218750 0.375000
vt 0.218750 0.812500
vt 0.218750 0.312500
vt 0.218750 0.750000
vt 0.218750 0.250000
vt 0.218750 0.687500
vt 0.218750 0.187500
vt 0.218750 0.625000
vt 0.187500 0.312500
vt 0.187500 0.250000
vt 0.187500 0.750000
vt 0.187500 0.687500
vt 0.187500 0.187500
vt 0.187500 0.625000
vt 0.187500 0.125000
vt 0.187500 0.562500
vt 0.187500 0.062500
vt 0.187500 0.500000
vt 0.203125 1.000000
vt 0.187500 0.937500
vt 0.203125 0.000000
vt 0.187500 0.437500
vt 0.187500 0.875000
vt 0.187500 0.375000
vt 0.187500 0.812500
vt 0.171875 1.000000
vt 0.156250 0.937500
vt 0.171875 0.000000
vt 0.156250 0.062500
vt 0.156250 0.500000
vt 0.156250 0.437500
vt 0.156250 0.875000
vt 0.156250 0.375000
vt 0.156250 0.812500
vt 0.156250 0.312500
vt 0.156250 0.750000
vt 0.156250 0.250000
vt 0.156250 0.687500
vt 0.156250 0.187500
vt 0.156250 0.625000
vt 0.156250 0.125000
vt 0.156250 0.562500
vt 0.125000 0.750000
vt 0.125000 0.687500
vt 0.125000 0.250000
vt 0.125000 0.187500
vt 0.125000 0.625000
vt 0.125000 0.125000
vt 0.125000 0.562500
vt 0.125000 0.062500
vt 0.125000 0.500000
vt 0.140625 1.000000
vt 0.125000 0.937500
vt 0.140625 0.000000
vt 0.125000 0.437500
vt 0.125000 0.875000
vt 0.125000 0.375000
vt 0.125000 0.812500
vt 0.125000 0.312500
vt 0.093750 0.500000
vt 0.093750 0.437500
vt 0.093750 0.937500
vt 0.093750 0.875000
vt 0.093750 0.375000
vt 0.093750 0.812500
vt 0.093750 0.312500
vt 0.093750 0.750000
vt 0.093750 0.250000
vt 0.093750 0.687500
vt 0.093750 0.187500
vt 0.093750 0.625000
vt 0.093750 0.125000
vt 0.093750 0.562500
vt 0.093750 0.062500
vt 0.109375 1.000000
vt 0.109375 0.000000
vt 0.062500 0.250000
vt 0.062500 0.187500
vt 0.062500 0.687500
vt 0.062500 0.625000
vt 0.062500 0.125000
vt 0.062500 0.562500
vt 0.062500 0.062500
vt 0.062500 0.500000
vt 0.078125 1.000000
vt 0.062500 0.937500
vt 0.078125 0.000000
vt 0.062500 0.437500
vt 0.062500 0.875000
vt 0.062500 0.375000
vt 0.062500 0.812500
vt 0.062500 0.312500
vt 0.062500 0.750000
vt 0.031250 0.937500
vt 0.031250 0.875000
vt 0.031250 0.437500
vt 0.031250 0.375000
vt 0.031250 0.812500
vt 0.031250 0.312500
vt 0.031250 0.750000
vt 0.031250 0.250000
vt 0.031250 0.687500
vt 0.031250 0.187500
vt 0.031250 0.625000
vt 0.031250 0.125000
vt 0.031250 0.562500
vt 0.031250 0.062500
vt 0.031250 0.500000
vt 0.046875 1.000000
vt 0.046875 0.000000
vt 0.000000 0.687500
vt 0.000000 0.625000
vt 0.000000 0.187500
vt 0.000000 0.125000
vt 0.000000 0.562500
vt 0.000000 0.062500
vt 0.000000 0.500000
vt 0.015625 1.000000
vt 0.000000 0.937500
vt 0.015625 0.000000
vt 0.000000 0.437500
vt 0.000000 0.875000
vt 0.000000 0.375000
vt 0.000000 0.812500
vt 0.000000 0.312500
vt 0.000000 0.750000
vt 0.000000 0.250000
vt 1.000000 0.375000
vt 1.000000 0.437500
vt 0.968750 0.437500
vt 0.968750 0.375000
vt 1.000000 0.812500
vt 1.000000 0.875000
vt 0.968750 0.875000
vt 0.968750 0.812500
vt 1.000000 0.312500
vt 0.968750 0.312500
vt 1.000000 0.750000
vt 0.968750 0.750000
vt 1.000000 0.250000
vt 0.968750 0.250000
vt 1.000000 0.687500
vt 0.968750 0.687500
vt 1.000000 0.187500
vt 0.968750 0.187500
vt 1.000000 0.625000
vt 0.968750 0.625000
vt 1.000000 0.125000
vt 0.968750 0.125000
vt 1.000000 0.562500
vt 0.968750 0.562500
vt 1.000000 0.062500
vt 0.968750 0.062500
vt 1.000000 0.500000
vt 0.968750 0.500000
vt 1.000000 0.937500
vt 0.984375 1.000000
vt 0.968750 0.937500
vt 0.984375 0.000000
vt 0.937500 0.187500
vt 0.937500 0.125000
vt 0.937500 0.625000
vt 0.937500 0.562500
vt 0.937500 0.062500
vt 0.937500 0.500000
vt 0.953125 1.000000
vt 0.937500 0.937500
vt 0.953125 0.000000
vt 0.937500 0.437500
vt 0.937500 0.875000
vt 0.937500 0.375000
vt 0.937500 0.812500
vt 0.937500 0.312500
vt 0.937500 0.750000
vt 0.937500 0.250000
vt 0.937500 0.687500
vt 0.906250 0.375000
vt 0.906250 0.312500
vt 0.906250 0.812500
vt 0.906250 0.750000
vt 0.906250 0.250000
vt 0.906250 0.687500
vt 0.906250 0.187500
vt 0.906250 0.625000
vt 0.906250 0.125000
vt 0.906250 0.562500
vt 0.906250 0.062500
vt 0.906250 0.500000
vt 0.921875 1.000000
vt 0.906250 0.937500
vt 0.921875 0.000000
vt 0.906250 0.437500
vt 0.906250 0.875000
vt 0.875000 0.125000
vt 0.875000 0.062500
vt 0.875000 0.562500
vt 0.875000 0.500000
vt 0.890625 1.000000
vt 0.875000 0.937500
vt 0.890625 0.000000
vt 0.875000 0.437500
vt 0.875000 0.875000
vt 0.875000 0.375000
vt 0.875000 0.812500
vt 0.875000 0.312500
vt 0.875000 0.750000
vt 0.875000 0.250000
vt 0.875000 0.687500
vt 0.875000 0.187500
vt 0.875000 0.625000
vt 0.843750 0.812500
vt 0.843750 0.750000
vt 0.843750 0.312500
vt 0.843750 0.250000
vt 0.843750 0.687500
vt 0.843750 0.187500
vt 0.843750 0.625000
vt 0.843750 0.125000
vt 0.843750 0.562500
vt 0.843750 0.062500
vt 0.843750 0.500000
vt 0.859375 1.000000
vt 0.843750 0.937500
vt 0.859375 0.000000
vt 0.843750 0.437500
vt 0.843750 0.875000
vt 0.843750 0.375000
vt 0.812500 0.562500
vt 0.812500 0.500000
vt 0.828125 1.000000
vt 0.812500 0.937500
vt 0.828125 0.000000
vt 0.812500 0.062500
vt 0.812500 0.437500
vt 0.812500 0.875000
vt 0.812500 0.375000
vt 0.812500 0.812500
vt 0.812500 0.312500
vt 0.812500 0.750000
vt 0.812500 0.250000
vt 0.812500 0.687500
vt 0.812500 0.187500
vt 0.812500 0.625000
vt 0.812500 0.125000
vt 0.781250 0.312500
vt 0.781250 0.250000
vt 0.781250 0.750000
vt 0.781250 0.687500
vt 0.781250 0.187500
vt 0.781250 0.625000
vt 0.781250 0.125000
vt 0.781250 0.562500
vt 0.781250 0.062500
vt 0.781250 0.500000
vt 0.796875 1.000000
vt 0.781250 0.937500
vt 0.796875 0.000000
vt 0.781250 0.437500
vt 0.781250 0.875000
vt 0.781250 0.375000
vt 0.781250 0.812500
vt 0.765625 1.000000
vt 0.765625 0.000000
s 0
usemtl Material
f 85/117/69 84/118/69 95/119/69 96/120/69
f 554/121/70 81/122/70 89/123/70
f 88/124/71 562/125/71 103/126/71
f 86/127/72 85/117/72 96/120/72 97/128/72
f 555/129/73 554/121/73 89/123/73 90/130/73
f 558/131/74 86/127/74 97/128/74 98/132/74
f 82/133/75 555/129/75 90/130/75 91/134/75
f 87/135/76 558/131/76 98/132/76 99/136/76
f 556/137/77 82/133/77 91/134/77 92/138/77
f 559/139/78 87/135/78 99/136/78 100/140/78
f 83/141/79 556/137/79 92/138/79 93/142/79
f 560/143/80 559/139/80 100/140/80 101/144/80
f 557/145/81 83/141/81 93/142/81 94/146/81
f 561/147/82 560/143/82 101/144/82 102/148/82
f 84/118/83 557/145/83 94/146/83 95/119/83
f 562/125/84 561/147/84 102/148/84 103/126/84
f 95/119/85 94/146/85 109/149/85 110/150/85
f 103/126/86 102/148/86 117/151/86 118/152/86
f 96/120/87 95/119/87 110/150/87 111/153/87
f 89/123/88 81/154/88 104/155/88
f 88/156/89 103/126/89 118/152/89
f 97/128/90 96/120/90 111/153/90 112/157/90
f 90/130/91 89/123/91 104/155/91 105/158/91
f 98/132/92 97/128/92 112/157/92 113/159/92
f 91/134/93 90/130/93 105/158/93 106/160/93
f 99/136/94 98/132/94 113/159/94 114/161/94
f 92/138/95 91/134/95 106/160/95 107/162/95
f 100/140/96 99/136/96 114/161/96 115/163/96
f 93/142/97 92/138/97 107/162/97 108/164/97
f 101/144/98 100/140/98 115/163/98 116/165/98
f 94/146/99 93/142/99 108/164/99 109/149/99
f 102/148/100 101/144/100 116/165/100 117/151/100
f 114/161/101 113/159/101 128/166/101 129/167/101
f 107/162/102 106/160/102 121/168/102 122/169/102
f 115/163/103 114/161/103 129/167/103 130/170/103
f 108/164/104 107/162/104 122/169/104 123/171/104
f 116/165/105 115/163/105 130/170/105 131/172/105
f 109/149/106 108/164/106 123/171/106 124/173/106
f 117/151/107 116/165/107 131/172/107 132/174/107
f 110/150/108 109/149/108 124/173/108 125/175/108
f 118/152/109 117/151/109 132/174/109 133/176/109
f 111/153/110 110/150/110 125/175/110 126/177/110
f 104/155/111 81/178/111 119/179/111
f 88/180/112 118/152/112 133/176/112
f 112/157/113 111/153/113 126/177/113 127/181/113
f 105/158/114 104/155/114 119/179/114 120/182/114
f 113/159/115 112/157/115 127/181/115 128/166/115
f 106/160/116 105/158/116 120/182/116 121/168/116
f 133/176/117 132/174/117 147/183/117 148/184/117
f 126/177/118 125/175/118 140/185/118 141/186/118
f 119/179/119 81/187/119 134/188/119
f 88/189/120 133/176/120 148/184/120
f 127/181/121 126/177/121 141/186/121 142/190/121
f 120/182/122 119/179/122 134/188/122 135/191/122
f 128/166/123 127/181/123 142/190/123 143/192/123
f 121/168/124 120/182/124 135/191/124 136/193/124
f 129/167/125 128/166/125 143/192/125 144/194/125
f 122/169/126 121/168/126 136/193/126 137/195/126
f 130/170/127 129/167/127 144/194/127 145/196/127
f 123/171/128 122/169/128 137/195/128 138/197/128
f 131/172/129 130/170/129 145/196/129 146/198/129
f 124/173/130 123/171/130 138/197/130 139/199/130
f 132/174/131 131/172/131 146/198/131 147/183/131
f 125/175/132 124/173/132 139/199/132 140/185/132
f 137/195/133 136/193/133 151/200/133 152/201/133
f 145/196/134 144/194/134 159/202/134 160/203/134
f 138/197/135 137/195/135 152/201/135 153/204/135
f 146/198/136 145/196/136 160/203/136 161/205/136
f 139/199/137 138/197/137 153/204/137 154/206/137
f 147/183/138 146/198/138 161/205/138 162/207/138
f 140/185/139 139/199/139 154/206/139 155/208/139
f 148/184/140 147/183/140 162/207/140 163/209/140
f 141/186/141 140/185/141 155/208/141 156/210/141
f 134/188/142 81/211/142 149/212/142
f 88/213/143 148/184/143 163/209/143
f 142/190/144 141/186/144 156/210/144 157/214/144
f 135/191/145 134/188/145 149/212/145 150/215/145
f 143/192/146 142/190/146 157/214/146 158/216/146
f 136/193/147 135/191/147 150/215/147 151/200/147
f 144/194/148 143/192/148 158/216/148 159/202/148
f 156/210/149 155/208/149 170/217/149 171/218/149
f 149/212/150 81/219/150 164/220/150
f 88/221/151 163/209/151 178/222/151
f 157/214/152 156/210/152 171/218/152 172/223/152
f 150/215/153 149/212/153 164/220/153 165/224/153
f 158/216/154 157/214/154 172/223/154 173/225/154
f 151/200/155 150/215/155 165/224/155 166/226/155
f 159/202/156 158/216/156 173/225/156 174/227/156
f 152/201/157 151/200/157 166/226/157 167/228/157
f 160/203/158 159/202/158 174/227/158 175/229/158
f 153/204/159 152/201/159 167/228/159 168/230/159
f 161/205/160 160/203/160 175/229/160 176/231/160
f 154/206/161 153/204/161 168/230/161 169/232/161
f 162/207/162 161/205/162 176/231/162 177/233/162
f 155/208/163 154/206/163 169/232/163 170/217/163
f 163/209/164 162/207/164 177/233/164 178/222/164
f 175/229/165 174/227/165 189/234/165 190/235/165
f 168/230/166 167/228/166 182/236/166 183/237/166
f 176/231/167 175/229/167 190/235/167 191/238/167
f 169/232/168 168/230/168 183/237/168 184/239/168
f 177/233/169 176/231/169 191/238/169 192/240/169
f 170/217/170 169/232/170 184/239/170 185/241/170
f 178/222/171 177/233/171 192/240/171 193/242/171
f 171/218/172 170/217/172 185/241/172 186/243/172
f 164/220/173 81/244/173 179/245/173
f 88/246/174 178/222/174 193/242/174
f 172/223/175 171/218/175 186/243/175 187/247/175
f 165/224/176 164/220/176 179/245/176 180/248/176
f 173/225/177 172/223/177 187/247/177 188/249/177
f 166/226/178 165/224/178 180/248/178 181/250/178
f 174/227/179 173/225/179 188/249/179 189/234/179
f 167/228/180 166/226/180 181/250/180 182/236/180
f 88/251/181 193/242/181 208/252/181
f 187/247/182 186/243/182 201/253/182 202/254/182
f 180/248/183 179/245/183 194/255/183 195/256/183
f 188/249/184 187/247/184 202/254/184 203/257/184
f 181/250/185 180/248/185 195/256/185 196/258/185
f 189/234/186 188/249/186 203/257/186 204/259/186
f 182/236/187 181/250/187 196/258/187 197/260/187
f 190/235/188 189/234/188 204/259/188 205/261/188
f 183/237/189 182/236/189 197/260/189 198/262/189
f 191/238/190 190/235/190 205/261/190 206/263/190
f 184/239/191 183/237/191 198/262/191 199/264/191
f 192/240/192 191/238/192 206/263/192 207/265/192
f 185/241/193 184/239/193 199/264/193 200/266/193
f 193/242/194 192/240/194 207/265/194 208/252/194
f 186/243/195 185/241/195 200/266/195 201/253/195
f 179/245/196 81/267/196 194/255/196
f 206/263/197 205/261/197 220/268/197 221/269/197
f 199/264/198 198/262/198 213/270/198 214/271/198
f 207/265/199 206/263/199 221/269/199 222/272/199
f 200/266/200 199/264/200 214/271/200 215/273/200
f 208/252/201 207/265/201 222/272/201 223/274/201
f 201/253/202 200/266/202 215/273/202 216/275/202
f 194/255/203 81/276/203 209/277/203
f 88/278/204 208/252/204 223/274/204
f 202/254/205 201/253/205 216/275/205 217/279/205
f 195/256/206 194/255/206 209/277/206 210/280/206
f 203/257/207 202/254/207 217/279/207 218/281/207
f 196/258/208 195/256/208 210/280/208 211/282/208
f 204/259/209 203/257/209 218/281/209 219/283/209
f 197/260/210 196/258/210 211/282/210 212/284/210
f 205/261/211 204/259/211 219/283/211 220/268/211
f 198/262/212 197/260/212 212/284/212 213/270/212
f 210/280/213 209/277/213 224/285/213 225/286/213
f 218/281/214 217/279/214 232/287/214 233/288/214
f 211/282/215 210/280/215 225/286/215 226/289/215
f 219/283/216 218/281/216 233/288/216 234/290/216
f 212/284/217 211/282/217 226/289/217 227/291/217
f 220/268/218 219/283/218 234/290/218 235/292/218
f 213/270/219 212/284/219 227/291/219 228/293/219
f 221/269/220 220/268/220 235/292/220 236/294/220
f 214/271/221 213/270/221 228/293/221 229/295/221
f 222/272/222 221/269/222 236/294/222 237/296/222
f 215/273/223 214/271/223 229/295/223 230/297/223
f 223/274/224 222/272/224 237/296/224 238/298/224
f 216/275/225 215/273/225 230/297/225 231/299/225
f 209/277/226 81/300/226 224/285/226
f 88/301/227 223/274/227 238/298/227
f 217/279/228 216/275/228 231/299/228 232/287/228
f 229/295/229 228/293/229 243/302/229 244/303/229
f 237/296/230 236/294/230 251/304/230 252/305/230
f 230/297/231 229/295/231 244/303/231 245/306/231
f 238/298/232 237/296/232 252/305/232 253/307/232
f 231/299/233 230/297/233 245/306/233 246/308/233
f 224/285/234 81/309/234 239/310/234
f 88/311/235 238/298/235 253/307/235
f 232/287/236 231/299/236 246/308/236 247/312/236
f 225/286/237 224/285/237 239/310/237 240/313/237
f 233/288/238 232/287/238 247/312/238 248/314/238
f 226/289/239 225/286/239 240/313/239 241/315/239
f 234/290/240 233/288/240 248/314/240 249/316/240
f 227/291/241 226/289/241 241/315/241 242/317/241
f 235/292/242 234/290/242 249/316/242 250/318/242
f 228/293/243 227/291/243 242/317/243 243/302/243
f 236/294/244 235/292/244 250/318/244 251/304/244
f 248/314/245 247/312/245 262/319/245 263/320/245
f 241/315/246 240/313/246 255/321/246 256/322/246
f 249/316/247 248/314/247 263/320/247 264/323/247
f 242/317/248 241/315/248 256/322/248 257/324/248
f 250/318/249 249/316/249 264/323/249 265/325/249
f 243/302/250 242/317/250 257/324/250 258/326/250
f 251/304/251 250/318/251 265/325/251 266/327/251
f 244/303/252 243/302/252 258/326/252 259/328/252
f 252/305/253 251/304/253 266/327/253 267/329/253
f 245/306/254 244/303/254 259/328/254 260/330/254
f 253/307/255 252/305/255 267/329/255 268/331/255
f 246/308/256 245/306/256 260/330/256 261/332/256
f 239/310/257 81/333/257 254/334/257
f 88/335/258 253/307/258 268/331/258
f 247/312/259 246/308/259 261/332/259 262/319/259
f 240/313/260 239/310/260 254/334/260 255/321/260
f 267/329/261 266/327/261 281/336/261 282/337/261
f 260/330/262 259/328/262 274/338/262 275/339/262
f 268/331/263 267/329/263 282/337/263 283/340/263
f 261/332/264 260/330/264 275/339/264 276/341/264
f 254/334/265 81/342/265 269/343/265
f 88/344/266 268/331/266 283/340/266
f 262/319/267 261/332/267 276/341/267 277/345/267
f 255/321/268 254/334/268 269/343/268 270/346/268
f 263/320/269 262/319/269 277/345/269 278/347/269
f 256/322/270 255/321/270 270/346/270 271/348/270
f 264/323/271 263/320/271 278/347/271 279/349/271
f 257/324/272 256/322/272 271/348/272 272/350/272
f 265/325/273 264/323/273 279/349/273 280/351/273
f 258/326/274 257/324/274 272/350/274 273/352/274
f 266/327/275 265/325/275 280/351/275 281/336/275
f 259/328/276 258/326/276 273/352/276 274/338/276
f 271/348/277 270/346/277 285/353/277 286/354/277
f 279/349/278 278/347/278 293/355/278 294/356/278
f 272/350/279 271/348/279 286/354/279 287/357/279
f 280/351/280 279/349/280 294/356/280 295/358/280
f 273/352/281 272/350/281 287/357/281 288/359/281
f 281/336/282 280/351/282 295/358/282 296/360/282
f 274/338/283 273/352/283 288/359/283 289/361/283
f 282/337/284 281/336/284 296/360/284 297/362/284
f 275/339/285 274/338/285 289/361/285 290/363/285
f 283/340/286 282/337/286 297/362/286 298/364/286
f 276/341/287 275/339/287 290/363/287 291/365/287
f 269/343/288 81/366/288 284/367/288
f 88/368/289 283/340/289 298/364/289
f 277/345/290 276/341/290 291/365/290 292/369/290
f 270/346/291 269/343/291 284/367/291 285/353/291
f 278/347/292 277/345/292 292/369/292 293/355/292
f 290/363/293 289/361/293 304/370/293 305/371/293
f 298/364/294 297/362/294 312/372/294 313/373/294
f 291/365/295 290/363/295 305/371/295 306/374/295
f 284/367/296 81/375/296 299/376/296
f 88/377/297 298/364/297 313/373/297
f 292/369/298 291/365/298 306/374/298 307/378/298
f 285/353/299 284/367/299 299/376/299 300/379/299
f 293/355/300 292/369/300 307/378/300 308/380/300
f 286/354/301 285/353/301 300/379/301 301/381/301
f 294/356/302 293/355/302 308/380/302 309/382/302
f 287/357/303 286/354/303 301/381/303 302/383/303
f 295/358/304 294/356/304 309/382/304 310/384/304
f 288/359/305 287/357/305 302/383/305 303/385/305
f 296/360/306 295/358/306 310/384/306 311/386/306
f 289/361/307 288/359/307 303/385/307 304/370/307
f 297/362/308 296/360/308 311/386/308 312/372/308
f 309/382/309 308/380/309 323/387/309 324/388/309
f 302/383/310 301/381/310 316/389/310 317/390/310
f 310/384/311 309/382/311 324/388/311 325/391/311
f 303/385/312 302/383/312 317/390/312 318/392/312
f 311/386/313 310/384/313 325/391/313 326/393/313
f 304/370/314 303/385/314 318/392/314 319/394/314
f 312/372/315 311/386/315 326/393/315 327/395/315
f 305/371/316 304/370/316 319/394/316 320/396/316
f 313/373/317 312/372/317 327/395/317 328/397/317
f 306/374/318 305/371/318 320/396/318 321/398/318
f 299/376/319 81/399/319 314/400/319
f 88/401/320 313/373/320 328/397/320
f 307/378/321 306/374/321 321/398/321 322/402/321
f 300/379/322 299/376/322 314/400/322 315/403/322
f 308/380/323 307/378/323 322/402/323 323/387/323
f 301/381/324 300/379/324 315/403/324 316/389/324
f 328/397/325 327/395/325 342/404/325 343/405/325
f 321/398/326 320/396/326 335/406/326 336/407/326
f 314/400/327 81/408/327 329/409/327
f 88/410/328 328/397/328 343/405/328
f 322/402/329 321/398/329 336/407/329 337/411/329
f 315/403/330 314/400/330 329/409/330 330/412/330
f 323/387/331 322/402/331 337/411/331 338/413/331
f 316/389/332 315/403/332 330/412/332 331/414/332
f 324/388/333 323/387/333 338/413/333 339/415/333
f 317/390/334 316/389/334 331/414/334 332/416/334
f 325/391/335 324/388/335 339/415/335 340/417/335
f 318/392/336 317/390/336 332/416/336 333/418/336
f 326/393/337 325/391/337 340/417/337 341/419/337
f 319/394/338 318/392/338 333/418/338 334/420/338
f 327/395/339 326/393/339 341/419/339 342/404/339
f 320/396/340 319/394/340 334/420/340 335/406/340
f 340/417/341 339/415/341 354/421/341 355/422/341
f 333/418/342 332/416/342 347/423/342 348/424/342
f 341/419/343 340/417/343 355/422/343 356/425/343
f 334/420/344 333/418/344 348/424/344 349/426/344
f 342/404/345 341/419/345 356/425/345 357/427/345
f 335/406/346 334/420/346 349/426/346 350/428/346
f 343/405/347 342/404/347 357/427/347 358/429/347
f 336/407/348 335/406/348 350/428/348 351/430/348
f 329/409/349 81/431/349 344/432/349
f 88/433/350 343/405/350 358/429/350
f 337/411/351 336/407/351 351/430/351 352/434/351
f 330/412/352 329/409/352 344/432/352 345/435/352
f 338/413/353 337/411/353 352/434/353 353/436/353
f 331/414/354 330/412/354 345/435/354 346/437/354
f 339/415/355 338/413/355 353/436/355 354/421/355
f 332/416/356 331/414/356 346/437/356 347/423/356
f 344/432/357 81/438/357 359/439/357
f 88/440/358 358/429/358 373/441/358
f 352/434/359 351/430/359 366/442/359 367/443/359
f 345/435/360 344/432/360 359/439/360 360/444/360
f 353/436/361 352/434/361 367/443/361 368/445/361
f 346/437/362 345/435/362 360/444/362 361/446/362
f 354/421/363 353/436/363 368/445/363 369/447/363
f 347/423/364 346/437/364 361/446/364 362/448/364
f 355/422/365 354/421/365 369/447/365 370/449/365
f 348/424/366 347/423/366 362/448/366 363/450/366
f 356/425/367 355/422/367 370/449/367 371/451/367
f 349/426/368 348/424/368 363/450/368 364/452/368
f 357/427/369 356/425/369 371/451/369 372/453/369
f 350/428/370 349/426/370 364/452/370 365/454/370
f 358/429/371 357/427/371 372/453/371 373/441/371
f 351/430/372 350/428/372 365/454/372 366/442/372
f 363/450/373 362/448/373 377/455/373 378/456/373
f 371/451/374 370/449/374 385/457/374 386/458/374
f 364/452/375 363/450/375 378/456/375 379/459/375
f 372/453/376 371/451/376 386/458/376 387/460/376
f 365/454/377 364/452/377 379/459/377 380/461/377
f 373/441/378 372/453/378 387/460/378 388/462/378
f 366/442/379 365/454/379 380/461/379 381/463/379
f 359/439/380 81/464/380 374/465/380
f 88/466/381 373/441/381 388/462/381
f 367/443/382 366/442/382 381/463/382 382/467/382
f 360/444/383 359/439/383 374/465/383 375/468/383
f 368/445/384 367/443/384 382/467/384 383/469/384
f 361/446/385 360/444/385 375/468/385 376/470/385
f 369/447/386 368/445/386 383/469/386 384/471/386
f 362/448/387 361/446/387 376/470/387 377/455/387
f 370/449/388 369/447/388 384/471/388 385/457/388
f 382/467/389 381/463/389 396/472/389 397/473/389
f 375/468/390 374/465/390 389/474/390 390/475/390
f 383/469/391 382/467/391 397/473/391 398/476/391
f 376/470/392 375/468/392 390/475/392 391/477/392
f 384/471/393 383/469/393 398/476/393 399/478/393
f 377/455/394 376/470/394 391/477/394 392/479/394
f 385/457/395 384/471/395 399/478/395 400/480/395
f 378/456/396 377/455/396 392/479/396 393/481/396
f 386/458/397 385/457/397 400/480/397 401/482/397
f 379/459/398 378/456/398 393/481/398 394/483/398
f 387/460/399 386/458/399 401/482/399 402/484/399
f 380/461/400 379/459/400 394/483/400 395/485/400
f 388/462/401 387/460/401 402/484/401 403/486/401
f 381/463/402 380/461/402 395/485/402 396/472/402
f 374/465/403 81/487/403 389/474/403
f 88/488/404 388/462/404 403/486/404
f 401/482/405 400/480/405 415/489/405 416/490/405
f 394/483/406 393/481/406 408/491/406 409/492/406
f 402/484/407 401/482/407 416/490/407 417/493/407
f 395/485/408 394/483/408 409/492/408 410/494/408
f 403/486/409 402/484/409 417/493/409 418/495/409
f 396/472/410 395/485/410 410/494/410 411/496/410
f 389/474/411 81/497/411 404/498/411
f 88/499/412 403/486/412 418/495/412
f 397/473/413 396/472/413 411/496/413 412/500/413
f 390/475/414 389/474/414 404/498/414 405/501/414
f 398/476/415 397/473/415 412/500/415 413/502/415
f 391/477/416 390/475/416 405/501/416 406/503/416
f 399/478/417 398/476/417 413/502/417 414/504/417
f 392/479/418 391/477/418 406/503/418 407/505/418
f 400/480/419 399/478/419 414/504/419 415/489/419
f 393/481/420 392/479/420 407/505/420 408/491/420
f 405/501/421 404/498/421 419/506/421 420/507/421
f 413/502/422 412/500/422 427/508/422 428/509/422
f 406/503/423 405/501/423 420/507/423 421/510/423
f 414/504/424 413/502/424 428/509/424 429/511/424
f 407/505/425 406/503/425 421/510/425 422/512/425
f 415/489/426 414/504/426 429/511/426 430/513/426
f 408/491/427 407/505/427 422/512/427 423/514/427
f 416/490/428 415/489/428 430/513/428 431/515/428
f 409/492/429 408/491/429 423/514/429 424/516/429
f 417/493/430 416/490/430 431/515/430 432/517/430
f 410/494/431 409/492/431 424/516/431 425/518/431
f 418/495/432 417/493/432 432/517/432 433/519/432
f 411/496/433 410/494/433 425/518/433 426/520/433
f 404/498/434 81/521/434 419/506/434
f 88/522/435 418/495/435 433/519/435
f 412/500/436 411/496/436 426/520/436 427/508/436
f 424/516/437 423/514/437 438/523/437 439/524/437
f 432/517/438 431/515/438 446/525/438 447/526/438
f 425/518/439 424/516/439 439/524/439 440/527/439
f 433/519/440 432/517/440 447/526/440 448/528/440
f 426/520/441 425/518/441 440/527/441 441/529/441
f 419/506/442 81/530/442 434/531/442
f 88/532/443 433/519/443 448/528/443
f 427/508/444 426/520/444 441/529/444 442/533/444
f 420/507/445 419/506/445 434/531/445 435/534/445
f 428/509/446 427/508/446 442/533/446 443/535/446
f 421/510/447 420/507/447 435/534/447 436/536/447
f 429/511/448 428/509/448 443/535/448 444/537/448
f 422/512/449 421/510/449 436/536/449 437/538/449
f 430/513/450 429/511/450 444/537/450 445/539/450
f 423/514/451 422/512/451 437/538/451 438/523/451
f 431/515/452 430/513/452 445/539/452 446/525/452
f 443/540/453 442/541/453 457/542/453 458/543/453
f 436/544/454 435/545/454 450/546/454 451/547/454
f 444/548/455 443/540/455 458/543/455 459/549/455
f 437/550/456 436/544/456 451/547/456 452/551/456
f 445/552/457 444/548/457 459/549/457 460/553/457
f 438/554/458 437/550/458 452/551/458 453/555/458
f 446/556/459 445/552/459 460/553/459 461/557/459
f 439/558/460 438/554/460 453/555/460 454/559/460
f 447/560/461 446/556/461 461/557/461 462/561/461
f 440/562/462 439/558/462 454/559/462 455/563/462
f 448/564/463 447/560/463 462/561/463 463/565/463
f 441/566/464 440/562/464 455/563/464 456/567/464
f 434/568/465 81/569/465 449/570/465
f 88/571/466 448/564/466 463/565/466
f 442/541/467 441/566/467 456/567/467 457/542/467
f 435/545/468 434/568/468 449/570/468 450/546/468
f 462/561/469 461/557/469 476/572/469 477/573/469
f 455/563/470 454/559/470 469/574/470 470/575/470
f 463/565/471 462/561/471 477/573/471 478/576/471
f 456/567/472 455/563/472 470/575/472 471/577/472
f 449/570/473 81/578/473 464/579/473
f 88/580/474 463/565/474 478/576/474
f 457/542/475 456/567/475 471/577/475 472/581/475
f 450/546/476 449/570/476 464/579/476 465/582/476
f 458/543/477 457/542/477 472/581/477 473/583/477
f 451/547/478 450/546/478 465/582/478 466/584/478
f 459/549/479 458/543/479 473/583/479 474/585/479
f 452/551/480 451/547/480 466/584/480 467/586/480
f 460/553/481 459/549/481 474/585/481 475/587/481
f 453/555/482 452/551/482 467/586/482 468/588/482
f 461/557/483 460/553/483 475/587/483 476/572/483
f 454/559/484 453/555/484 468/588/484 469/574/484
f 474/585/485 473/583/485 488/589/485 489/590/485
f 467/586/486 466/584/486 481/591/486 482/592/486
f 475/587/487 474/585/487 489/590/487 490/593/487
f 468/588/488 467/586/488 482/592/488 483/594/488
f 476/572/489 475/587/489 490/593/489 491/595/489
f 469/574/490 468/588/490 483/594/490 484/596/490
f 477/573/491 476/572/491 491/595/491 492/597/491
f 470/575/492 469/574/492 484/596/492 485/598/492
f 478/576/493 477/573/493 492/597/493 493/599/493
f 471/577/494 470/575/494 485/598/494 486/600/494
f 464/579/495 81/601/495 479/602/495
f 88/603/496 478/576/496 493/599/496
f 472/581/497 471/577/497 486/600/497 487/604/497
f 465/582/498 464/579/498 479/602/498 480/605/498
f 473/583/499 472/581/499 487/604/499 488/589/499
f 466/584/500 465/582/500 480/605/500 481/591/500
f 493/599/501 492/597/501 507/606/501 508/607/501
f 486/600/502 485/598/502 500/608/502 501/609/502
f 479/602/503 81/610/503 494/611/503
f 88/612/504 493/599/504 508/607/504
f 487/604/505 486/600/505 501/609/505 502/613/505
f 480/605/506 479/602/506 494/611/506 495/614/506
f 488/589/507 487/604/507 502/613/507 503/615/507
f 481/591/508 480/605/508 495/614/508 496/616/508
f 489/590/509 488/589/509 503/615/509 504/617/509
f 482/592/510 481/591/510 496/616/510 497/618/510
f 490/593/511 489/590/511 504/617/511 505/619/511
f 483/594/512 482/592/512 497/618/512 498/620/512
f 491/595/513 490/593/513 505/619/513 506/621/513
f 484/596/514 483/594/514 498/620/514 499/622/514
f 492/597/515 491/595/515 506/621/515 507/606/515
f 485/598/516 484/596/516 499/622/516 500/608/516
f 497/618/517 496/616/517 511/623/517 512/624/517
f 505/619/518 504/617/518 519/625/518 520/626/518
f 498/620/519 497/618/519 512/624/519 513/627/519
f 506/621/520 505/619/520 520/626/520 521/628/520
f 499/622/521 498/620/521 513/627/521 514/629/521
f 507/606/522 506/621/522 521/628/522 522/630/522
f 500/608/523 499/622/523 514/629/523 515/631/523
f 508/607/524 507/606/524 522/630/524 523/632/524
f 501/609/525 500/608/525 515/631/525 516/633/525
f 494/611/526 81/634/526 509/635/526
f 88/636/527 508/607/527 523/632/527
f 502/613/528 501/609/528 516/633/528 517/637/528
f 495/614/529 494/611/529 509/635/529 510/638/529
f 503/615/530 502/613/530 517/637/530 518/639/530
f 496/616/531 495/614/531 510/638/531 511/623/531
f 504/617/532 503/615/532 518/639/532 519/625/532
f 516/633/533 515/631/533 530/640/533 531/641/533
f 509/635/534 81/642/534 524/643/534
f 88/644/535 523/632/535 538/645/535
f 517/637/536 516/633/536 531/641/536 532/646/536
f 510/638/537 509/635/537 524/643/537 525/647/537
f 518/639/538 517/637/538 532/646/538 533/648/538
f 511/623/539 510/638/539 525/647/539 526/649/539
f 519/625/540 518/639/540 533/648/540 534/650/540
f 512/624/541 511/623/541 526/649/541 527/651/541
f 520/626/542 519/625/542 534/650/542 535/652/542
f 513/627/543 512/624/543 527/651/543 528/653/543
f 521/628/544 520/626/544 535/652/544 536/654/544
f 514/629/545 513/627/545 528/653/545 529/655/545
f 522/630/546 521/628/546 536/654/546 537/656/546
f 515/631/547 514/629/547 529/655/547 530/640/547
f 523/632/548 522/630/548 537/656/548 538/645/548
f 535/652/549 534/650/549 549/657/549 550/658/549
f 528/653/550 527/651/550 542/659/550 543/660/550
f 536/654/551 535/652/551 550/658/551 551/661/551
f 529/655/552 528/653/552 543/660/552 544/662/552
f 537/656/553 536/654/553 551/661/553 552/663/553
f 530/640/554 529/655/554 544/662/554 545/664/554
f 538/645/555 537/656/555 552/663/555 553/665/555
f 531/641/556 530/640/556 545/664/556 546/666/556
f 524/643/557 81/667/557 539/668/557
f 88/669/558 538/645/558 553/665/558
f 532/646/559 531/641/559 546/666/559 547/670/559
f 525/647/560 524/643/560 539/668/560 540/671/560
f 533/648/561 532/646/561 547/670/561 548/672/561
f 526/649/562 525/647/562 540/671/562 541/673/562
f 534/650/563 533/648/563 548/672/563 549/657/563
f 527/651/564 526/649/564 541/673/564 542/659/564
f 539/668/565 81/674/565 554/121/565
f 88/675/566 553/665/566 562/125/566
f 547/670/567 546/666/567 85/117/567 86/127/567
f 540/671/568 539/668/568 554/121/568 555/129/568
f 548/672/569 547/670/569 86/127/569 558/131/569
f 541/673/570 540/671/570 555/129/570 82/133/570
f 549/657/571 548/672/571 558/131/571 87/135/571
f 542/659/572 541/673/572 82/133/572 556/137/572
f 550/658/573 549/657/573 87/135/573 559/139/573
f 543/660/574 542/659/574 556/137/574 83/141/574
f 551/661/575 550/658/575 559/139/575 560/143/575
f 544/662/576 543/660/576 83/141/576 557/145/576
f 552/663/577 551/661/577 560/143/577 561/147/577
f 545/664/578 544/662/578 557/145/578 84/118/578
f 553/665/579 552/663/579 561/147/579 562/125/579
f 546/666/580 545/664/580 84/118/580 85/117/580
o Cube.004
v -1.561315 0.473790 -0.114069
v -0.505105 0.538854 0.654632
v -0.794068 0.521054 0.944142
v -1.040505 4.521548 0.944142
v -0.751543 4.539349 0.654632
v -0.963855 5.035237 0.762721
v -1.807752 4.474284 0.065849
v -1.628174 4.485347 -0.114069
v -1.775099 3.944228 -0.114069
v -1.321813 6.002773 0.439690
v -0.831733 0.518734 -0.114069
v -0.505105 0.538854 0.213177
v -0.751543 4.539349 0.213177
v -1.078170 4.519228 -0.114069
v -0.991529 5.099874 0.090999
v -1.440281 0.481246 0.944142
v -1.561315 0.473790 0.822879
v -1.686267 4.481768 0.944142
v -1.807752 4.474284 0.822427
v -1.495615 5.553739 0.443765
vn 0.6959 0.1446 0.7035
vn 0.7058 0.0435 0.7071
vn -0.7007 0.1902 -0.6877
vn 0.6959 0.1446 -0.7035
vn 0.7058 0.0435 -0.7071
vn -0.0000 -0.0000 -1.0000
vn 0.9981 0.0615 -0.0000
vn -0.0309 0.3451 -0.9381
vn 0.9294 0.3690 -0.0028
vn -0.7058 -0.0434 0.7071
vn -0.7786 0.3738 0.5040
vn 0.0615 -0.9981 -0.0000
vn -0.9981 -0.0615 -0.0000
vn -0.0000 -0.0000 1.0000
vn -0.9606 0.2778 -0.0000
vn -0.0081 0.3210 0.9470
vn -0.7610 0.3719 -0.5315
vt 0.625000 0.818396
vt 0.625000 0.712132
vt 0.625000 0.807147
vt 0.352201 0.795597
vt 0.375000 0.681604
vt 0.625000 0.207495
vt 0.625000 0.271253
vt 0.591876 0.250000
vt 0.625000 0.567731
vt 0.625000 0.414770
vt 0.625000 0.532298
vt 0.375000 0.577311
vt 0.349230 0.448459
vt 0.375000 0.250000
vt 0.625000 0.500000
vt 0.625000 0.764441
vt 0.375000 0.000000
vt 0.625000 0.011292
vt 0.625000 0.028755
vt 0.375000 0.028648
vt 0.625000 0.220236
vt 0.625000 0.207495
vt 0.125000 0.500000
vt 0.160841 0.757193
vt 0.125000 0.721352
vt 0.625000 0.971245
vt 0.371404 0.967755
vt 0.625000 0.966037
vt 0.625000 0.250000
s 0
usemtl Material.001
f 566/676/581 567/677/581 568/678/581
f 566/676/582 565/679/582 564/680/582 567/677/582
f 569/681/583 570/682/583 571/683/583
f 575/684/584 576/685/584 577/686/584
f 575/684/585 574/687/585 573/688/585 576/685/585
f 563/689/586 571/683/586 570/682/586 576/685/586 573/688/586
f 574/687/587 575/684/587 567/677/587 564/680/587
f 577/686/588 576/685/588 570/682/588 572/690/588
f 568/678/589 567/677/589 575/684/589 577/686/589 572/691/589
f 578/692/590 580/693/590 581/694/590 579/695/590
f 580/693/591 572/696/591 582/697/591 581/694/591
f 563/698/592 573/688/592 574/687/592 564/680/592 565/679/592 578/699/592 579/700/592
f 579/695/593 581/694/593 569/681/593 571/683/593 563/689/593
f 565/679/594 566/676/594 580/701/594 578/702/594
f 569/681/595 581/694/595 582/697/595
f 580/701/596 566/676/596 568/678/596 572/703/596
f 572/704/597 570/682/597 569/681/597 582/697/597
o Cube.005
v -0.119821 0.296220 -3.110813
v 0.099589 0.308206 -2.951006
v 0.039562 0.303933 -2.890903
v -0.011631 1.134933 -2.882945
v 0.048396 1.139207 -2.943048
v 0.004292 1.242000 -2.919609
v -0.171015 1.126863 -3.065482
v -0.133710 1.129518 -3.102833
v -0.164232 1.017115 -3.103909
v -0.070069 1.443623 -2.984785
v 0.031738 0.305556 -3.110724
v 0.099589 0.309084 -3.042707
v 0.048396 1.140085 -3.034749
v -0.019456 1.136556 -3.102766
v -0.001457 1.256763 -3.059013
v -0.094678 0.295664 -2.890982
v -0.119821 0.294356 -2.916186
v -0.145778 1.126670 -2.883024
v -0.171015 1.125357 -2.908322
v -0.106173 1.350340 -2.984832
v -1.003766 -0.183789 -2.787937
v -1.235212 0.471266 -2.861583
v -1.195086 0.417939 -2.937351
v -1.094973 1.055732 -2.896289
v -1.135099 1.109059 -2.820521
v -1.093862 1.138009 -2.848724
v -0.912002 0.499319 -2.781402
v -0.936939 0.532460 -2.734315
v -0.916918 0.369498 -2.752315
v -0.999108 1.083965 -2.797402
v -1.138998 0.134958 -2.736910
v -1.214727 0.360080 -2.776866
v -1.114614 0.997873 -2.735804
v -1.038885 0.772751 -2.695848
v -1.056662 0.969052 -2.720790
v -1.075306 0.135614 -2.982548
v -1.047245 0.052195 -2.967741
v -0.975277 0.773605 -2.941453
v -0.947111 0.689874 -2.926593
v -0.973024 0.927690 -2.816703
v -1.910027 0.026240 -2.335932
v -2.183588 0.270738 -2.283505
v -2.182250 0.432878 -2.354748
v -2.154348 1.099216 -2.235220
v -2.155686 0.937077 -2.163977
v -2.140527 1.089533 -2.185123
v -1.908584 0.775022 -2.236886
v -1.909416 0.674260 -2.192611
v -1.885822 0.604290 -2.232240
v -2.040975 1.136037 -2.158273
v -2.020902 -0.048185 -2.239269
v -2.118666 0.068450 -2.233248
v -2.090764 0.734789 -2.113720
v -1.993001 0.618154 -2.119740
v -2.037694 0.795146 -2.109805
v -2.084044 0.498798 -2.440365
v -2.047817 0.455579 -2.442597
v -2.056211 1.165091 -2.320778
v -2.019849 1.121710 -2.323017
v -2.014119 1.085645 -2.198375
v -2.589611 0.216568 -1.258382
v -2.851387 0.479439 -1.347204
v -2.822020 0.229195 -1.400706
v -2.758528 0.738794 -1.543177
v -2.787894 0.989038 -1.489675
v -2.755245 0.922976 -1.529844
v -2.541327 0.661975 -1.428859
v -2.559578 0.817491 -1.395610
v -2.534531 0.658647 -1.381975
v -2.656912 1.012655 -1.523347
v -2.725548 0.587594 -1.237082
v -2.814070 0.636943 -1.278486
v -2.750577 1.146542 -1.420957
v -2.662056 1.097193 -1.379552
v -2.693016 1.159052 -1.428325
v -2.701615 -0.099435 -1.419572
v -2.668813 -0.117721 -1.404230
v -2.638207 0.410394 -1.562030
v -2.605283 0.392039 -1.546630
v -2.626792 0.853510 -1.514289
v -2.800148 0.117443 -0.338512
v -3.045165 -0.168271 -0.335525
v -3.063608 0.063882 -0.392084
v -3.135135 0.621923 -0.229038
v -3.116692 0.389769 -0.172479
v -3.124774 0.583384 -0.179078
v -2.902443 0.730914 -0.195531
v -2.890982 0.586640 -0.160382
v -2.862197 0.601544 -0.197069
v -3.055201 0.768429 -0.127838
v -2.878588 -0.243505 -0.277231
v -2.969670 -0.304278 -0.286292
v -3.041197 0.253762 -0.123246
v -2.950115 0.314535 -0.114185
v -3.008543 0.397331 -0.103453
v -2.994131 0.383585 -0.446363
v -2.960380 0.406105 -0.443005
v -3.065706 0.941402 -0.283279
v -3.031830 0.964006 -0.279909
v -3.026512 0.808066 -0.162948
v -2.709361 0.324125 0.703973
v -2.959566 0.093578 0.733079
v -2.972743 0.246248 0.659713
v -3.045903 0.966726 0.771016
v -3.032726 0.814055 0.844381
v -3.038280 0.987897 0.822110
v -2.811905 1.076854 0.791733
v -2.803716 0.981976 0.837326
v -2.772827 0.949141 0.800528
v -2.968470 1.211195 0.855311
v -2.795471 0.069690 0.793559
v -2.887467 0.014443 0.790845
v -2.960628 0.734920 0.902147
v -2.868631 0.790167 0.904862
v -2.926997 0.887619 0.908947
v -2.896473 0.471610 0.580364
v -2.862383 0.492082 0.581370
v -2.969686 1.191930 0.691722
v -2.935469 1.212478 0.692732
v -2.937462 1.203275 0.817984
v -2.326348 0.314602 1.918866
v -2.572830 0.349838 1.800212
v -2.520697 0.230803 1.734344
v -2.522915 1.002618 1.671253
v -2.575048 1.121653 1.737121
v -2.540415 1.160934 1.702275
v -2.334073 1.047038 1.820379
v -2.366472 1.121013 1.861313
v -2.328272 0.984153 1.864134
v -2.468332 1.364573 1.741111
v -2.480353 0.455159 1.941367
v -2.559317 0.446461 1.887061
v -2.561535 1.218276 1.823969
v -2.482570 1.226974 1.878276
v -2.514907 1.316159 1.832655
v -2.384290 0.106306 1.714414
v -2.355029 0.109530 1.734537
v -2.386603 0.878208 1.651336
v -2.357233 0.881444 1.671535
v -2.425850 1.240768 1.741006
v -1.467147 0.708848 2.637341
v -1.538761 -0.125659 2.525608
v -1.482512 -0.076896 2.466059
v -1.650908 0.407323 2.359959
v -1.707157 0.358561 2.419508
v -1.698630 0.476833 2.381966
v -1.622348 1.128437 2.498801
v -1.657304 1.098133 2.535809
v -1.613230 1.128910 2.545299
v -1.727801 0.869331 2.406502
v -1.555556 0.323151 2.655899
v -1.571137 0.032923 2.605203
v -1.739533 0.517142 2.499103
v -1.723952 0.807371 2.549798
v -1.747816 0.738609 2.500725
v -1.404205 0.264728 2.449623
v -1.398432 0.372273 2.468408
v -1.572656 0.748708 2.343534
v -1.566861 0.856655 2.362389
v -1.684801 0.921115 2.412244
v -0.478345 -0.048016 2.974798
v -0.730454 0.361022 2.878508
v -0.683565 0.357854 2.807322
v -0.652117 1.118958 2.860803
v -0.699005 1.122125 2.931988
v -0.662397 1.200653 2.908468
v -0.454847 0.752230 2.993172
v -0.483986 0.754199 3.037410
v -0.451064 0.612243 3.021193
v -0.578986 1.249889 2.969567
v -0.629029 0.119009 3.011897
v -0.710948 0.264980 2.964650
v -0.679500 1.026083 3.018130
v -0.597580 0.880112 3.065377
v -0.627322 1.061685 3.039225
v -0.550100 0.209915 2.774463
v -0.519745 0.155824 2.791971
v -0.518745 0.971122 2.827967
v -0.488276 0.916830 2.845540
v -0.541147 1.121751 2.952729
v 0.684449 0.019224 2.934616
v 0.432258 0.590848 2.885241
v 0.473807 0.649710 2.815164
v 0.531197 1.301771 2.919070
v 0.489648 1.242910 2.989147
v 0.526985 1.330860 2.970666
v 0.731959 0.748768 3.008434
v 0.706138 0.712188 3.051984
v 0.734235 0.584888 3.024754
v 0.617957 1.284731 3.028012
v 0.539404 0.185403 2.989308
v 0.456499 0.400732 2.959067
v 0.513889 1.052793 3.062972
v 0.596794 0.837465 3.093213
v 0.569512 1.046974 3.082947
v 0.602278 0.502520 2.766722
v 0.632999 0.422729 2.777928
v 0.659578 1.154684 2.870662
v 0.690414 1.074595 2.881910
v 0.651369 1.169596 3.000944
v 1.694999 0.360803 2.631566
v 1.589950 0.547294 2.383234
v 1.653903 0.710330 2.380054
v 1.512992 1.392229 2.460068
v 1.449038 1.229193 2.463248
v 1.466088 1.386380 2.481831
v 1.566763 1.119756 2.685979
v 1.527018 1.018436 2.687955
v 1.572757 0.952352 2.700978
v 1.453406 1.456240 2.586617
v 1.585025 0.262217 2.535584
v 1.558847 0.358231 2.446049
v 1.417935 1.040130 2.526063
v 1.444113 0.944115 2.615598
v 1.419992 1.113155 2.581839
v 1.751311 0.797651 2.465068
v 1.761011 0.762073 2.498245
v 1.610330 1.479489 2.545022
v 1.620067 1.443778 2.578324
v 1.499328 1.410673 2.603707
v 2.493003 0.468276 1.876665
v 2.363489 0.393194 1.640294
v 2.411480 0.603617 1.618826
v 2.244432 1.231595 1.684633
v 2.196441 1.021172 1.706101
v 2.203500 1.204767 1.713626
v 2.330475 1.164606 1.911465
v 2.300651 1.033837 1.924807
v 2.348088 1.013048 1.933752
v 2.196099 1.340110 1.814750
v 2.390199 0.214690 1.804898
v 2.352397 0.225484 1.716372
v 2.185349 0.853462 1.782179
v 2.223151 0.842668 1.870705
v 2.187188 0.968156 1.832796
v 2.502537 0.828227 1.682392
v 2.516544 0.824227 1.715196
v 2.335425 1.456048 1.748155
v 2.349485 1.452033 1.781080
v 2.242716 1.342871 1.826607
v 2.961173 0.655318 0.965014
v 2.887948 0.205731 0.737628
v 2.935941 0.393915 0.703020
v 2.752233 1.001682 0.688686
v 2.704240 0.813498 0.723294
v 2.706928 0.998891 0.713995
v 2.787529 1.286549 0.915828
v 2.757704 1.169600 0.937336
v 2.801805 1.182557 0.952579
v 2.676294 1.261265 0.795122
v 2.880889 0.275514 0.910801
v 2.863253 0.148158 0.823141
v 2.679544 0.755925 0.808806
v 2.697181 0.883281 0.896466
v 2.668914 0.933615 0.845628
v 3.007052 0.730319 0.751039
v 3.013587 0.777512 0.783522
v 2.823294 1.337851 0.736671
v 2.829853 1.385219 0.769275
v 2.718659 1.299937 0.810810
v 3.070194 0.227042 -0.240177
v 2.804090 0.540155 -0.312060
v 2.840827 0.501596 -0.389509
v 2.864563 1.290825 -0.379358
v 2.827825 1.329383 -0.301909
v 2.859146 1.398341 -0.334907
v 3.080947 1.033227 -0.264985
v 3.058116 1.057190 -0.216853
v 3.090784 0.911700 -0.231371
v 2.947579 1.494661 -0.291443
v 2.924695 0.393284 -0.186659
v 2.835944 0.498550 -0.226284
v 2.859679 1.287779 -0.216133
v 2.948430 1.182513 -0.176508
v 2.912714 1.342696 -0.205954
v 2.969700 0.354350 -0.436912
v 3.002588 0.315344 -0.422229
v 2.993345 1.143682 -0.426728
v 3.026355 1.104530 -0.411990
v 2.984720 1.363166 -0.308065
v 2.785317 0.683146 -1.200445
v 2.626013 0.271627 -1.373272
v 2.682615 0.344340 -1.429089
v 2.549036 1.093329 -1.452147
v 2.492433 1.020616 -1.396330
v 2.509062 1.166962 -1.419103
v 2.656425 1.417783 -1.260615
v 2.621248 1.372595 -1.225927
v 2.669437 1.332896 -1.220447
v 2.518195 1.475855 -1.354138
v 2.661446 0.441246 -1.210297
v 2.614514 0.306844 -1.282211
v 2.480934 1.055833 -1.305269
v 2.527866 1.190235 -1.233355
v 2.493366 1.240748 -1.280606
v 2.792332 0.558599 -1.420362
v 2.809723 0.608402 -1.393714
v 2.658676 1.307438 -1.443426
v 2.676132 1.357427 -1.416679
v 2.566958 1.460319 -1.349751
v 2.162847 0.421971 -2.143548
v 1.956243 0.253436 -2.303783
v 1.991807 0.435127 -2.355279
v 1.856205 1.117897 -2.268927
v 1.820640 0.936206 -2.217430
v 1.828815 1.116708 -2.224768
v 2.019700 1.153547 -2.091512
v 1.997598 1.040634 -2.059510
v 2.045212 1.014276 -2.068636
v 1.858014 1.303445 -2.138042
v 2.042401 0.161517 -2.152951
v 1.974755 0.133685 -2.219580
v 1.839153 0.816455 -2.133227
v 1.906798 0.844288 -2.066598
v 1.858640 0.954199 -2.094913
v 2.098490 0.665819 -2.346950
v 2.123557 0.676133 -2.322261
v 1.962813 1.348428 -2.260603
v 1.987973 1.358781 -2.235821
v 1.905778 1.301672 -2.145658
v 1.191692 0.904445 -2.733347
v 1.020310 0.249924 -2.758417
v 1.021643 0.335206 -2.839435
v 0.845026 0.960452 -2.798839
v 0.843693 0.875170 -2.717821
v 0.828826 1.021619 -2.750552
v 0.998676 1.495932 -2.724384
v 0.997848 1.442933 -2.674035
v 1.038476 1.446848 -2.698130
v 0.843257 1.379912 -2.714732
v 1.121704 0.551965 -2.657306
v 1.060545 0.332758 -2.680800
v 0.883928 0.958005 -2.640204
v 0.945087 1.177211 -2.616710
v 0.889395 1.169393 -2.634240
v 1.083633 0.647408 -2.906786
v 1.106296 0.728637 -2.898081
v 0.906973 1.272437 -2.866144
v 0.929720 1.353968 -2.857405
v 0.881417 1.407863 -2.740798
vn 0.6959 0.1379 0.7048
vn 0.7058 0.0367 0.7075
vn -0.7007 0.1968 -0.6858
vn 0.6959 0.1513 -0.7020
vn 0.7058 0.0502 -0.7067
vn -0.0000 0.0096 -1.0000
vn 0.9981 0.0615 0.0006
vn -0.0309 0.3540 -0.9347
vn 0.9294 0.3690 0.0008
vn -0.7058 -0.0502 0.7067
vn -0.7786 0.3689 0.5076
vn 0.0615 -0.9981 -0.0096
vn -0.9981 -0.0615 -0.0006
vn -0.0000 -0.0096 1.0000
vn -0.9606 0.2778 0.0027
vn -0.0081 0.3119 0.9501
vn -0.7610 0.3770 -0.5279
vn -0.6874 0.3704 -0.6248
vn -0.8194 0.1640 -0.5493
vn 0.8996 0.0628 0.4322
vn -0.1998 0.1057 0.9741
vn -0.4402 0.0113 0.8978
vn 0.1618 -0.0887 0.9828
vn -0.9177 0.1196 0.3789
vn 0.6560 0.1570 0.7382
vn 0.0022 0.6040 0.7970
vn 0.4403 -0.0112 -0.8978
vn 0.9340 0.2164 -0.2841
vn -0.9075 -0.3472 -0.2362
vn 0.9177 -0.1196 -0.3789
vn -0.1618 0.0887 -0.9828
vn 0.9889 0.1359 -0.0608
vn 0.6094 0.3759 -0.6981
vn 0.9422 0.1486 0.3002
vn -0.9483 0.1342 0.2876
vn -0.9980 0.0321 0.0542
vn 0.9373 0.1337 0.3219
vn -0.0077 -0.0580 0.9983
vn -0.1416 -0.1690 0.9754
vn 0.7059 -0.1536 0.6914
vn -0.7600 -0.0838 0.6445
vn 0.6129 0.1149 0.7817
vn -0.2821 0.1441 0.9485
vn 0.1417 0.1691 -0.9753
vn 0.8402 0.5389 0.0609
vn -0.4697 -0.3519 -0.8097
vn 0.7600 0.0838 -0.6445
vn -0.7059 0.1536 -0.6914
vn 0.9476 0.3160 0.0479
vn -0.4324 0.8748 0.2185
vn 0.8762 0.2289 0.4242
vn -0.7214 0.0628 -0.6896
vn -0.8978 -0.0112 -0.4403
vn 0.9808 0.1433 -0.1320
vn -0.0310 0.6092 0.7924
vn -0.2679 0.2902 0.9187
vn 0.5588 0.1580 0.8141
vn -0.9745 0.1642 0.1529
vn 0.9234 0.3445 -0.1695
vn -0.2775 0.4403 -0.8539
vn 0.2680 -0.2900 -0.9187
vn 0.5402 0.0764 -0.8381
vn -0.5167 -0.2366 0.8228
vn 0.9745 -0.1642 -0.1529
vn -0.5588 -0.1580 -0.8141
vn 0.7882 0.0795 -0.6103
vn 0.0160 0.0663 -0.9977
vn 0.8787 0.1694 -0.4463
vn -0.9836 -0.0350 0.1769
vn -0.9908 -0.1007 -0.0901
vn 0.7232 0.2172 0.6556
vn -0.0088 -0.1346 0.9909
vn 0.0844 -0.2695 0.9593
vn 0.7987 -0.0722 0.5974
vn -0.8091 -0.2580 0.5280
vn 0.3011 0.0982 0.9485
vn -0.5510 -0.0050 0.8345
vn -0.0845 0.2696 -0.9593
vn -0.2282 0.6145 0.7552
vn 0.2360 -0.2123 -0.9483
vn 0.8091 0.2580 -0.5280
vn -0.7987 0.0722 -0.5974
vn 0.5073 0.5281 0.6810
vn -0.9026 0.2508 0.3499
vn 0.4458 0.2827 0.8493
vn -0.9882 -0.0120 0.1524
vn -0.9950 -0.0973 -0.0239
vn 0.8445 0.2894 0.4506
vn -0.0032 -0.0438 0.9990
vn 0.0589 -0.1466 0.9874
vn 0.7548 -0.0246 0.6555
vn -0.7261 -0.1764 0.6646
vn 0.3763 0.1958 0.9056
vn -0.5713 0.0739 0.8174
vn -0.0589 0.1467 -0.9874
vn -0.2085 0.9774 -0.0346
vn 0.2654 -0.3989 -0.8777
vn 0.7261 0.1764 -0.6646
vn -0.7548 0.0246 -0.6555
vn 0.7146 0.6967 0.0626
vn -0.9513 0.3078 -0.0188
vn 0.6350 0.4393 0.6354
vn -0.7364 0.0508 -0.6746
vn -0.8240 -0.0485 -0.5645
vn 0.9294 0.2647 0.2572
vn -0.5700 0.2009 0.7967
vn -0.5703 0.0653 0.8188
vn 0.2154 0.0802 0.9732
vn -0.9895 0.0089 0.1440
vn 0.5912 0.5379 0.6010
vn -0.8663 0.3970 -0.3032
vn 0.5703 -0.0652 -0.8188
vn 0.6265 0.2504 -0.7381
vn -0.4205 -0.5733 0.7032
vn 0.9895 -0.0089 -0.1440
vn -0.2154 -0.0802 -0.9732
vn 0.8773 0.2471 -0.4114
vn 0.0181 0.1868 -0.9822
vn 0.9252 0.3688 -0.0895
vn -0.6291 -0.1936 -0.7528
vn -0.5198 -0.3514 -0.7787
vn -0.5846 0.8043 0.1064
vn -0.8778 -0.0363 0.4777
vn -0.6976 -0.0868 0.7112
vn -0.2824 0.1106 0.9529
vn -0.9398 -0.2858 0.1872
vn -0.9649 0.2307 0.1257
vn -0.9532 -0.0433 -0.2993
vn 0.6974 0.0868 -0.7114
vn -0.2418 0.2194 -0.9452
vn 0.7768 -0.1486 0.6120
vn 0.9398 0.2858 -0.1872
vn 0.2824 -0.1106 -0.9529
vn -0.1496 0.4190 -0.8956
vn -0.3586 0.0343 -0.9329
vn -0.7089 0.4744 -0.5219
vn -0.8111 0.2152 -0.5438
vn -0.8314 0.0731 -0.5509
vn 0.8306 0.1308 0.5413
vn -0.4111 0.0636 0.9094
vn -0.5469 -0.0362 0.8364
vn 0.1584 -0.0757 0.9845
vn -0.9693 0.0228 0.2449
vn 0.4470 0.2032 0.8711
vn -0.6382 0.4360 0.6345
vn 0.5470 0.0363 -0.8364
vn 0.9080 0.3390 -0.2462
vn -0.7119 -0.5435 -0.4447
vn 0.9693 -0.0228 -0.2449
vn -0.1584 0.0757 -0.9845
vn 0.9722 0.2312 0.0376
vn 0.3277 0.4887 -0.8086
vn 0.8643 0.2367 0.4437
vn -0.9072 0.3304 -0.2603
vn -0.8997 0.1448 -0.4118
vn 0.8329 0.0663 0.5495
vn -0.3378 0.0021 0.9412
vn -0.5333 -0.0871 0.8414
vn 0.1715 -0.1697 0.9705
vn -0.9303 0.0235 0.3661
vn 0.4609 0.1066 0.8810
vn -0.3487 0.2991 0.8882
vn 0.5334 0.0872 -0.8413
vn 0.9502 0.3107 0.0243
vn -0.6508 -0.3455 -0.6761
vn 0.9303 -0.0235 -0.3661
vn -0.1715 0.1697 -0.9705
vn 0.9678 0.1883 0.1672
vn 0.6187 0.6845 -0.3856
vn 0.8362 0.1587 0.5249
vn -0.4315 0.1519 -0.8892
vn -0.2222 0.0682 -0.9726
vn -0.1610 0.0824 0.9835
vn -0.9792 -0.1050 0.1736
vn -0.9760 -0.2089 0.0614
vn -0.5319 -0.2063 0.8213
vn -0.7684 -0.0844 -0.6344
vn -0.6787 0.0538 0.7325
vn -0.9821 0.1096 -0.1531
vn 0.9760 0.2090 -0.0613
vn 0.0831 0.5656 0.8205
vn 0.7680 -0.3122 -0.5593
vn 0.7684 0.0844 0.6344
vn 0.5319 0.2063 -0.8213
vn 0.1183 0.2955 0.9480
vn -0.2801 0.7970 -0.5350
vn -0.2846 0.1821 0.9412
vn -0.6012 0.0558 -0.7971
vn -0.3861 -0.0060 -0.9224
vn -0.1286 0.1296 0.9832
vn -0.9157 -0.1498 0.3728
vn -0.8959 -0.2749 0.3490
vn -0.2529 -0.1671 0.9529
vn -0.8466 -0.1724 -0.5035
vn -0.6465 0.0505 0.7612
vn -0.9966 0.0300 -0.0769
vn 0.8959 0.2750 -0.3490
vn -0.4019 0.7207 0.5648
vn 0.8812 -0.2424 -0.4058
vn 0.8466 0.1724 0.5035
vn 0.2529 0.1671 -0.9529
vn -0.0365 0.4148 0.9092
vn -0.6654 0.4329 -0.6082
vn -0.3651 0.2191 0.9048
vn -0.4856 -0.0368 -0.8734
vn -0.2749 -0.1056 -0.9556
vn -0.3829 0.2606 0.8863
vn -0.9163 -0.1331 0.3777
vn -0.8259 -0.2376 0.5113
vn -0.3073 -0.0705 0.9490
vn -0.8610 -0.2704 -0.4307
vn -0.8315 0.1005 0.5463
vn -0.9592 -0.0112 -0.2826
vn 0.8258 0.2377 -0.5114
vn -0.5897 0.6235 -0.5134
vn 0.9663 -0.2227 0.1291
vn 0.8610 0.2704 0.4307
vn 0.3073 0.0705 -0.9490
vn -0.4582 0.7930 0.4016
vn -0.4636 0.2166 -0.8591
vn -0.7229 0.3575 0.5913
vn -0.8595 0.1577 -0.4862
vn -0.8966 0.0326 -0.4416
vn 0.9204 0.1716 0.3512
vn -0.2948 0.1088 0.9493
vn -0.4072 0.0005 0.9133
vn 0.3230 -0.0219 0.9461
vn -0.9334 0.0235 0.3580
vn 0.6012 0.2776 0.7494
vn -0.7038 0.4975 0.5071
vn 0.4073 -0.0004 -0.9133
vn 0.7742 0.3243 -0.5435
vn -0.7576 -0.6518 -0.0348
vn 0.9334 -0.0235 -0.3580
vn -0.3230 0.0219 -0.9461
vn 0.9417 0.2445 -0.2311
vn 0.0701 0.3708 -0.9260
vn 0.9398 0.2826 0.1919
vn -0.6768 -0.0375 -0.7352
vn -0.6048 -0.1320 -0.7853
vn 0.2698 0.4453 0.8537
vn -0.8183 -0.0216 0.5744
vn -0.7271 -0.1088 0.6779
vn -0.1030 0.0122 0.9946
vn -0.9826 -0.1770 -0.0556
vn -0.6131 0.2900 0.7348
vn -0.9858 0.0733 -0.1508
vn 0.7270 0.1089 -0.6779
vn 0.0949 0.5609 -0.8225
vn 0.8498 -0.4466 0.2800
vn 0.9826 0.1770 0.0556
vn 0.1030 -0.0122 -0.9946
vn 0.5919 0.7741 -0.2246
vn -0.3433 0.2070 -0.9161
vn -0.0673 0.8000 0.5963
vn -0.8499 0.0171 -0.5267
vn -0.7195 -0.0554 -0.6922
vn 0.2935 0.2071 0.9333
vn -0.6748 -0.1076 0.7301
vn -0.6371 -0.2200 0.7387
vn 0.1348 -0.0979 0.9860
vn -0.9808 -0.1882 -0.0520
vn -0.3111 0.1138 0.9435
vn -0.9607 0.0428 0.2742
vn 0.6371 0.2201 -0.7387
vn -0.1794 0.9391 0.2930
vn 0.7286 -0.3150 -0.6082
vn 0.9808 0.1882 0.0520
vn -0.1348 0.0979 -0.9860
vn 0.3962 0.5683 0.7211
vn -0.7753 0.3691 -0.5125
vn 0.0255 0.3214 0.9466
vn -0.9783 -0.1346 -0.1577
vn -0.9302 -0.2450 -0.2732
vn 0.3434 0.6441 0.6836
vn -0.2977 -0.0192 0.9545
vn -0.0748 -0.0856 0.9935
vn 0.5021 0.0860 0.8605
vn -0.7271 -0.2470 0.6405
vn -0.3394 0.2658 0.9023
vn -0.8866 -0.0006 0.4625
vn 0.0746 0.0857 -0.9935
vn -0.7732 0.3460 -0.5315
vn 0.9425 -0.2378 -0.2348
vn 0.7271 0.2470 -0.6405
vn -0.5021 -0.0860 -0.8605
vn -0.4640 0.7152 -0.5227
vn -0.8994 0.0823 -0.4294
vn -0.4989 0.7097 0.4973
vt 0.625000 0.818396
vt 0.625000 0.712132
vt 0.625000 0.807147
vt 0.352201 0.795597
vt 0.375000 0.681604
vt 0.625000 0.207495
vt 0.625000 0.271253
vt 0.591876 0.250000
vt 0.625000 0.567731
vt 0.625000 0.414770
vt 0.625000 0.532298
vt 0.375000 0.577311
vt 0.349230 0.448459
vt 0.375000 0.250000
vt 0.625000 0.500000
vt 0.625000 0.764441
vt 0.375000 0.000000
vt 0.625000 0.011292
vt 0.625000 0.028755
vt 0.375000 0.028648
vt 0.625000 0.220236
vt 0.625000 0.207495
vt 0.125000 0.500000
vt 0.160841 0.757193
vt 0.125000 0.721352
vt 0.625000 0.971245
vt 0.371404 0.967755
vt 0.625000 0.966037
vt 0.625000 0.250000
s 0
usemtl Material.001
f 586/705/598 587/706/598 588/707/598
f 586/705/599 585/708/599 584/709/599 587/706/599
f 589/710/600 590/711/600 591/712/600
f 595/713/601 596/714/601 597/715/601
f 595/713/602 594/716/602 593/717/602 596/714/602
f 583/718/603 591/712/603 590/711/603 596/714/603 593/717/603
f 594/716/604 595/713/604 587/706/604 584/709/604
f 597/715/605 596/714/605 590/711/605 592/719/605
f 588/707/606 587/706/606 595/713/606 597/715/606 592/720/606
f 598/721/607 600/722/607 601/723/607 599/724/607
f 600/722/608 592/725/608 602/726/608 601/723/608
f 583/727/609 593/717/609 594/716/609 584/709/609 585/708/609 598/728/609 599/729/609
f 599/724/610 601/723/610 589/710/610 591/712/610 583/718/610
f 585/708/611 586/705/611 600/730/611 598/731/611
f 589/710/612 601/723/612 602/726/612
f 600/730/613 586/705/613 588/707/613 592/732/613
f 592/733/614 590/711/614 589/710/614 602/726/614
f 606/705/615 607/706/615 608/707/615
f 606/705/616 605/708/616 604/709/616 607/706/616
f 609/710/617 610/711/617 611/712/617
f 615/713/618 616/714/618 617/715/618
f 615/713/619 614/716/619 613/717/619 616/714/619
f 603/718/620 611/712/620 610/711/620 616/714/620 613/717/620
f 614/716/621 615/713/621 607/706/621 604/709/621
f 617/715/622 616/714/622 610/711/622 612/719/622
f 608/707/623 607/706/623 615/713/623 617/715/623 612/720/623
f 618/721/624 620/722/624 621/723/624 619/724/624
f 620/722/625 612/725/625 622/726/625 621/723/625
f 603/727/626 613/717/626 614/716/626 604/709/626 605/708/626 618/728/626 619/729/626
f 619/724/627 621/723/627 609/710/627 611/712/627 603/718/627
f 605/708/628 606/705/628 620/730/628 618/731/628
f 609/710/629 621/723/629 622/726/629
f 620/730/630 606/705/630 608/707/630 612/732/630
f 612/733/631 610/711/631 609/710/631 622/726/631
f 626/705/632 627/706/632 628/707/632
f 626/705/633 625/708/633 624/709/633 627/706/633
f 629/710/634 630/711/634 631/712/634
f 635/713/635 636/714/635 637/715/635
f 635/713/636 634/716/636 633/717/636 636/714/636
f 623/718/637 631/712/637 630/711/637 636/714/637 633/717/637
f 634/716/638 635/713/638 627/706/638 624/709/638
f 637/715/639 636/714/639 630/711/639 632/719/639
f 628/707/640 627/706/640 635/713/640 637/715/640 632/720/640
f 638/721/641 640/722/641 641/723/641 639/724/641
f 640/722/642 632/725/642 642/726/642 641/723/642
f 623/727/643 633/717/643 634/716/643 624/709/643 625/708/643 638/728/643 639/729/643
f 639/724/644 641/723/644 629/710/644 631/712/644 623/718/644
f 625/708/645 626/705/645 640/730/645 638/731/645
f 629/710/646 641/723/646 642/726/646
f 640/730/647 626/705/647 628/707/647 632/732/647
f 632/733/648 630/711/648 629/710/648 642/726/648
f 646/705/649 647/706/649 648/707/649
f 646/705/650 645/708/650 644/709/650 647/706/650
f 649/710/651 650/711/651 651/712/651
f 655/713/652 656/714/652 657/715/652
f 655/713/653 654/716/653 653/717/653 656/714/653
f 643/718/654 651/712/654 650/711/654 656/714/654 653/717/654
f 654/716/655 655/713/655 647/706/655 644/709/655
f 657/715/656 656/714/656 650/711/656 652/719/656
f 648/707/657 647/706/657 655/713/657 657/715/657 652/720/657
f 658/721/658 660/722/658 661/723/658 659/724/658
f 660/722/659 652/725/659 662/726/659 661/723/659
f 643/727/660 653/717/660 654/716/660 644/709/660 645/708/660 658/728/660 659/729/660
f 659/724/661 661/723/661 649/710/661 651/712/661 643/718/661
f 645/708/662 646/705/662 660/730/662 658/731/662
f 649/710/663 661/723/663 662/726/663
f 660/730/664 646/705/664 648/707/664 652/732/664
f 652/733/665 650/711/665 649/710/665 662/726/665
f 666/705/666 667/706/666 668/707/666
f 666/705/667 665/708/667 664/709/667 667/706/667
f 669/710/668 670/711/668 671/712/668
f 675/713/669 676/714/669 677/715/669
f 675/713/670 674/716/670 673/717/670 676/714/670
f 663/718/671 671/712/671 670/711/671 676/714/671 673/717/671
f 674/716/672 675/713/672 667/706/672 664/709/672
f 677/715/673 676/714/673 670/711/673 672/719/673
f 668/707/674 667/706/674 675/713/674 677/715/674 672/720/674
f 678/721/675 680/722/675 681/723/675 679/724/675
f 680/722/676 672/725/676 682/726/676 681/723/676
f 663/727/677 673/717/677 674/716/677 664/709/677 665/708/677 678/728/677 679/729/677
f 679/724/678 681/723/678 669/710/678 671/712/678 663/718/678
f 665/708/679 666/705/679 680/730/679 678/731/679
f 669/710/680 681/723/680 682/726/680
f 680/730/681 666/705/681 668/707/681 672/732/681
f 672/733/682 670/711/682 669/710/682 682/726/682
f 686/705/683 687/706/683 688/707/683
f 686/705/684 685/708/684 684/709/684 687/706/684
f 689/710/685 690/711/685 691/712/685
f 695/713/686 696/714/686 697/715/686
f 695/713/687 694/716/687 693/717/687 696/714/687
f 683/718/688 691/712/688 690/711/688 696/714/688 693/717/688
f 694/716/689 695/713/689 687/706/689 684/709/689
f 697/715/690 696/714/690 690/711/690 692/719/690
f 688/707/691 687/706/691 695/713/691 697/715/691 692/720/691
f 698/721/692 700/722/692 701/723/692 699/724/692
f 700/722/693 692/725/693 702/726/693 701/723/693
f 683/727/694 693/717/694 694/716/694 684/709/694 685/708/694 698/728/694 699/729/694
f 699/724/695 701/723/695 689/710/695 691/712/695 683/718/695
f 685/708/696 686/705/696 700/730/696 698/731/696
f 689/710/697 701/723/697 702/726/697
f 700/730/698 686/705/698 688/707/698 692/732/698
f 692/733/699 690/711/699 689/710/699 702/726/699
f 706/705/700 707/706/700 708/707/700
f 706/705/701 705/708/701 704/709/701 707/706/701
f 709/710/702 710/711/702 711/712/702
f 715/713/703 716/714/703 717/715/703
f 715/713/704 714/716/704 713/717/704 716/714/704
f 703/718/705 711/712/705 710/711/705 716/714/705 713/717/705
f 714/716/706 715/713/706 707/706/706 704/709/706
f 717/715/707 716/714/707 710/711/707 712/719/707
f 708/707/708 707/706/708 715/713/708 717/715/708 712/720/708
f 718/721/709 720/722/709 721/723/709 719/724/709
f 720/722/710 712/725/710 722/726/710 721/723/710
f 703/727/711 713/717/711 714/716/711 704/709/711 705/708/711 718/728/711 719/729/711
f 719/724/712 721/723/712 709/710/712 711/712/712 703/718/712
f 705/708/713 706/705/713 720/730/713 718/731/713
f 709/710/714 721/723/714 722/726/714
f 720/730/715 706/705/715 708/707/715 712/732/715
f 712/733/716 710/711/716 709/710/716 722/726/716
f 726/705/717 727/706/717 728/707/717
f 726/705/718 725/708/718 724/709/718 727/706/718
f 729/710/719 730/711/719 731/712/719
f 735/713/720 736/714/720 737/715/720
f 735/713/721 734/716/721 733/717/721 736/714/721
f 723/718/722 731/712/722 730/711/722 736/714/722 733/717/722
f 734/716/723 735/713/723 727/706/723 724/709/723
f 737/715/724 736/714/724 730/711/724 732/719/724
f 728/707/725 727/706/725 735/713/725 737/715/725 732/720/725
f 738/721/726 740/722/726 741/723/726 739/724/726
f 740/722/727 732/725/727 742/726/727 741/723/727
f 723/727/728 733/717/728 734/716/728 724/709/728 725/708/728 738/728/728 739/729/728
f 739/724/729 741/723/729 729/710/729 731/712/729 723/718/729
f 725/708/730 726/705/730 740/730/730 738/731/730
f 729/710/731 741/723/731 742/726/731
f 740/730/732 726/705/732 728/707/732 732/732/732
f 732/733/733 730/711/733 729/710/733 742/726/733
f 746/705/734 747/706/734 748/707/734
f 746/705/735 745/708/735 744/709/735 747/706/735
f 749/710/736 750/711/736 751/712/736
f 755/713/737 756/714/737 757/715/737
f 755/713/738 754/716/738 753/717/738 756/714/738
f 743/718/739 751/712/739 750/711/739 756/714/739 753/717/739
f 754/716/740 755/713/740 747/706/740 744/709/740
f 757/715/741 756/714/741 750/711/741 752/719/741
f 748/707/742 747/706/742 755/713/742 757/715/742 752/720/742
f 758/721/743 760/722/743 761/723/743 759/724/743
f 760/722/744 752/725/744 762/726/744 761/723/744
f 743/727/745 753/717/745 754/716/745 744/709/745 745/708/745 758/728/745 759/729/745
f 759/724/746 761/723/746 749/710/746 751/712/746 743/718/746
f 745/708/747 746/705/747 760/730/747 758/731/747
f 749/710/748 761/723/748 762/726/748
f 760/730/749 746/705/749 748/707/749 752/732/749
f 752/733/750 750/711/750 749/710/750 762/726/750
f 766/705/751 767/706/751 768/707/751
f 766/705/752 765/708/752 764/709/752 767/706/752
f 769/710/753 770/711/753 771/712/753
f 775/713/754 776/714/754 777/715/754
f 775/713/755 774/716/755 773/717/755 776/714/755
f 763/718/756 771/712/756 770/711/756 776/714/756 773/717/756
f 774/716/757 775/713/757 767/706/757 764/709/757
f 777/715/758 776/714/758 770/711/758 772/719/758
f 768/707/759 767/706/759 775/713/759 777/715/759 772/720/759
f 778/721/760 780/722/760 781/723/760 779/724/760
f 780/722/761 772/725/761 782/726/761 781/723/761
f 763/727/762 773/717/762 774/716/762 764/709/762 765/708/762 778/728/762 779/729/762
f 779/724/763 781/723/763 769/710/763 771/712/763 763/718/763
f 765/708/764 766/705/764 780/730/764 778/731/764
f 769/710/765 781/723/765 782/726/765
f 780/730/766 766/705/766 768/707/766 772/732/766
f 772/733/767 770/711/767 769/710/767 782/726/767
f 786/705/768 787/706/768 788/707/768
f 786/705/769 785/708/769 784/709/769 787/706/769
f 789/710/770 790/711/770 791/712/770
f 795/713/771 796/714/771 797/715/771
f 795/713/772 794/716/772 793/717/772 796/714/772
f 783/718/773 791/712/773 790/711/773 796/714/773 793/717/773
f 794/716/774 795/713/774 787/706/774 784/709/774
f 797/715/775 796/714/775 790/711/775 792/719/775
f 788/707/776 787/706/776 795/713/776 797/715/776 792/720/776
f 798/721/777 800/722/777 801/723/777 799/724/777
f 800/722/778 792/725/778 802/726/778 801/723/778
f 783/727/779 793/717/779 794/716/779 784/709/779 785/708/779 798/728/779 799/729/779
f 799/724/780 801/723/780 789/710/780 791/712/780 783/718/780
f 785/708/781 786/705/781 800/730/781 798/731/781
f 789/710/782 801/723/782 802/726/782
f 800/730/783 786/705/783 788/707/783 792/732/783
f 792/733/784 790/711/784 789/710/784 802/726/784
f 806/705/785 807/706/785 808/707/785
f 806/705/786 805/708/786 804/709/786 807/706/786
f 809/710/787 810/711/787 811/712/787
f 815/713/788 816/714/788 817/715/788
f 815/713/789 814/716/789 813/717/789 816/714/789
f 803/718/790 811/712/790 810/711/790 816/714/790 813/717/790
f 814/716/791 815/713/791 807/706/791 804/709/791
f 817/715/792 816/714/792 810/711/792 812/719/792
f 808/707/793 807/706/793 815/713/793 817/715/793 812/720/793
f 818/721/794 820/722/794 821/723/794 819/724/794
f 820/722/795 812/725/795 822/726/795 821/723/795
f 803/727/796 813/717/796 814/716/796 804/709/796 805/708/796 818/728/796 819/729/796
f 819/724/797 821/723/797 809/710/797 811/712/797 803/718/797
f 805/708/798 806/705/798 820/730/798 818/731/798
f 809/710/799 821/723/799 822/726/799
f 820/730/800 806/705/800 808/707/800 812/732/800
f 812/733/801 810/711/801 809/710/801 822/726/801
f 826/705/802 827/706/802 828/707/802
f 826/705/803 825/708/803 824/709/803 827/706/803
f 829/710/804 830/711/804 831/712/804
f 835/713/805 836/714/805 837/715/805
f 835/713/806 834/716/806 833/717/806 836/714/806
f 823/718/807 831/712/807 830/711/807 836/714/807 833/717/807
f 834/716/808 835/713/808 827/706/808 824/709/808
f 837/715/809 836/714/809 830/711/809 832/719/809
f 828/707/810 827/706/810 835/713/810 837/715/810 832/720/810
f 838/721/811 840/722/811 841/723/811 839/724/811
f 840/722/812 832/725/812 842/726/812 841/723/812
f 823/727/813 833/717/813 834/716/813 824/709/813 825/708/813 838/728/813 839/729/813
f 839/724/814 841/723/814 829/710/814 831/712/814 823/718/814
f 825/708/815 826/705/815 840/730/815 838/731/815
f 829/710/816 841/723/816 842/726/816
f 840/730/817 826/705/817 828/707/817 832/732/817
f 832/733/818 830/711/818 829/710/818 842/726/818
f 846/705/819 847/706/819 848/707/819
f 846/705/820 845/708/820 844/709/820 847/706/820
f 849/710/821 850/711/821 851/712/821
f 855/713/822 856/714/822 857/715/822
f 855/713/823 854/716/823 853/717/823 856/714/823
f 843/718/824 851/712/824 850/711/824 856/714/824 853/717/824
f 854/716/825 855/713/825 847/706/825 844/709/825
f 857/715/826 856/714/826 850/711/826 852/719/826
f 848/707/827 847/706/827 855/713/827 857/715/827 852/720/827
f 858/721/828 860/722/828 861/723/828 859/724/828
f 860/722/829 852/725/829 862/726/829 861/723/829
f 843/727/830 853/717/830 854/716/830 844/709/830 845/708/830 858/728/830 859/729/830
f 859/724/831 861/723/831 849/710/831 851/712/831 843/718/831
f 845/708/832 846/705/832 860/730/832 858/731/832
f 849/710/833 861/723/833 862/726/833
f 860/730/834 846/705/834 848/707/834 852/732/834
f 852/733/835 850/711/835 849/710/835 862/726/835
f 866/705/836 867/706/836 868/707/836
f 866/705/837 865/708/837 864/709/837 867/706/837
f 869/710/838 870/711/838 871/712/838
f 875/713/839 876/714/839 877/715/839
f 875/713/840 874/716/840 873/717/840 876/714/840
f 863/718/841 871/712/841 870/711/841 876/714/841 873/717/841
f 874/716/842 875/713/842 867/706/842 864/709/842
f 877/715/843 876/714/843 870/711/843 872/719/843
f 868/707/844 867/706/844 875/713/844 877/715/844 872/720/844
f 878/721/845 880/722/845 881/723/845 879/724/845
f 880/722/846 872/725/846 882/726/846 881/723/846
f 863/727/847 873/717/847 874/716/847 864/709/847 865/708/847 878/728/847 879/729/847
f 879/724/848 881/723/848 869/710/848 871/712/848 863/718/848
f 865/708/849 866/705/849 880/730/849 878/731/849
f 869/710/850 881/723/850 882/726/850
f 880/730/851 866/705/851 868/707/851 872/732/851
f 872/733/852 870/711/852 869/710/852 882/726/852
f 886/705/853 887/706/853 888/707/853
f 886/705/854 885/708/854 884/709/854 887/706/854
f 889/710/855 890/711/855 891/712/855
f 895/713/856 896/714/856 897/715/856
f 895/713/857 894/716/857 893/717/857 896/714/857
f 883/718/858 891/712/858 890/711/858 896/714/858 893/717/858
f 894/716/859 895/713/859 887/706/859 884/709/859
f 897/715/860 896/714/860 890/711/860 892/719/860
f 888/707/861 887/706/861 895/713/861 897/715/861 892/720/861
f 898/721/862 900/722/862 901/723/862 899/724/862
f 900/722/863 892/725/863 902/726/863 901/723/863
f 883/727/864 893/717/864 894/716/864 884/709/864 885/708/864 898/728/864 899/729/864
f 899/724/865 901/723/865 889/710/865 891/712/865 883/718/865
f 885/708/866 886/705/866 900/730/866 898/731/866
f 889/710/867 901/723/867 902/726/867
f 900/730/868 886/705/868 888/707/868 892/732/868
f 892/733/869 890/711/869 889/710/869 902/726/869
f 906/705/870 907/706/870 908/707/870
f 906/705/871 905/708/871 904/709/871 907/706/871
f 909/710/872 910/711/872 911/712/872
f 915/713/873 916/714/873 917/715/873
f 915/713/874 914/716/874 913/717/874 916/714/874
f 903/718/875 911/712/875 910/711/875 916/714/875 913/717/875
f 914/716/876 915/713/876 907/706/876 904/709/876
f 917/715/877 916/714/877 910/711/877 912/719/877
f 908/707/878 907/706/878 915/713/878 917/715/878 912/720/878
f 918/721/879 920/722/879 921/723/879 919/724/879
f 920/722/880 912/725/880 922/726/880 921/723/880
f 903/727/881 913/717/881 914/716/881 904/709/881 905/708/881 918/728/881 919/729/881
f 919/724/882 921/723/882 909/710/882 911/712/882 903/718/882
f 905/708/883 906/705/883 920/730/883 918/731/883
f 909/710/884 921/723/884 922/726/884
f 920/730/885 906/705/885 908/707/885 912/732/885
f 912/733/886 910/711/886 909/710/886 922/726/886
o Cube.006
v -0.634922 0.514427 -2.915637
v -0.390986 0.526413 -2.796579
v -0.439601 0.522139 -2.726922
v -0.488620 1.353140 -2.710150
v -0.440005 1.357413 -2.779808
v -0.479341 1.460207 -2.749031
v -0.677417 1.345069 -2.862066
v -0.647205 1.347725 -2.905355
v -0.677446 1.235322 -2.901088
v -0.563936 1.661830 -2.800228
v -0.485674 0.523763 -2.942003
v -0.406992 0.527291 -2.886873
v -0.456011 1.358292 -2.870101
v -0.534693 1.354763 -2.925231
v -0.509334 1.474970 -2.885292
v -0.571795 0.513870 -2.703569
v -0.600951 0.512563 -2.723997
v -0.620721 1.344877 -2.686814
v -0.649986 1.343564 -2.707319
v -0.599494 1.568547 -2.793972
v -1.370317 0.640155 -2.318529
v -1.509929 0.139348 -2.496446
v -1.444913 0.174010 -2.547709
v -1.565845 0.899180 -2.604525
v -1.630860 0.864518 -2.553261
v -1.609381 0.993167 -2.577924
v -1.481595 1.328481 -2.411319
v -1.521999 1.306941 -2.379461
v -1.475226 1.269241 -2.367816
v -1.605620 1.334656 -2.520520
v -1.495247 0.402954 -2.335255
v -1.533617 0.229748 -2.408176
v -1.654549 0.954918 -2.464992
v -1.616179 1.128124 -2.392070
v -1.643382 1.150375 -2.444009
v -1.334259 0.384106 -2.532895
v -1.320041 0.448288 -2.505874
v -1.455268 1.109129 -2.589721
v -1.440997 1.173551 -2.562599
v -1.557834 1.319918 -2.510532
v -2.224078 0.404293 -1.646195
v -2.411566 0.593530 -1.842616
v -2.338982 0.559794 -1.889889
v -2.343954 1.374171 -1.855796
v -2.416538 1.407907 -1.808522
v -2.374808 1.487338 -1.819005
v -2.221386 1.225161 -1.648463
v -2.266494 1.246127 -1.619084
v -2.228391 1.110766 -1.616619
v -2.327817 1.630921 -1.733763
v -2.376205 0.515848 -1.674564
v -2.430371 0.577600 -1.753399
v -2.435343 1.391976 -1.719306
v -2.381176 1.330225 -1.640470
v -2.398581 1.472944 -1.681771
v -2.204239 0.460985 -1.864762
v -2.184167 0.438103 -1.835549
v -2.209305 1.275431 -1.830686
v -2.189158 1.252463 -1.801364
v -2.285252 1.511488 -1.730503
v -2.555674 0.664675 -0.927534
v -2.803627 0.468355 -0.864554
v -2.829948 0.715927 -0.912668
v -2.843370 1.242974 -0.733493
v -2.817050 0.995403 -0.685378
v -2.821430 1.188901 -0.688289
v -2.602989 1.261507 -0.759476
v -2.586632 1.107652 -0.729575
v -2.567317 1.121890 -0.772099
v -2.734859 1.332639 -0.655264
v -2.626920 0.323115 -0.851219
v -2.720465 0.297129 -0.837275
v -2.733887 0.824177 -0.658100
v -2.640342 0.850162 -0.672044
v -2.692806 0.948119 -0.646290
v -2.766843 1.018457 -0.980263
v -2.732179 1.028086 -0.985430
v -2.780309 1.545294 -0.801040
v -2.745517 1.554958 -0.806227
v -2.714562 1.370650 -0.696067
v -2.711164 0.085022 0.279911
v -2.970569 0.547921 0.223664
v -2.947765 0.391905 0.147708
v -2.871519 1.046687 0.083775
v -2.894323 1.202703 0.159732
v -2.863303 1.192236 0.117433
v -2.652256 0.729229 0.183098
v -2.666428 0.826187 0.230301
v -2.645021 0.653046 0.224450
v -2.761231 1.229601 0.137008
v -2.839181 0.435978 0.338099
v -2.928028 0.573866 0.304343
v -2.851782 1.228648 0.240411
v -2.762935 1.090760 0.274167
v -2.793171 1.231177 0.237256
v -2.834377 0.081052 0.096169
v -2.801454 0.029957 0.108677
v -2.758210 0.736051 0.032272
v -2.725165 0.684765 0.044828
v -2.734730 1.061344 0.127235
v -2.454006 0.615943 1.353739
v -2.683961 0.457458 1.227328
v -2.627974 0.386694 1.161298
v -2.675395 1.181727 1.112259
v -2.731383 1.252491 1.178289
v -2.701293 1.325658 1.145458
v -2.503920 1.369895 1.268482
v -2.538714 1.413872 1.309517
v -2.495144 1.305636 1.311197
v -2.646789 1.590543 1.190428
v -2.605493 0.627708 1.373309
v -2.677846 0.558255 1.316194
v -2.725267 1.353289 1.267155
v -2.652914 1.422742 1.324270
v -2.687870 1.491786 1.279234
v -2.493797 0.376273 1.143964
v -2.466986 0.402009 1.165128
v -2.541312 1.171313 1.094938
v -2.514401 1.197146 1.116181
v -2.599996 1.499595 1.189577
v -1.840582 0.098477 2.213935
v -1.943156 0.235777 1.964576
v -1.866474 0.318994 1.953027
v -1.958722 1.108303 2.016393
v -2.035404 1.025086 2.027942
v -2.006177 1.159554 2.040440
v -1.915328 0.931263 2.248586
v -1.962983 0.879547 2.255764
v -1.920607 0.783204 2.268905
v -2.010424 1.289640 2.143258
v -1.963088 0.065004 2.126434
v -1.986099 0.129099 2.035032
v -2.078347 0.918408 2.098398
v -2.055335 0.854313 2.189800
v -2.069079 1.011355 2.151524
v -1.757967 0.348642 2.030529
v -1.749440 0.324891 2.064399
v -1.850290 1.137930 2.093841
v -1.841732 1.114091 2.127837
v -1.966258 1.213676 2.159762
v -0.962949 0.567152 2.767169
v -1.124596 0.419963 2.555759
v -1.064959 0.542158 2.515517
v -1.187999 1.307684 2.557892
v -1.247636 1.185489 2.598135
v -1.228121 1.347069 2.592678
v -1.080442 1.362169 2.774238
v -1.117504 1.286230 2.799247
v -1.069687 1.231247 2.803930
v -1.216244 1.559647 2.683554
v -1.090981 0.378445 2.725334
v -1.138209 0.347603 2.642388
v -1.261250 1.113129 2.684764
v -1.214022 1.143971 2.767710
v -1.246726 1.255717 2.726547
v -0.951556 0.709301 2.552571
v -0.934056 0.720730 2.583307
v -1.074677 1.474710 2.594921
v -1.057111 1.486182 2.625771
v -1.167468 1.528666 2.689637
v 0.102827 0.718733 2.850837
v -0.135251 0.495983 2.758006
v -0.116287 0.662081 2.693864
v -0.230705 1.364474 2.796979
v -0.249669 1.198375 2.861122
v -0.245513 1.376057 2.847133
v -0.028210 1.458979 2.921721
v -0.039996 1.355756 2.961583
v 0.003570 1.328060 2.940290
v -0.196854 1.589382 2.917784
v -0.012577 0.453152 2.881837
v -0.094472 0.403104 2.837091
v -0.208889 1.105497 2.940207
v -0.126994 1.155545 2.984952
v -0.181619 1.254928 2.968170
v -0.014070 0.897314 2.666405
v 0.016276 0.915860 2.682986
v -0.128559 1.599543 2.769540
v -0.098099 1.618158 2.786182
v -0.152994 1.586629 2.897271
v 0.999496 0.110790 2.658446
v 0.801572 0.904721 2.596214
v 0.856152 0.898649 2.530468
v 0.961612 1.419000 2.647259
v 0.907032 1.425072 2.713005
v 0.954537 1.456242 2.698753
v 1.105110 0.707143 2.745442
v 1.071191 0.710916 2.786301
v 1.090982 0.562195 2.759764
v 1.036132 1.315974 2.762718
v 0.862321 0.434900 2.703393
v 0.801192 0.718239 2.669321
v 0.906651 1.238590 2.786113
v 0.967781 0.955251 2.820185
v 0.960139 1.170600 2.810469
v 0.977651 0.611575 2.490657
v 1.000303 0.506582 2.503283
v 1.083026 1.132126 2.607476
v 1.105763 1.026742 2.620149
v 1.062359 1.171738 2.736931
v 2.010242 0.535285 2.186889
v 1.739731 0.800931 2.252113
v 1.735081 0.601380 2.183522
v 1.713548 1.238779 2.055013
v 1.718198 1.438330 2.123604
v 1.724095 1.412684 2.071779
v 1.960395 1.127013 2.040112
v 1.963285 1.251025 2.082739
v 1.991562 1.088230 2.075407
v 1.811707 1.522091 2.032590
v 1.906948 0.853568 2.285855
v 1.809204 0.912991 2.296935
v 1.787671 1.550390 2.168426
v 1.885414 1.490967 2.157346
v 1.832792 1.583429 2.134655
v 1.826573 0.319466 2.095865
v 1.862792 0.297446 2.091759
v 1.804976 0.957062 1.967417
v 1.841330 0.934960 1.963296
v 1.841832 1.363925 2.018979
v 2.482718 1.138078 1.452936
v 2.485561 0.407394 1.251903
v 2.563263 0.477714 1.237087
v 2.468080 1.054866 1.103055
v 2.390377 0.984547 1.117872
v 2.415491 1.120776 1.101842
v 2.415784 1.668584 1.293773
v 2.367496 1.624884 1.302980
v 2.400146 1.638759 1.336663
v 2.374479 1.496293 1.140291
v 2.401308 0.771020 1.388241
v 2.416245 0.521847 1.313567
v 2.321061 1.099000 1.179536
v 2.306123 1.348172 1.254210
v 2.311079 1.316339 1.195549
v 2.635371 0.802829 1.294389
v 2.629836 0.895161 1.322060
v 2.540137 1.379754 1.160317
v 2.534581 1.472430 1.188091
v 2.407903 1.533212 1.172149
v 2.961349 0.982202 0.226681
v 2.727181 0.618366 0.233899
v 2.725554 0.691801 0.152489
v 2.609408 1.455294 0.212151
v 2.611035 1.381859 0.293561
v 2.604933 1.528476 0.261762
v 2.821556 1.736297 0.257748
v 2.822567 1.690661 0.308341
v 2.860592 1.644533 0.278437
v 2.656234 1.824585 0.291392
v 2.869384 0.758614 0.316056
v 2.785202 0.641423 0.304059
v 2.669056 1.404916 0.363721
v 2.753238 1.522107 0.375717
v 2.694274 1.583406 0.366612
v 2.807010 0.889840 0.073327
v 2.838205 0.933265 0.077772
v 2.690808 1.653194 0.133044
v 2.722118 1.696781 0.137506
v 2.693674 1.802541 0.259646
v 2.768518 0.809460 -0.659040
v 2.519202 1.076250 -0.771892
v 2.552798 0.822599 -0.825128
v 2.634897 1.320403 -0.953972
v 2.601301 1.574054 -0.900737
v 2.637838 1.504705 -0.938087
v 2.838158 1.242232 -0.818162
v 2.817279 1.399865 -0.785078
v 2.839739 1.241307 -0.770813
v 2.735620 1.590873 -0.920123
v 2.633073 1.185674 -0.647638
v 2.549773 1.235817 -0.697603
v 2.631873 1.733621 -0.826448
v 2.715172 1.683479 -0.776483
v 2.690094 1.743557 -0.827545
v 2.672766 0.489374 -0.835227
v 2.703633 0.470794 -0.816712
v 2.754781 0.987411 -0.964065
v 2.785764 0.968762 -0.945481
v 2.763636 1.431570 -0.909881
v 2.340593 0.522503 -1.596817
v 2.078093 0.953120 -1.651515
v 2.104704 0.831183 -1.729986
v 2.169197 1.538102 -1.769105
v 2.142587 1.660039 -1.690634
v 2.174069 1.673832 -1.731058
v 2.388814 1.227937 -1.669570
v 2.372277 1.303715 -1.620804
v 2.396541 1.135757 -1.630753
v 2.273484 1.727739 -1.705357
v 2.207295 0.824339 -1.535338
v 2.118020 0.956766 -1.568990
v 2.182514 1.663685 -1.608109
v 2.271788 1.531258 -1.574457
v 2.240201 1.681293 -1.608121
v 2.222770 0.563838 -1.784440
v 2.255851 0.514767 -1.771971
v 2.287181 1.270944 -1.823521
v 2.320386 1.221689 -1.811005
v 2.302745 1.567510 -1.718761
v 1.622120 0.812195 -2.340276
v 1.445920 0.662955 -2.538809
v 1.487674 0.861271 -2.576639
v 1.336927 1.514217 -2.491219
v 1.295174 1.315901 -2.453389
v 1.303179 1.499827 -2.452749
v 1.469051 1.521831 -2.288025
v 1.443103 1.398586 -2.264516
v 1.491347 1.378627 -2.266174
v 1.316992 1.669108 -2.356157
v 1.507263 0.541799 -2.379522
v 1.451619 0.523857 -2.457423
v 1.300872 1.176803 -2.372002
v 1.356517 1.194745 -2.294102
v 1.313075 1.307709 -2.326230
v 1.589406 1.100770 -2.541878
v 1.610025 1.107418 -2.513012
v 1.438588 1.753549 -2.456482
v 1.459285 1.760222 -2.427508
v 1.364990 1.673504 -2.355435
v 0.604941 0.872340 -2.648045
v 0.503366 0.372510 -2.856719
v 0.578435 0.401281 -2.892602
v 0.477633 1.127289 -2.966922
v 0.402563 1.098519 -2.931039
v 0.429892 1.224407 -2.949304
v 0.521158 1.559481 -2.755832
v 0.474505 1.541601 -2.733532
v 0.517494 1.502154 -2.712517
v 0.423541 1.567028 -2.889046
v 0.484548 0.641789 -2.693416
v 0.461606 0.467878 -2.774601
v 0.360803 1.193886 -2.848922
v 0.383746 1.367797 -2.767736
v 0.368580 1.388973 -2.824113
v 0.685071 0.605487 -2.852415
v 0.693572 0.669931 -2.822332
v 0.584194 1.331353 -2.926764
v 0.592727 1.396037 -2.896568
v 0.468049 1.550324 -2.869210
vn 0.8082 0.1379 0.5725
vn 0.8184 0.0367 0.5734
vn -0.8096 0.1968 -0.5530
vn 0.5627 0.1513 -0.8127
vn 0.5716 0.0502 -0.8190
vn -0.1745 0.0096 -0.9846
vn 0.9829 0.0615 -0.1736
vn -0.1936 0.3540 -0.9150
vn 0.9153 0.3690 -0.1615
vn -0.5716 -0.0502 0.8190
vn -0.6781 0.3689 0.6357
vn 0.0589 -0.9981 -0.0201
vn -0.9829 -0.0615 0.1736
vn 0.1745 -0.0096 0.9846
vn -0.9454 0.2778 0.1703
vn 0.1579 0.3119 0.9369
vn -0.8415 0.3770 -0.3870
vn -0.6009 -0.0526 -0.7976
vn -0.5585 -0.1570 -0.8145
vn 0.2845 0.5871 0.7578
vn -0.8857 0.0008 0.4642
vn -0.7867 -0.0833 0.6117
vn -0.2097 0.0416 0.9769
vn -0.9813 -0.1706 -0.0886
vn -0.7609 0.3703 0.5328
vn -0.9411 0.0769 -0.3292
vn 0.7866 0.0833 -0.6118
vn 0.1894 0.4247 -0.8853
vn 0.6894 -0.4054 0.6002
vn 0.9813 0.1706 0.0886
vn 0.2097 -0.0416 -0.9769
vn 0.5804 0.6417 -0.5014
vn -0.2002 0.1679 -0.9653
vn -0.0489 0.9925 0.1116
vn -0.4918 0.1451 -0.8586
vn -0.5350 0.0321 -0.8443
vn 0.5946 0.1816 0.7833
vn -0.7918 0.0787 0.6057
vn -0.8340 -0.0282 0.5510
vn -0.2130 -0.0422 0.9762
vn -0.9786 0.0026 -0.2058
vn 0.0426 0.2891 0.9563
vn -0.9046 0.4108 -0.1136
vn 0.8341 0.0282 -0.5509
vn 0.9159 0.3653 -0.1664
vn -0.5399 -0.8016 -0.2569
vn 0.9786 -0.0026 0.2058
vn 0.2130 0.0422 -0.9762
vn 0.9289 0.2775 0.2453
vn 0.4142 0.3694 -0.8319
vn 0.6998 0.3180 0.6396
vn -0.9061 -0.0142 0.4228
vn -0.9859 -0.0758 0.1492
vn 0.8711 0.1813 0.4564
vn 0.1875 -0.1546 0.9700
vn 0.2235 -0.3086 0.9245
vn 0.9182 -0.1063 0.3815
vn -0.7135 -0.2418 0.6577
vn 0.5413 0.0769 0.8373
vn -0.3160 -0.0033 0.9487
vn -0.2236 0.3088 -0.9245
vn 0.1917 0.5576 0.8077
vn -0.0901 -0.1992 -0.9758
vn 0.7135 0.2417 -0.6577
vn -0.9182 0.1063 -0.3815
vn 0.7280 0.4377 0.5277
vn -0.7047 0.2866 0.6490
vn 0.6785 0.2417 0.6937
vn -0.7702 0.1847 -0.6105
vn -0.9102 0.0661 -0.4089
vn 0.9914 0.1209 0.0493
vn 0.0406 0.2622 0.9642
vn -0.1886 0.1172 0.9750
vn 0.4800 0.0297 0.8768
vn -0.8937 0.1455 0.4244
vn 0.9132 0.2807 0.2955
vn -0.1885 0.9611 -0.2020
vn 0.1888 -0.1171 -0.9750
vn 0.6541 0.1681 -0.7375
vn -0.7688 -0.3672 0.5235
vn 0.8937 -0.1455 -0.4244
vn -0.4800 -0.0297 -0.8768
vn 0.8592 0.1301 -0.4949
vn 0.1215 0.2091 -0.9703
vn 0.9607 0.1907 -0.2017
vn -0.7543 0.0157 -0.6564
vn -0.8028 -0.0843 -0.5903
vn 0.8655 0.3539 0.3546
vn -0.6846 0.1222 0.7186
vn -0.6259 0.0108 0.7798
vn 0.1331 0.0689 0.9887
vn -0.9907 -0.0513 0.1264
vn 0.1623 0.6117 0.7743
vn -0.9437 0.2503 -0.2162
vn 0.6259 -0.0107 -0.7799
vn 0.5054 0.3212 -0.8009
vn 0.0452 -0.6622 0.7480
vn 0.9907 0.0513 -0.1264
vn -0.1331 -0.0689 -0.9887
vn 0.8275 0.3422 -0.4451
vn -0.1198 0.1945 -0.9736
vn 0.8469 0.5290 -0.0546
vn -0.3089 0.1544 -0.9385
vn -0.2061 0.0543 -0.9770
vn 0.0017 0.1359 0.9907
vn -0.9742 -0.0307 0.2237
vn -0.9793 -0.1271 0.1574
vn -0.5524 -0.1307 0.8233
vn -0.8178 -0.0495 -0.5734
vn -0.5952 0.1459 0.7902
vn -0.9438 0.2085 -0.2564
vn 0.9793 0.1272 -0.1574
vn 0.6544 0.5869 0.4768
vn 0.5669 -0.6006 -0.5639
vn 0.8178 0.0495 0.5734
vn 0.5524 0.1307 -0.8233
vn 0.4798 0.3408 0.8085
vn 0.3322 0.6024 -0.7257
vn -0.0248 0.2758 0.9609
vn -0.6262 0.0493 -0.7781
vn -0.5097 -0.0343 -0.8597
vn 0.1722 0.2313 0.9575
vn -0.8571 -0.0625 0.5113
vn -0.8301 -0.1629 0.5332
vn -0.1937 -0.0852 0.9773
vn -0.9540 -0.1386 -0.2657
vn -0.5132 0.1677 0.8418
vn -0.9924 0.1032 -0.0675
vn 0.8301 0.1630 -0.5333
vn 0.3626 0.9168 -0.1670
vn 0.8215 -0.4944 -0.2839
vn 0.9540 0.1386 0.2657
vn 0.1937 0.0852 -0.9773
vn 0.5625 0.5889 0.5803
vn -0.3159 0.3949 -0.8627
vn -0.0134 0.4096 0.9122
vn -0.9591 0.0001 -0.2832
vn -0.8847 -0.0766 -0.4599
vn 0.5475 0.2463 0.7997
vn -0.4356 -0.0881 0.8958
vn -0.3762 -0.1943 0.9059
vn 0.4026 -0.0684 0.9128
vn -0.9458 -0.1925 0.2616
vn -0.0565 0.1439 0.9880
vn -0.8629 0.0476 0.5032
vn 0.3762 0.1944 -0.9059
vn -0.2054 0.9769 0.0595
vn 0.6039 -0.3462 -0.7180
vn 0.9458 0.1925 -0.2616
vn -0.4026 0.0684 -0.9128
vn 0.5821 0.6600 0.4750
vn -0.8705 0.3281 -0.3670
vn 0.2731 0.3799 0.8838
vn -0.5704 0.6264 -0.5314
vn -0.7237 0.2875 -0.6274
vn 0.7688 -0.0118 0.6393
vn -0.3846 0.0280 0.9227
vn -0.6352 -0.0443 0.7711
vn -0.1333 -0.1913 0.9725
vn -0.9438 0.1223 0.3071
vn 0.4403 0.0593 0.8959
vn -0.0319 0.3635 0.9310
vn 0.6354 0.0444 -0.7709
vn 0.9775 0.1865 0.0990
vn -0.7582 -0.2366 -0.6076
vn 0.9438 -0.1223 -0.3071
vn 0.1333 0.1913 -0.9725
vn 0.9655 0.0933 0.2430
vn 0.8881 0.4104 -0.2070
vn 0.8189 0.0766 0.5688
vn -0.9861 0.0742 -0.1489
vn -0.9945 -0.0126 0.1041
vn 0.8230 0.1674 -0.5428
vn 0.3410 0.4026 0.8495
vn 0.2295 0.1998 0.9526
vn 0.8627 0.1278 0.4894
vn -0.6719 0.1245 0.7301
vn 0.8325 0.3885 -0.3949
vn -0.7596 0.5868 -0.2804
vn -0.2294 -0.1997 -0.9526
vn 0.0612 0.1200 -0.9909
vn -0.0889 -0.3219 0.9426
vn 0.6719 -0.1245 -0.7301
vn -0.8627 -0.1278 -0.4894
vn 0.3974 0.1177 -0.9101
vn -0.5041 0.1068 -0.8570
vn 0.6012 0.2116 -0.7706
vn -0.1001 -0.0981 -0.9901
vn 0.0165 -0.2236 -0.9745
vn -0.6114 0.7366 0.2892
vn -0.9972 -0.0412 -0.0619
vn -0.9744 -0.1160 0.1923
vn -0.7256 0.0399 0.6869
vn -0.8406 -0.2502 -0.4805
vn -0.9387 0.2531 -0.2341
vn -0.6512 0.0159 -0.7587
vn 0.9744 0.1161 -0.1925
vn 0.3152 0.3399 -0.8861
vn 0.3893 -0.2429 0.8885
vn 0.8406 0.2502 0.4805
vn 0.7256 -0.0399 -0.6869
vn 0.3789 0.6062 -0.6993
vn 0.1983 0.1241 -0.9723
vn -0.4721 0.6468 -0.5990
vn -0.9987 -0.0463 -0.0218
vn -0.9841 -0.1413 -0.1078
vn 0.8199 0.4332 0.3744
vn -0.1477 0.0048 0.9890
vn -0.0277 -0.0821 0.9962
vn 0.6463 0.0388 0.7621
vn -0.7333 -0.1631 0.6600
vn 0.1632 0.3131 0.9356
vn -0.7802 0.0864 0.6195
vn 0.0276 0.0821 -0.9962
vn -0.4509 0.5822 -0.6766
vn 0.7445 -0.4882 -0.4553
vn 0.7333 0.1631 -0.6600
vn -0.6463 -0.0388 -0.7621
vn 0.3761 0.7420 -0.5549
vn -0.8934 0.1997 -0.4026
vn 0.4915 0.7551 0.4338
vn -0.6384 0.0762 -0.7660
vn -0.8444 0.0006 -0.5357
vn 0.9900 0.1375 -0.0304
vn -0.0916 0.6224 0.7773
vn -0.3586 0.2889 0.8877
vn 0.4773 0.1456 0.8666
vn -0.9845 0.1717 0.0362
vn 0.9379 0.3367 -0.0836
vn -0.1624 0.4435 -0.8815
vn 0.3587 -0.2887 -0.8877
vn 0.6263 0.0821 -0.7752
vn -0.6014 -0.2396 0.7622
vn 0.9845 -0.1717 -0.0362
vn -0.4773 -0.1456 -0.8666
vn 0.8486 0.0808 -0.5228
vn 0.1239 0.0777 -0.9893
vn 0.9205 0.1675 -0.3531
vn -0.8050 0.1868 -0.5632
vn -0.9127 0.0609 -0.4041
vn 0.9831 0.1347 0.1241
vn -0.0626 0.2059 0.9766
vn -0.2506 0.0763 0.9651
vn 0.4372 0.0099 0.8993
vn -0.8970 0.1056 0.4293
vn 0.8534 0.2838 0.4371
vn -0.4070 0.8985 0.1644
vn 0.2508 -0.0762 -0.9650
vn 0.6899 0.2087 -0.6932
vn -0.8019 -0.4371 0.4073
vn 0.8970 -0.1056 -0.4293
vn -0.4372 -0.0099 -0.8993
vn 0.8856 0.1614 -0.4356
vn 0.1232 0.2547 -0.9591
vn 0.9705 0.2163 -0.1063
vn -0.7578 0.0352 -0.6516
vn -0.5886 -0.0302 -0.8079
vn 0.1022 0.1656 0.9809
vn -0.7914 -0.1347 0.5963
vn -0.7585 -0.2536 0.6002
vn -0.0216 -0.1346 0.9907
vn -0.9497 -0.1863 -0.2519
vn -0.4703 0.0758 0.8792
vn -0.9917 0.0312 0.1250
vn 0.7585 0.2538 -0.6002
vn -0.3225 0.8421 0.4322
vn 0.8119 -0.2697 -0.5178
vn 0.9497 0.1863 0.2519
vn 0.0216 0.1346 -0.9907
vn 0.1842 0.5020 0.8450
vn -0.7390 0.3863 -0.5520
vn -0.1673 0.2664 0.9492
vn -0.4181 -0.0409 -0.9075
vn -0.3804 -0.1463 -0.9132
vn 0.1532 0.5895 0.7931
vn -0.9652 0.0052 0.2616
vn -0.9001 -0.0811 0.4282
vn -0.4120 0.0360 0.9105
vn -0.9426 -0.1608 -0.2926
vn -0.8539 0.3843 0.3510
vn -0.8435 0.0887 -0.5297
vn 0.9000 0.0812 -0.4283
vn 0.3902 0.4220 -0.8183
vn 0.5171 -0.4171 0.7474
vn 0.9426 0.1608 0.2926
vn 0.4120 -0.0360 -0.9105
vn 0.6883 0.6223 -0.3727
vn 0.0212 0.1769 -0.9840
vn -0.0111 0.9978 0.0647
vt 0.625000 0.818396
vt 0.625000 0.712132
vt 0.625000 0.807147
vt 0.352201 0.795597
vt 0.375000 0.681604
vt 0.625000 0.207495
vt 0.625000 0.271253
vt 0.591876 0.250000
vt 0.625000 0.567731
vt 0.625000 0.414770
vt 0.625000 0.532298
vt 0.375000 0.577311
vt 0.349230 0.448459
vt 0.375000 0.250000
vt 0.625000 0.500000
vt 0.625000 0.764441
vt 0.375000 0.000000
vt 0.625000 0.011292
vt 0.625000 0.028755
vt 0.375000 0.028648
vt 0.625000 0.220236
vt 0.625000 0.207495
vt 0.125000 0.500000
vt 0.160841 0.757193
vt 0.125000 0.721352
vt 0.625000 0.971245
vt 0.371404 0.967755
vt 0.625000 0.966037
vt 0.625000 0.250000
s 0
usemtl Material.001
f 926/734/887 927/735/887 928/736/887
f 926/734/888 925/737/888 924/738/888 927/735/888
f 929/739/889 930/740/889 931/741/889
f 935/742/890 936/743/890 937/744/890
f 935/742/891 934/745/891 933/746/891 936/743/891
f 923/747/892 931/741/892 930/740/892 936/743/892 933/746/892
f 934/745/893 935/742/893 927/735/893 924/738/893
f 937/744/894 936/743/894 930/740/894 932/748/894
f 928/736/895 927/735/895 935/742/895 937/744/895 932/749/895
f 938/750/896 940/751/896 941/752/896 939/753/896
f 940/751/897 932/754/897 942/755/897 941/752/897
f 923/756/898 933/746/898 934/745/898 924/738/898 925/737/898 938/757/898 939/758/898
f 939/753/899 941/752/899 929/739/899 931/741/899 923/747/899
f 925/737/900 926/734/900 940/759/900 938/760/900
f 929/739/901 941/752/901 942/755/901
f 940/759/902 926/734/902 928/736/902 932/761/902
f 932/762/903 930/740/903 929/739/903 942/755/903
f 946/734/904 947/735/904 948/736/904
f 946/734/905 945/737/905 944/738/905 947/735/905
f 949/739/906 950/740/906 951/741/906
f 955/742/907 956/743/907 957/744/907
f 955/742/908 954/745/908 953/746/908 956/743/908
f 943/747/909 951/741/909 950/740/909 956/743/909 953/746/909
f 954/745/910 955/742/910 947/735/910 944/738/910
f 957/744/911 956/743/911 950/740/911 952/748/911
f 948/736/912 947/735/912 955/742/912 957/744/912 952/749/912
f 958/750/913 960/751/913 961/752/913 959/753/913
f 960/751/914 952/754/914 962/755/914 961/752/914
f 943/756/915 953/746/915 954/745/915 944/738/915 945/737/915 958/757/915 959/758/915
f 959/753/916 961/752/916 949/739/916 951/741/916 943/747/916
f 945/737/917 946/734/917 960/759/917 958/760/917
f 949/739/918 961/752/918 962/755/918
f 960/759/919 946/734/919 948/736/919 952/761/919
f 952/762/920 950/740/920 949/739/920 962/755/920
f 966/734/921 967/735/921 968/736/921
f 966/734/922 965/737/922 964/738/922 967/735/922
f 969/739/923 970/740/923 971/741/923
f 975/742/924 976/743/924 977/744/924
f 975/742/925 974/745/925 973/746/925 976/743/925
f 963/747/926 971/741/926 970/740/926 976/743/926 973/746/926
f 974/745/927 975/742/927 967/735/927 964/738/927
f 977/744/928 976/743/928 970/740/928 972/748/928
f 968/736/929 967/735/929 975/742/929 977/744/929 972/749/929
f 978/750/930 980/751/930 981/752/930 979/753/930
f 980/751/931 972/754/931 982/755/931 981/752/931
f 963/756/932 973/746/932 974/745/932 964/738/932 965/737/932 978/757/932 979/758/932
f 979/753/933 981/752/933 969/739/933 971/741/933 963/747/933
f 965/737/934 966/734/934 980/759/934 978/760/934
f 969/739/935 981/752/935 982/755/935
f 980/759/936 966/734/936 968/736/936 972/761/936
f 972/762/937 970/740/937 969/739/937 982/755/937
f 986/734/938 987/735/938 988/736/938
f 986/734/939 985/737/939 984/738/939 987/735/939
f 989/739/940 990/740/940 991/741/940
f 995/742/941 996/743/941 997/744/941
f 995/742/942 994/745/942 993/746/942 996/743/942
f 983/747/943 991/741/943 990/740/943 996/743/943 993/746/943
f 994/745/944 995/742/944 987/735/944 984/738/944
f 997/744/945 996/743/945 990/740/945 992/748/945
f 988/736/946 987/735/946 995/742/946 997/744/946 992/749/946
f 998/750/947 1000/751/947 1001/752/947 999/753/947
f 1000/751/948 992/754/948 1002/755/948 1001/752/948
f 983/756/949 993/746/949 994/745/949 984/738/949 985/737/949 998/757/949 999/758/949
f 999/753/950 1001/752/950 989/739/950 991/741/950 983/747/950
f 985/737/951 986/734/951 1000/759/951 998/760/951
f 989/739/952 1001/752/952 1002/755/952
f 1000/759/953 986/734/953 988/736/953 992/761/953
f 992/762/954 990/740/954 989/739/954 1002/755/954
f 1006/734/955 1007/735/955 1008/736/955
f 1006/734/956 1005/737/956 1004/738/956 1007/735/956
f 1009/739/957 1010/740/957 1011/741/957
f 1015/742/958 1016/743/958 1017/744/958
f 1015/742/959 1014/745/959 1013/746/959 1016/743/959
f 1003/747/960 1011/741/960 1010/740/960 1016/743/960 1013/746/960
f 1014/745/961 1015/742/961 1007/735/961 1004/738/961
f 1017/744/962 1016/743/962 1010/740/962 1012/748/962
f 1008/736/963 1007/735/963 1015/742/963 1017/744/963 1012/749/963
f 1018/750/964 1020/751/964 1021/752/964 1019/753/964
f 1020/751/965 1012/754/965 1022/755/965 1021/752/965
f 1003/756/966 1013/746/966 1014/745/966 1004/738/966 1005/737/966 1018/757/966 1019/758/966
f 1019/753/967 1021/752/967 1009/739/967 1011/741/967 1003/747/967
f 1005/737/968 1006/734/968 1020/759/968 1018/760/968
f 1009/739/969 1021/752/969 1022/755/969
f 1020/759/970 1006/734/970 1008/736/970 1012/761/970
f 1012/762/971 1010/740/971 1009/739/971 1022/755/971
f 1026/734/972 1027/735/972 1028/736/972
f 1026/734/973 1025/737/973 1024/738/973 1027/735/973
f 1029/739/974 1030/740/974 1031/741/974
f 1035/742/975 1036/743/975 1037/744/975
f 1035/742/976 1034/745/976 1033/746/976 1036/743/976
f 1023/747/977 1031/741/977 1030/740/977 1036/743/977 1033/746/977
f 1034/745/978 1035/742/978 1027/735/978 1024/738/978
f 1037/744/979 1036/743/979 1030/740/979 1032/748/979
f 1028/736/980 1027/735/980 1035/742/980 1037/744/980 1032/749/980
f 1038/750/981 1040/751/981 1041/752/981 1039/753/981
f 1040/751/982 1032/754/982 1042/755/982 1041/752/982
f 1023/756/983 1033/746/983 1034/745/983 1024/738/983 1025/737/983 1038/757/983 1039/758/983
f 1039/753/984 1041/752/984 1029/739/984 1031/741/984 1023/747/984
f 1025/737/985 1026/734/985 1040/759/985 1038/760/985
f 1029/739/986 1041/752/986 1042/755/986
f 1040/759/987 1026/734/987 1028/736/987 1032/761/987
f 1032/762/988 1030/740/988 1029/739/988 1042/755/988
f 1046/734/989 1047/735/989 1048/736/989
f 1046/734/990 1045/737/990 1044/738/990 1047/735/990
f 1049/739/991 1050/740/991 1051/741/991
f 1055/742/992 1056/743/992 1057/744/992
f 1055/742/993 1054/745/993 1053/746/993 1056/743/993
f 1043/747/994 1051/741/994 1050/740/994 1056/743/994 1053/746/994
f 1054/745/995 1055/742/995 1047/735/995 1044/738/995
f 1057/744/996 1056/743/996 1050/740/996 1052/748/996
f 1048/736/997 1047/735/997 1055/742/997 1057/744/997 1052/749/997
f 1058/750/998 1060/751/998 1061/752/998 1059/753/998
f 1060/751/999 1052/754/999 1062/755/999 1061/752/999
f 1043/756/1000 1053/746/1000 1054/745/1000 1044/738/1000 1045/737/1000 1058/757/1000 1059/758/1000
f 1059/753/1001 1061/752/1001 1049/739/1001 1051/741/1001 1043/747/1001
f 1045/737/1002 1046/734/1002 1060/759/1002 1058/760/1002
f 1049/739/1003 1061/752/1003 1062/755/1003
f 1060/759/1004 1046/734/1004 1048/736/1004 1052/761/1004
f 1052/762/1005 1050/740/1005 1049/739/1005 1062/755/1005
f 1066/734/1006 1067/735/1006 1068/736/1006
f 1066/734/1007 1065/737/1007 1064/738/1007 1067/735/1007
f 1069/739/1008 1070/740/1008 1071/741/1008
f 1075/742/1009 1076/743/1009 1077/744/1009
f 1075/742/1010 1074/745/1010 1073/746/1010 1076/743/1010
f 1063/747/1011 1071/741/1011 1070/740/1011 1076/743/1011 1073/746/1011
f 1074/745/1012 1075/742/1012 1067/735/1012 1064/738/1012
f 1077/744/1013 1076/743/1013 1070/740/1013 1072/748/1013
f 1068/736/1014 1067/735/1014 1075/742/1014 1077/744/1014 1072/749/1014
f 1078/750/1015 1080/751/1015 1081/752/1015 1079/753/1015
f 1080/751/1016 1072/754/1016 1082/755/1016 1081/752/1016
f 1063/756/1017 1073/746/1017 1074/745/1017 1064/738/1017 1065/737/1017 1078/757/1017 1079/758/1017
f 1079/753/1018 1081/752/1018 1069/739/1018 1071/741/1018 1063/747/1018
f 1065/737/1019 1066/734/1019 1080/759/1019 1078/760/1019
f 1069/739/1020 1081/752/1020 1082/755/1020
f 1080/759/1021 1066/734/1021 1068/736/1021 1072/761/1021
f 1072/762/1022 1070/740/1022 1069/739/1022 1082/755/1022
f 1086/734/1023 1087/735/1023 1088/736/1023
f 1086/734/1024 1085/737/1024 1084/738/1024 1087/735/1024
f 1089/739/1025 1090/740/1025 1091/741/1025
f 1095/742/1026 1096/743/1026 1097/744/1026
f 1095/742/1027 1094/745/1027 1093/746/1027 1096/743/1027
f 1083/747/1028 1091/741/1028 1090/740/1028 1096/743/1028 1093/746/1028
f 1094/745/1029 1095/742/1029 1087/735/1029 1084/738/1029
f 1097/744/1030 1096/743/1030 1090/740/1030 1092/748/1030
f 1088/736/1031 1087/735/1031 1095/742/1031 1097/744/1031 1092/749/1031
f 1098/750/1032 1100/751/1032 1101/752/1032 1099/753/1032
f 1100/751/1033 1092/754/1033 1102/755/1033 1101/752/1033
f 1083/756/1034 1093/746/1034 1094/745/1034 1084/738/1034 1085/737/1034 1098/757/1034 1099/758/1034
f 1099/753/1035 1101/752/1035 1089/739/1035 1091/741/1035 1083/747/1035
f 1085/737/1036 1086/734/1036 1100/759/1036 1098/760/1036
f 1089/739/1037 1101/752/1037 1102/755/1037
f 1100/759/1038 1086/734/1038 1088/736/1038 1092/761/1038
f 1092/762/1039 1090/740/1039 1089/739/1039 1102/755/1039
f 1106/734/1040 1107/735/1040 1108/736/1040
f 1106/734/1041 1105/737/1041 1104/738/1041 1107/735/1041
f 1109/739/1042 1110/740/1042 1111/741/1042
f 1115/742/1043 1116/743/1043 1117/744/1043
f 1115/742/1044 1114/745/1044 1113/746/1044 1116/743/1044
f 1103/747/1045 1111/741/1045 1110/740/1045 1116/743/1045 1113/746/1045
f 1114/745/1046 1115/742/1046 1107/735/1046 1104/738/1046
f 1117/744/1047 1116/743/1047 1110/740/1047 1112/748/1047
f 1108/736/1048 1107/735/1048 1115/742/1048 1117/744/1048 1112/749/1048
f 1118/750/1049 1120/751/1049 1121/752/1049 1119/753/1049
f 1120/751/1050 1112/754/1050 1122/755/1050 1121/752/1050
f 1103/756/1051 1113/746/1051 1114/745/1051 1104/738/1051 1105/737/1051 1118/757/1051 1119/758/1051
f 1119/753/1052 1121/752/1052 1109/739/1052 1111/741/1052 1103/747/1052
f 1105/737/1053 1106/734/1053 1120/759/1053 1118/760/1053
f 1109/739/1054 1121/752/1054 1122/755/1054
f 1120/759/1055 1106/734/1055 1108/736/1055 1112/761/1055
f 1112/762/1056 1110/740/1056 1109/739/1056 1122/755/1056
f 1126/734/1057 1127/735/1057 1128/736/1057
f 1126/734/1058 1125/737/1058 1124/738/1058 1127/735/1058
f 1129/739/1059 1130/740/1059 1131/741/1059
f 1135/742/1060 1136/743/1060 1137/744/1060
f 1135/742/1061 1134/745/1061 1133/746/1061 1136/743/1061
f 1123/747/1062 1131/741/1062 1130/740/1062 1136/743/1062 1133/746/1062
f 1134/745/1063 1135/742/1063 1127/735/1063 1124/738/1063
f 1137/744/1064 1136/743/1064 1130/740/1064 1132/748/1064
f 1128/736/1065 1127/735/1065 1135/742/1065 1137/744/1065 1132/749/1065
f 1138/750/1066 1140/751/1066 1141/752/1066 1139/753/1066
f 1140/751/1067 1132/754/1067 1142/755/1067 1141/752/1067
f 1123/756/1068 1133/746/1068 1134/745/1068 1124/738/1068 1125/737/1068 1138/757/1068 1139/758/1068
f 1139/753/1069 1141/752/1069 1129/739/1069 1131/741/1069 1123/747/1069
f 1125/737/1070 1126/734/1070 1140/759/1070 1138/760/1070
f 1129/739/1071 1141/752/1071 1142/755/1071
f 1140/759/1072 1126/734/1072 1128/736/1072 1132/761/1072
f 1132/762/1073 1130/740/1073 1129/739/1073 1142/755/1073
f 1146/734/1074 1147/735/1074 1148/736/1074
f 1146/734/1075 1145/737/1075 1144/738/1075 1147/735/1075
f 1149/739/1076 1150/740/1076 1151/741/1076
f 1155/742/1077 1156/743/1077 1157/744/1077
f 1155/742/1078 1154/745/1078 1153/746/1078 1156/743/1078
f 1143/747/1079 1151/741/1079 1150/740/1079 1156/743/1079 1153/746/1079
f 1154/745/1080 1155/742/1080 1147/735/1080 1144/738/1080
f 1157/744/1081 1156/743/1081 1150/740/1081 1152/748/1081
f 1148/736/1082 1147/735/1082 1155/742/1082 1157/744/1082 1152/749/1082
f 1158/750/1083 1160/751/1083 1161/752/1083 1159/753/1083
f 1160/751/1084 1152/754/1084 1162/755/1084 1161/752/1084
f 1143/756/1085 1153/746/1085 1154/745/1085 1144/738/1085 1145/737/1085 1158/757/1085 1159/758/1085
f 1159/753/1086 1161/752/1086 1149/739/1086 1151/741/1086 1143/747/1086
f 1145/737/1087 1146/734/1087 1160/759/1087 1158/760/1087
f 1149/739/1088 1161/752/1088 1162/755/1088
f 1160/759/1089 1146/734/1089 1148/736/1089 1152/761/1089
f 1152/762/1090 1150/740/1090 1149/739/1090 1162/755/1090
f 1166/734/1091 1167/735/1091 1168/736/1091
f 1166/734/1092 1165/737/1092 1164/738/1092 1167/735/1092
f 1169/739/1093 1170/740/1093 1171/741/1093
f 1175/742/1094 1176/743/1094 1177/744/1094
f 1175/742/1095 1174/745/1095 1173/746/1095 1176/743/1095
f 1163/747/1096 1171/741/1096 1170/740/1096 1176/743/1096 1173/746/1096
f 1174/745/1097 1175/742/1097 1167/735/1097 1164/738/1097
f 1177/744/1098 1176/743/1098 1170/740/1098 1172/748/1098
f 1168/736/1099 1167/735/1099 1175/742/1099 1177/744/1099 1172/749/1099
f 1178/750/1100 1180/751/1100 1181/752/1100 1179/753/1100
f 1180/751/1101 1172/754/1101 1182/755/1101 1181/752/1101
f 1163/756/1102 1173/746/1102 1174/745/1102 1164/738/1102 1165/737/1102 1178/757/1102 1179/758/1102
f 1179/753/1103 1181/752/1103 1169/739/1103 1171/741/1103 1163/747/1103
f 1165/737/1104 1166/734/1104 1180/759/1104 1178/760/1104
f 1169/739/1105 1181/752/1105 1182/755/1105
f 1180/759/1106 1166/734/1106 1168/736/1106 1172/761/1106
f 1172/762/1107 1170/740/1107 1169/739/1107 1182/755/1107
f 1186/734/1108 1187/735/1108 1188/736/1108
f 1186/734/1109 1185/737/1109 1184/738/1109 1187/735/1109
f 1189/739/1110 1190/740/1110 1191/741/1110
f 1195/742/1111 1196/743/1111 1197/744/1111
f 1195/742/1112 1194/745/1112 1193/746/1112 1196/743/1112
f 1183/747/1113 1191/741/1113 1190/740/1113 1196/743/1113 1193/746/1113
f 1194/745/1114 1195/742/1114 1187/735/1114 1184/738/1114
f 1197/744/1115 1196/743/1115 1190/740/1115 1192/748/1115
f 1188/736/1116 1187/735/1116 1195/742/1116 1197/744/1116 1192/749/1116
f 1198/750/1117 1200/751/1117 1201/752/1117 1199/753/1117
f 1200/751/1118 1192/754/1118 1202/755/1118 1201/752/1118
f 1183/756/1119 1193/746/1119 1194/745/1119 1184/738/1119 1185/737/1119 1198/757/1119 1199/758/1119
f 1199/753/1120 1201/752/1120 1189/739/1120 1191/741/1120 1183/747/1120
f 1185/737/1121 1186/734/1121 1200/759/1121 1198/760/1121
f 1189/739/1122 1201/752/1122 1202/755/1122
f 1200/759/1123 1186/734/1123 1188/736/1123 1192/761/1123
f 1192/762/1124 1190/740/1124 1189/739/1124 1202/755/1124
f 1206/734/1125 1207/735/1125 1208/736/1125
f 1206/734/1126 1205/737/1126 1204/738/1126 1207/735/1126
f 1209/739/1127 1210/740/1127 1211/741/1127
f 1215/742/1128 1216/743/1128 1217/744/1128
f 1215/742/1129 1214/745/1129 1213/746/1129 1216/743/1129
f 1203/747/1130 1211/741/1130 1210/740/1130 1216/743/1130 1213/746/1130
f 1214/745/1131 1215/742/1131 1207/735/1131 1204/738/1131
f 1217/744/1132 1216/743/1132 1210/740/1132 1212/748/1132
f 1208/736/1133 1207/735/1133 1215/742/1133 1217/744/1133 1212/749/1133
f 1218/750/1134 1220/751/1134 1221/752/1134 1219/753/1134
f 1220/751/1135 1212/754/1135 1222/755/1135 1221/752/1135
f 1203/756/1136 1213/746/1136 1214/745/1136 1204/738/1136 1205/737/1136 1218/757/1136 1219/758/1136
f 1219/753/1137 1221/752/1137 1209/739/1137 1211/741/1137 1203/747/1137
f 1205/737/1138 1206/734/1138 1220/759/1138 1218/760/1138
f 1209/739/1139 1221/752/1139 1222/755/1139
f 1220/759/1140 1206/734/1140 1208/736/1140 1212/761/1140
f 1212/762/1141 1210/740/1141 1209/739/1141 1222/755/1141
f 1226/734/1142 1227/735/1142 1228/736/1142
f 1226/734/1143 1225/737/1143 1224/738/1143 1227/735/1143
f 1229/739/1144 1230/740/1144 1231/741/1144
f 1235/742/1145 1236/743/1145 1237/744/1145
f 1235/742/1146 1234/745/1146 1233/746/1146 1236/743/1146
f 1223/747/1147 1231/741/1147 1230/740/1147 1236/743/1147 1233/746/1147
f 1234/745/1148 1235/742/1148 1227/735/1148 1224/738/1148
f 1237/744/1149 1236/743/1149 1230/740/1149 1232/748/1149
f 1228/736/1150 1227/735/1150 1235/742/1150 1237/744/1150 1232/749/1150
f 1238/750/1151 1240/751/1151 1241/752/1151 1239/753/1151
f 1240/751/1152 1232/754/1152 1242/755/1152 1241/752/1152
f 1223/756/1153 1233/746/1153 1234/745/1153 1224/738/1153 1225/737/1153 1238/757/1153 1239/758/1153
f 1239/753/1154 1241/752/1154 1229/739/1154 1231/741/1154 1223/747/1154
f 1225/737/1155 1226/734/1155 1240/759/1155 1238/760/1155
f 1229/739/1156 1241/752/1156 1242/755/1156
f 1240/759/1157 1226/734/1157 1228/736/1157 1232/761/1157
f 1232/762/1158 1230/740/1158 1229/739/1158 1242/755/1158
f 1246/734/1159 1247/735/1159 1248/736/1159
f 1246/734/1160 1245/737/1160 1244/738/1160 1247/735/1160
f 1249/739/1161 1250/740/1161 1251/741/1161
f 1255/742/1162 1256/743/1162 1257/744/1162
f 1255/742/1163 1254/745/1163 1253/746/1163 1256/743/1163
f 1243/747/1164 1251/741/1164 1250/740/1164 1256/743/1164 1253/746/1164
f 1254/745/1165 1255/742/1165 1247/735/1165 1244/738/1165
f 1257/744/1166 1256/743/1166 1250/740/1166 1252/748/1166
f 1248/736/1167 1247/735/1167 1255/742/1167 1257/744/1167 1252/749/1167
f 1258/750/1168 1260/751/1168 1261/752/1168 1259/753/1168
f 1260/751/1169 1252/754/1169 1262/755/1169 1261/752/1169
f 1243/756/1170 1253/746/1170 1254/745/1170 1244/738/1170 1245/737/1170 1258/757/1170 1259/758/1170
f 1259/753/1171 1261/752/1171 1249/739/1171 1251/741/1171 1243/747/1171
f 1245/737/1172 1246/734/1172 1260/759/1172 1258/760/1172
f 1249/739/1173 1261/752/1173 1262/755/1173
f 1260/759/1174 1246/734/1174 1248/736/1174 1252/761/1174
f 1252/762/1175 1250/740/1175 1249/739/1175 1262/755/1175
o Cube.007
v -0.516358 -0.146721 -3.202566
v -0.278913 -0.134735 -3.071040
v -0.331069 -0.139009 -3.003993
v -0.380890 0.691992 -2.989781
v -0.328734 0.696265 -3.056829
v -0.369611 0.799058 -3.028129
v -0.561570 0.683921 -3.151267
v -0.529157 0.686577 -3.192934
v -0.559578 0.574173 -3.190238
v -0.451442 1.000682 -3.083637
v -0.365945 -0.137386 -3.221170
v -0.290223 -0.133857 -3.162041
v -0.340044 0.697143 -3.147830
v -0.415766 0.693615 -3.206959
v -0.392509 0.813821 -3.165760
v -0.464294 -0.147278 -2.987514
v -0.492354 -0.148585 -3.009425
v -0.514022 0.683728 -2.973315
v -0.542186 0.682416 -2.995307
v -0.487276 0.907398 -3.079230
v -0.702196 0.043513 -2.917467
v -0.968356 0.286090 -2.835286
v -0.970884 0.019989 -2.884001
v -1.021887 0.477894 -3.058400
v -1.019360 0.743996 -3.009686
v -1.016354 0.664586 -3.058469
v -0.780322 0.429520 -3.101309
v -0.778751 0.594890 -3.071035
v -0.746442 0.440747 -3.068759
v -0.937936 0.751808 -3.118972
v -0.806004 0.423266 -2.832833
v -0.901809 0.462504 -2.812118
v -0.952812 0.920410 -2.986517
v -0.857007 0.881172 -3.007232
v -0.912578 0.928299 -3.028834
v -0.878939 -0.316371 -2.958964
v -0.843438 -0.330910 -2.966640
v -0.930006 0.141770 -3.133311
v -0.894373 0.127176 -3.141016
v -0.904427 0.595731 -3.123431
v -1.123829 -0.183468 -2.919671
v -1.399050 0.028342 -2.876929
v -1.396827 0.150988 -2.953099
v -1.383355 0.885975 -2.854406
v -1.385579 0.763329 -2.778236
v -1.371757 0.906845 -2.803999
v -1.136661 0.616527 -2.844188
v -1.138043 0.540308 -2.796852
v -1.112142 0.454135 -2.834055
v -1.275386 0.989806 -2.777941
v -1.236310 -0.229015 -2.821651
v -1.334510 -0.131165 -2.819982
v -1.321039 0.603822 -2.721289
v -1.222839 0.505972 -2.722957
v -1.269690 0.677753 -2.718888
v -1.297198 0.191331 -3.039918
v -1.260810 0.155072 -3.040537
v -1.283796 0.926290 -2.941165
v -1.247272 0.889895 -2.941786
v -1.246509 0.923581 -2.816204
v -1.518731 -0.137772 -2.719727
v -1.794704 -0.034093 -2.735440
v -1.782093 0.145868 -2.799370
v -1.809893 0.816121 -2.659070
v -1.822504 0.636160 -2.595140
v -1.808897 0.803319 -2.607409
v -1.569169 0.607473 -2.603987
v -1.577007 0.495635 -2.564257
v -1.542847 0.443675 -2.598016
v -1.724659 0.894836 -2.553846
v -1.642548 -0.287473 -2.658098
v -1.739157 -0.218094 -2.675178
v -1.766957 0.452159 -2.534878
v -1.670348 0.382781 -2.517797
v -1.720830 0.539257 -2.515389
v -1.672424 0.278463 -2.853957
v -1.636625 0.252754 -2.847628
v -1.700300 0.948623 -2.713619
v -1.664368 0.922819 -2.707266
v -1.688076 0.864555 -2.586670
v -1.835063 -0.242364 -2.399233
v -2.102454 -0.307025 -2.381680
v -2.091402 -0.353108 -2.466180
v -2.153063 0.466282 -2.486293
v -2.164115 0.512366 -2.401793
v -2.155893 0.596698 -2.445601
v -1.919078 0.554070 -2.448033
v -1.925946 0.582709 -2.395520
v -1.888553 0.468459 -2.416680
v -2.082582 0.830433 -2.438480
v -1.953790 -0.219278 -2.302440
v -2.047604 -0.250698 -2.311289
v -2.109264 0.568693 -2.331401
v -2.015451 0.600112 -2.322553
v -2.069609 0.695196 -2.341955
v -1.986242 -0.373556 -2.551912
v -1.951479 -0.361913 -2.548633
v -2.047976 0.445849 -2.571965
v -2.013083 0.457535 -2.568673
v -2.043697 0.734123 -2.463562
v -2.196600 -0.077349 -1.931014
v -2.380076 -0.541054 -2.061115
v -2.320957 -0.565426 -2.123753
v -2.427673 0.165883 -2.193161
v -2.486792 0.190254 -2.130523
v -2.464580 0.289861 -2.164160
v -2.300103 0.599520 -2.035782
v -2.336843 0.614666 -1.996855
v -2.289175 0.557063 -1.991225
v -2.441150 0.632858 -2.123679
v -2.332816 -0.236991 -1.916525
v -2.387957 -0.407479 -1.974354
v -2.494673 0.323829 -2.043761
v -2.439532 0.494318 -1.985932
v -2.473927 0.510356 -2.033757
v -2.200306 -0.424026 -2.136587
v -2.179873 -0.360850 -2.115158
v -2.307105 0.307184 -2.205986
v -2.286596 0.370595 -2.184477
v -2.391957 0.595716 -2.120890
v -2.488160 -0.187003 -1.628353
v -2.711197 -0.266232 -1.777136
v -2.670676 -0.113179 -1.831295
v -2.780552 0.617752 -1.740943
v -2.821073 0.464699 -1.686783
v -2.806600 0.633976 -1.695352
v -2.605415 0.591220 -1.572149
v -2.630597 0.496105 -1.538491
v -2.583478 0.447082 -1.549972
v -2.766535 0.808347 -1.610964
v -2.620447 -0.381300 -1.630345
v -2.693091 -0.382269 -1.693348
v -2.802968 0.348662 -1.602996
v -2.730323 0.349631 -1.539993
v -2.776587 0.475775 -1.566303
v -2.553505 0.058916 -1.829531
v -2.526586 0.059275 -1.806185
v -2.663463 0.789727 -1.739180
v -2.636444 0.790087 -1.715747
v -2.718318 0.783084 -1.621052
v -2.749475 -0.464932 -1.172162
v -2.968055 -0.414664 -1.336229
v -2.904186 -0.508540 -1.394273
v -2.901727 0.286363 -1.425700
v -2.965597 0.380239 -1.367656
v -2.925858 0.433918 -1.392911
v -2.745551 0.301129 -1.240641
v -2.785243 0.359469 -1.204569
v -2.747342 0.224648 -1.199425
v -2.864610 0.632767 -1.332510
v -2.904783 -0.345089 -1.176144
v -2.971649 -0.343896 -1.245318
v -2.969191 0.451007 -1.276745
v -2.902324 0.449814 -1.207571
v -2.926262 0.550854 -1.254970
v -2.766625 -0.614688 -1.390746
v -2.741847 -0.615131 -1.365113
v -2.764261 0.180289 -1.422176
v -2.739392 0.179845 -1.396447
v -2.822122 0.512379 -1.328823
v -2.767511 -0.434121 -0.889000
v -3.035139 -0.382004 -0.949481
v -3.013395 -0.211707 -1.011867
v -3.070297 0.484263 -0.881974
v -3.092041 0.313966 -0.819587
v -3.078075 0.481815 -0.830637
v -2.842942 0.328283 -0.787520
v -2.856456 0.222451 -0.748749
v -2.816874 0.169634 -0.776317
v -3.005795 0.599255 -0.764755
v -2.897691 -0.594185 -0.846922
v -2.989675 -0.545010 -0.879764
v -3.046577 0.150960 -0.749871
v -2.954594 0.101785 -0.717028
v -3.005625 0.250460 -0.723771
v -2.898090 -0.069933 -1.049138
v -2.864005 -0.088156 -1.036968
v -2.955073 0.625937 -0.919218
v -2.920861 0.607647 -0.907003
v -2.964192 0.568824 -0.791153
v -3.026946 -0.507358 -0.421469
v -3.236384 0.230622 -0.496161
v -3.181813 0.227543 -0.561720
v -3.089757 0.799170 -0.451950
v -3.144329 0.802250 -0.386391
v -3.098064 0.843601 -0.400944
v -2.935872 0.135838 -0.342654
v -2.969786 0.137752 -0.301912
v -2.947088 -0.011470 -0.326243
v -3.015858 0.734343 -0.334514
v -3.168720 -0.208814 -0.381706
v -3.233976 0.055017 -0.420208
v -3.141920 0.626644 -0.310438
v -3.076664 0.362813 -0.271936
v -3.088291 0.576182 -0.284846
v -3.056239 -0.036886 -0.596939
v -3.032058 -0.134650 -0.582672
v -2.964271 0.534926 -0.487145
v -2.940000 0.436797 -0.472825
v -2.986928 0.591442 -0.358136
v -3.041185 -0.546128 0.093749
v -3.272575 -0.254997 -0.048933
v -3.213886 -0.289299 -0.112300
v -3.198699 0.506011 -0.076436
v -3.257388 0.540313 -0.013069
v -3.218009 0.612967 -0.033208
v -3.027659 0.265506 0.092751
v -3.064132 0.286823 0.132131
v -3.028010 0.143806 0.124861
v -3.148165 0.717347 0.037645
v -3.196115 -0.393203 0.103980
v -3.268498 -0.295050 0.041513
v -3.253311 0.500261 0.077377
v -3.180928 0.402107 0.139844
v -3.206542 0.560214 0.104677
v -3.076659 -0.424749 -0.121362
v -3.049837 -0.461120 -0.098215
v -3.061568 0.370656 -0.085492
v -3.034646 0.334149 -0.062258
v -3.107240 0.588837 0.030081
v -3.020367 -0.289916 0.576241
v -3.134521 -0.332116 0.330352
v -3.069392 -0.188729 0.310964
v -3.202924 0.554791 0.357519
v -3.268052 0.411404 0.376907
v -3.249138 0.576151 0.383373
v -3.141697 0.501063 0.591602
v -3.182171 0.411954 0.603650
v -3.136206 0.355089 0.616628
v -3.257157 0.743105 0.482543
v -3.135231 -0.459129 0.498455
v -3.164460 -0.448563 0.406892
v -3.297992 0.294957 0.453447
v -3.268762 0.284391 0.545010
v -3.293184 0.416722 0.503123
v -2.967654 -0.038852 0.379862
v -2.956823 -0.042767 0.413791
v -3.101257 0.704564 0.426369
v -3.090385 0.700634 0.460425
v -3.210707 0.709571 0.498153
v -2.792777 -0.348314 0.832062
v -3.057784 -0.451561 0.833614
v -3.054123 -0.344004 0.755734
v -3.117894 0.438189 0.839732
v -3.121555 0.330632 0.917613
v -3.117243 0.485535 0.890819
v -2.881329 0.462429 0.888178
v -2.883604 0.395586 0.936578
v -2.848099 0.330240 0.904930
v -3.043685 0.690414 0.927619
v -2.902697 -0.503890 0.915420
v -2.996981 -0.521612 0.902026
v -3.060752 0.260582 0.986024
v -2.966469 0.278304 0.999419
v -3.022223 0.396902 0.993607
v -2.956762 -0.206206 0.681900
v -2.921826 -0.199639 0.686863
v -3.020602 0.575891 0.765950
v -2.985534 0.582483 0.770932
v -3.007048 0.648479 0.894887
v -2.721433 -0.593155 1.444052
v -2.932773 0.047934 1.334648
v -2.888535 -0.071611 1.263224
v -2.772199 0.535451 1.280611
v -2.816437 0.654996 1.352035
v -2.771978 0.648831 1.324351
v -2.609986 0.034010 1.424954
v -2.637478 0.108302 1.469341
v -2.620512 -0.066527 1.459135
v -2.680936 0.606098 1.381063
v -2.852989 -0.209649 1.476157
v -2.920777 -0.001392 1.424169
v -2.804441 0.605669 1.441556
v -2.736653 0.397412 1.493544
v -2.747547 0.571399 1.459816
v -2.772012 -0.411294 1.234788
v -2.746893 -0.488465 1.254052
v -2.655758 0.196005 1.252194
v -2.630545 0.118546 1.271530
v -2.657556 0.434791 1.369507
v -2.625355 -0.164027 1.830395
v -2.737906 0.074905 1.589275
v -2.668849 -0.148689 1.562324
v -2.547644 0.439470 1.549491
v -2.616701 0.663064 1.576441
v -2.563678 0.620710 1.571559
v -2.490375 0.367176 1.784114
v -2.533291 0.506130 1.800862
v -2.520209 0.346202 1.819261
v -2.510306 0.732194 1.656088
v -2.743752 0.169110 1.762551
v -2.771703 0.214656 1.671342
v -2.650498 0.802816 1.658509
v -2.622546 0.757269 1.749718
v -2.609271 0.832297 1.698416
v -2.563981 -0.443760 1.622415
v -2.553624 -0.460637 1.656213
v -2.442849 0.144606 1.609540
v -2.432453 0.127666 1.643464
v -2.490654 0.575061 1.675394
v -2.168309 0.109736 2.214998
v -2.297787 -0.314959 2.013874
v -2.242421 -0.193986 1.967100
v -2.394743 0.515927 1.958531
v -2.450109 0.394954 2.005305
v -2.437647 0.560038 1.989844
v -2.313452 0.821372 2.169785
v -2.347860 0.746192 2.198853
v -2.300448 0.725588 2.207564
v -2.443005 0.853476 2.066064
v -2.278933 -0.188706 2.184217
v -2.315401 -0.319184 2.103786
v -2.467723 0.390730 2.095217
v -2.431255 0.521208 2.175649
v -2.463386 0.574993 2.127509
v -2.144438 0.070354 1.994363
v -2.130924 0.118703 2.024167
v -2.296829 0.780082 1.985775
v -2.283265 0.828612 2.015690
v -2.395784 0.858123 2.074637
v -1.849238 -0.414911 2.504976
v -2.092414 -0.090098 2.384020
v -2.055768 -0.318471 2.325445
v -1.967819 0.240616 2.223245
v -2.004465 0.468989 2.281820
v -1.965969 0.417210 2.245610
v -1.772045 0.093957 2.369779
v -1.794819 0.235881 2.406181
v -1.772941 0.070098 2.416317
v -1.869483 0.493365 2.274034
v -1.985467 -0.042335 2.518808
v -2.066021 0.033122 2.464983
v -1.978071 0.592209 2.362783
v -1.897517 0.516752 2.416608
v -1.919948 0.601886 2.366668
v -1.935106 -0.648474 2.313194
v -1.905256 -0.676435 2.333139
v -1.847241 -0.089157 2.211003
v -1.817280 -0.117222 2.231022
v -1.841851 0.328709 2.280637
v -1.401374 -0.359290 2.675702
v -1.678502 -0.167162 2.701378
v -1.671726 -0.213046 2.616556
v -1.678338 0.597803 2.600384
v -1.685114 0.643688 2.685205
v -1.671576 0.716726 2.641417
v -1.432839 0.453964 2.631526
v -1.437050 0.482479 2.684239
v -1.407110 0.344124 2.661673
v -1.580478 0.861052 2.646816
v -1.519455 -0.233671 2.776087
v -1.617522 -0.173060 2.770091
v -1.624134 0.637789 2.753919
v -1.526067 0.577178 2.759915
v -1.575078 0.717082 2.742457
v -1.567138 -0.324310 2.527642
v -1.530799 -0.346770 2.529864
v -1.573823 0.486617 2.511532
v -1.537348 0.464074 2.513762
v -1.547836 0.738042 2.620332
v -1.007526 -0.287803 2.874967
v -1.257897 -0.475195 2.812509
v -1.234492 -0.396566 2.736059
v -1.328032 0.400137 2.787695
v -1.351438 0.321507 2.864145
v -1.342011 0.467744 2.836506
v -1.117299 0.518749 2.892932
v -1.131844 0.469884 2.940443
v -1.088673 0.403338 2.919761
v -1.284978 0.710968 2.886777
v -1.132567 -0.446313 2.931195
v -1.218070 -0.499362 2.895125
v -1.311611 0.297340 2.946761
v -1.226108 0.350389 2.982831
v -1.278910 0.449261 2.961249
v -1.123739 -0.256168 2.686256
v -1.092055 -0.236511 2.699622
v -1.217357 0.540436 2.737927
v -1.185555 0.560167 2.751343
v -1.240738 0.667833 2.864910
v -0.673626 -0.048094 3.063382
v -0.883498 -0.260480 2.912974
v -0.834186 -0.185928 2.850889
v -0.940813 0.609713 2.876760
v -0.990125 0.535162 2.938846
v -0.971549 0.680310 2.918366
v -0.783171 0.753467 3.052093
v -0.813817 0.707137 3.090676
v -0.766126 0.642127 3.085826
v -0.937035 0.932637 2.989109
v -0.809985 -0.212272 3.069159
v -0.876339 -0.275005 3.004154
v -0.982966 0.520636 3.030026
v -0.916612 0.583369 3.095031
v -0.958006 0.676663 3.057347
v -0.713409 -0.040510 2.845772
v -0.688821 -0.017264 2.869860
v -0.820120 0.755029 2.871647
v -0.795441 0.778362 2.895825
v -0.887951 0.891087 2.983853
v -0.208778 -0.257392 3.196062
v -0.475682 0.209782 3.230873
v -0.482943 0.027525 3.160103
v -0.448749 0.639047 3.037406
v -0.441488 0.821304 3.108176
v -0.429925 0.792588 3.057263
v -0.203483 0.334531 3.051319
v -0.198971 0.447796 3.095299
v -0.179115 0.273104 3.089623
v -0.329249 0.823442 3.030307
v -0.307855 0.123152 3.285174
v -0.404774 0.257870 3.284968
v -0.370581 0.869392 3.162271
v -0.273662 0.734674 3.162477
v -0.318262 0.863552 3.134665
v -0.395187 -0.309535 3.081174
v -0.359273 -0.359456 3.081250
v -0.361054 0.302222 2.958533
v -0.325007 0.252115 2.958610
v -0.306381 0.651564 3.018686
v 0.355011 -0.393992 3.092580
v 0.079761 -0.328353 3.096338
v 0.092741 -0.338197 3.012057
v 0.060529 0.491037 3.020509
v 0.047548 0.500880 3.104790
v 0.060744 0.598622 3.065261
v 0.300364 0.438162 3.071063
v 0.292297 0.444279 3.123440
v 0.327066 0.325370 3.099911
v 0.143570 0.782767 3.084060
v 0.231090 -0.357272 3.183621
v 0.134807 -0.335521 3.169870
v 0.102594 0.493713 3.178322
v 0.198878 0.471961 3.192073
v 0.147979 0.600229 3.174343
v 0.202502 -0.370720 2.931419
v 0.238180 -0.378780 2.936514
v 0.170213 0.458536 2.939927
v 0.206024 0.450446 2.945041
v 0.180667 0.682218 3.057415
v 0.742702 -0.302563 2.992404
v 0.465109 -0.046476 2.985238
v 0.483781 0.092228 2.915347
v 0.487727 0.793057 3.036549
v 0.469056 0.654353 3.106441
v 0.489659 0.799469 3.088547
v 0.726032 0.473416 3.087742
v 0.714428 0.387217 3.131177
v 0.746126 0.305408 3.097548
v 0.580977 0.855538 3.135772
v 0.611799 -0.347454 3.063787
v 0.515695 -0.230865 3.048701
v 0.519642 0.469964 3.169903
v 0.615745 0.353375 3.184990
v 0.570932 0.531931 3.184805
v 0.599726 0.131990 2.852121
v 0.635337 0.088788 2.857711
v 0.603591 0.832791 2.973367
v 0.639336 0.789428 2.978978
v 0.616090 0.793091 3.102320
v 1.109216 -0.461860 3.017974
v 0.969447 0.055391 2.819295
v 1.050011 0.082621 2.798039
v 1.024853 0.787382 2.924910
v 0.944289 0.760151 2.946166
v 0.985376 0.841783 2.960020
v 1.099294 0.303642 3.117627
v 1.049226 0.286720 3.130837
v 1.087391 0.149521 3.128035
v 1.009472 0.833871 3.063338
v 0.967705 -0.283832 2.961063
v 0.932063 -0.093648 2.886079
v 0.906905 0.611112 3.012949
v 0.942546 0.420929 3.087934
v 0.932655 0.620887 3.065574
v 1.175352 -0.075064 2.848448
v 1.188559 -0.145538 2.876233
v 1.150106 0.629807 2.975283
v 1.163363 0.559070 3.003172
v 1.051491 0.709346 3.064529
v 1.605469 0.280177 2.748375
v 1.413813 -0.294091 2.709659
v 1.405173 -0.145966 2.636514
v 1.249089 0.467455 2.731216
v 1.257729 0.319330 2.804361
v 1.241493 0.491219 2.782814
v 1.427400 0.890363 2.812934
v 1.432770 0.798310 2.858390
v 1.470066 0.812321 2.830529
v 1.270002 0.805908 2.834924
v 1.537965 -0.106955 2.810590
v 1.467756 -0.286154 2.783618
v 1.311673 0.327267 2.878320
v 1.381881 0.506466 2.905292
v 1.323179 0.525954 2.894902
v 1.464963 0.196929 2.581409
v 1.490979 0.263332 2.591403
v 1.308837 0.810111 2.676149
v 1.334951 0.876761 2.686181
v 1.305111 0.845374 2.806789
v 2.006383 0.019139 2.414924
v 1.762996 -0.281612 2.416688
v 1.751839 -0.111017 2.347316
v 1.661237 0.571031 2.472357
v 1.672394 0.400436 2.541730
v 1.665326 0.580828 2.524213
v 1.887795 0.732977 2.515167
v 1.894729 0.626960 2.558279
v 1.927785 0.610817 2.523398
v 1.728088 0.814685 2.569239
v 1.920854 -0.282428 2.489329
v 1.831662 -0.359614 2.477535
v 1.741060 0.322434 2.602576
v 1.830252 0.399620 2.614370
v 1.771078 0.483163 2.616456
v 1.827595 0.156090 2.281413
v 1.860645 0.184692 2.285783
v 1.736940 0.837952 2.406500
v 1.770113 0.866660 2.410887
v 1.760872 0.823915 2.534560
v 2.288383 0.257511 2.346006
v 2.200585 -0.091759 2.108530
v 2.232716 0.152484 2.081149
v 2.032008 0.660051 2.115385
v 1.999877 0.415808 2.142766
v 1.993384 0.611378 2.143496
v 2.090594 0.818600 2.346998
v 2.070626 0.666814 2.364014
v 2.114268 0.697826 2.375705
v 1.966898 0.803002 2.238478
v 2.219120 -0.141709 2.280078
v 2.193422 -0.223086 2.190097
v 1.992714 0.284481 2.224333
v 2.018412 0.365857 2.314313
v 1.981408 0.432851 2.270308
v 2.294064 0.506086 2.139544
v 2.303586 0.536240 2.172887
v 2.093313 1.013406 2.173739
v 2.102872 1.043672 2.207206
v 2.007926 0.858633 2.252124
v 2.683063 0.237821 1.841672
v 2.463821 -0.203880 1.864869
v 2.475748 -0.244275 1.780382
v 2.337332 0.488312 1.756200
v 2.325405 0.528708 1.840687
v 2.322386 0.619902 1.796143
v 2.527349 0.912368 1.789361
v 2.519937 0.937472 1.841866
v 2.562987 0.873342 1.820694
v 2.360233 0.959158 1.800339
v 2.582671 0.104007 1.940709
v 2.506264 -0.061469 1.933885
v 2.367848 0.671118 1.909703
v 2.444255 0.836594 1.916527
v 2.387929 0.853028 1.897556
v 2.564669 -0.125752 1.692661
v 2.592982 -0.064434 1.695190
v 2.426191 0.606753 1.668541
v 2.454610 0.668299 1.671079
v 2.402566 0.914690 1.775097
v 2.736483 -0.429556 1.485586
v 2.619302 0.436123 1.370317
v 2.699538 0.395445 1.337043
v 2.759888 0.842860 1.508623
v 2.679653 0.883538 1.541898
v 2.730513 0.885975 1.552302
v 2.814176 0.088470 1.633837
v 2.764313 0.113750 1.654516
v 2.788837 -0.041422 1.634433
v 2.768076 0.710741 1.640860
v 2.604358 -0.039974 1.474816
v 2.576750 0.262870 1.427560
v 2.637101 0.710285 1.599141
v 2.664709 0.407441 1.646396
v 2.671038 0.617139 1.642587
v 2.816565 0.050380 1.346583
v 2.826795 -0.061840 1.364093
v 2.876834 0.498036 1.518156
v 2.887102 0.385397 1.535733
v 2.798227 0.556333 1.624566
v 2.889154 0.108264 1.190815
v 2.810612 -0.027123 0.933456
v 2.894735 -0.028806 0.919334
v 2.845068 0.794770 0.903131
v 2.760945 0.796452 0.917254
v 2.798175 0.905464 0.918753
v 2.862034 0.917901 1.144184
v 2.809755 0.918947 1.152960
v 2.846068 0.822718 1.176759
v 2.794666 1.154785 1.005231
v 2.768360 0.055882 1.102847
v 2.755291 0.007078 1.008118
v 2.705624 0.830653 0.991916
v 2.718693 0.879457 1.086645
v 2.717086 0.972805 1.034937
v 3.001726 0.017592 0.997250
v 3.006569 0.035676 1.032352
v 2.951984 0.841135 0.980993
v 2.956845 0.859287 1.016227
v 2.833827 1.078982 1.030510
v 3.094721 -0.063700 0.686444
v 2.855487 0.163424 0.552226
v 2.910567 0.188896 0.489270
v 2.893403 0.993761 0.549364
v 2.838323 0.968289 0.612321
v 2.872185 1.073410 0.595110
v 3.073824 0.772703 0.710658
v 3.039594 0.756873 0.749783
v 3.079831 0.634523 0.738576
v 2.937492 1.189134 0.668970
v 2.940486 0.000114 0.699625
v 2.864647 0.086044 0.640264
v 2.847482 0.890909 0.700359
v 2.923322 0.804979 0.759719
v 2.890828 0.966901 0.729636
v 3.047178 0.132374 0.477595
v 3.075281 0.100532 0.499591
v 3.029918 0.937279 0.537697
v 3.058126 0.905318 0.559776
v 2.981709 1.084440 0.657972
v 3.233146 0.051922 0.259741
v 2.956195 0.208608 0.242328
v 2.977592 -0.013194 0.177866
v 2.979868 0.587392 0.039666
v 2.958472 0.809194 0.104128
v 2.980146 0.772576 0.056374
v 3.215850 0.588097 0.096622
v 3.202553 0.725937 0.136683
v 3.235121 0.572932 0.139853
v 3.070252 0.914689 0.041997
v 3.099605 0.350248 0.321256
v 3.004220 0.366650 0.303471
v 3.006496 0.967236 0.165272
v 3.101881 0.950834 0.183057
v 3.057578 1.013326 0.145137
v 3.095873 -0.277431 0.123380
v 3.131218 -0.283509 0.129970
v 3.098067 0.323340 -0.014782
v 3.133544 0.317239 -0.008167
v 3.106296 0.765607 0.039596
v 3.147122 -0.244138 -0.265857
v 2.901237 0.412145 -0.261082
v 2.901556 0.295074 -0.341922
v 3.002127 0.894601 -0.405200
v 3.001809 1.011673 -0.324361
v 3.024578 1.005131 -0.371370
v 3.223594 0.377880 -0.357764
v 3.223396 0.450635 -0.307526
v 3.234369 0.275954 -0.320751
v 3.132851 0.954849 -0.371326
v 3.048403 0.142819 -0.178066
v 2.960371 0.356963 -0.190836
v 3.060943 0.956491 -0.254114
v 3.148975 0.742347 -0.241344
v 3.119413 0.918551 -0.268367
v 2.988995 -0.047667 -0.419681
v 3.021616 -0.127018 -0.414949
v 3.089506 0.552101 -0.482905
v 3.122248 0.472453 -0.478155
v 3.148485 0.783469 -0.389218
v 3.151629 0.287898 -0.695923
v 2.924274 0.046648 -0.808892
v 2.955535 0.167746 -0.876061
v 2.837111 0.923309 -0.813124
v 2.805850 0.802211 -0.745956
v 2.814969 0.965777 -0.765681
v 3.022068 1.063294 -0.668290
v 3.002640 0.988037 -0.626548
v 3.048896 0.943350 -0.641325
v 2.856371 1.208098 -0.697441
v 3.027451 0.062722 -0.669766
v 2.951601 -0.002014 -0.722269
v 2.833177 0.753548 -0.659332
v 2.909027 0.818285 -0.606829
v 2.858611 0.911499 -0.633680
v 3.065523 0.367192 -0.899229
v 3.093629 0.391180 -0.879773
v 2.947022 1.122615 -0.836276
v 2.975234 1.146693 -0.816748
v 2.903206 1.188019 -0.712306
v 3.012691 0.124485 -1.152507
v 2.812536 -0.323966 -1.255487
v 2.828662 -0.169833 -1.323516
v 2.673308 0.493111 -1.252785
v 2.657181 0.338978 -1.184756
v 2.653265 0.514977 -1.204307
v 2.843431 0.798749 -1.116406
v 2.833409 0.702962 -1.074129
v 2.877921 0.699591 -1.091148
v 2.679555 0.797833 -1.137357
v 2.915475 -0.218689 -1.121439
v 2.846657 -0.351738 -1.170518
v 2.691303 0.311206 -1.099787
v 2.760120 0.444255 -1.050708
v 2.705764 0.494773 -1.074853
v 2.914770 0.134127 -1.351034
v 2.940271 0.183429 -1.332848
v 2.759356 0.796860 -1.280284
v 2.784952 0.846345 -1.262030
v 2.722941 0.820131 -1.154409
v 2.776435 0.177882 -1.467373
v 2.503082 0.429334 -1.511822
v 2.526477 0.220301 -1.578725
v 2.558658 0.840279 -1.699302
v 2.535263 1.049312 -1.632399
v 2.561542 1.017477 -1.678006
v 2.790118 0.747379 -1.616411
v 2.775579 0.877283 -1.574833
v 2.804353 0.715715 -1.571974
v 2.657369 1.129439 -1.678331
v 2.642210 0.500559 -1.414082
v 2.548472 0.553198 -1.441990
v 2.580653 1.173177 -1.562567
v 2.674392 1.120537 -1.534659
v 2.635482 1.205755 -1.575465
v 2.645365 -0.065504 -1.625927
v 2.680100 -0.085010 -1.615586
v 2.677463 0.554674 -1.746471
v 2.712328 0.535096 -1.736091
v 2.690362 0.971857 -1.680475
v 2.521597 0.439334 -1.817921
v 2.431009 -0.219709 -1.993462
v 2.489377 -0.130357 -2.043833
v 2.330178 0.489432 -2.111111
v 2.271810 0.400079 -2.060740
v 2.283281 0.547971 -2.086396
v 2.374489 1.026383 -1.920619
v 2.338215 0.970854 -1.889316
v 2.383492 0.977002 -1.876285
v 2.262372 0.905586 -2.032569
v 2.423344 0.080720 -1.834645
v 2.401345 -0.139378 -1.906555
v 2.242147 0.480411 -1.973834
v 2.264145 0.700508 -1.901923
v 2.238694 0.692046 -1.954728
v 2.576404 0.187280 -2.029020
v 2.584555 0.268838 -2.002373
v 2.417144 0.806846 -2.096309
v 2.425326 0.888709 -2.069563
v 2.307052 0.935844 -2.021427
v 2.065958 -0.141660 -2.306276
v 1.994081 0.587797 -2.483422
v 2.080305 0.523795 -2.496280
v 2.100652 1.104284 -2.338820
v 2.014429 1.168287 -2.325962
v 2.061275 1.181864 -2.305065
v 2.110265 0.487629 -2.170890
v 2.056681 0.527404 -2.162899
v 2.083610 0.361916 -2.169679
v 2.072305 1.090694 -2.203319
v 1.945599 0.218196 -2.363494
v 1.935294 0.468061 -2.429260
v 1.955642 1.048550 -2.271800
v 1.965947 0.798686 -2.206034
v 1.976053 0.997620 -2.218199
v 2.186911 0.205059 -2.445600
v 2.190729 0.112470 -2.421230
v 2.207184 0.785771 -2.288175
v 2.211017 0.692837 -2.263715
v 2.103737 0.929443 -2.205266
v 1.781506 -0.383308 -2.531877
v 1.638592 0.368452 -2.675152
v 1.719352 0.397790 -2.694946
v 1.716365 0.937076 -2.521307
v 1.635605 0.907738 -2.501512
v 1.679722 0.959995 -2.483253
v 1.793516 0.240574 -2.379472
v 1.743327 0.222341 -2.367171
v 1.778915 0.084524 -2.381244
v 1.710310 0.831164 -2.387549
v 1.638528 -0.113690 -2.568174
v 1.601795 0.160884 -2.623048
v 1.598809 0.700170 -2.449408
v 1.635542 0.425596 -2.394534
v 1.628309 0.644344 -2.399928
v 1.845991 0.158981 -2.662797
v 1.859603 0.057237 -2.642463
v 1.842916 0.698434 -2.489180
v 1.856579 0.596310 -2.468770
v 1.750307 0.700045 -2.396998
v 1.457865 -0.237160 -2.723622
v 1.199224 0.047712 -2.815885
v 1.239047 -0.082322 -2.888659
v 1.281426 0.656163 -2.933682
v 1.241603 0.786197 -2.860908
v 1.276468 0.805955 -2.897837
v 1.489107 0.482572 -2.803927
v 1.464359 0.563382 -2.758702
v 1.494629 0.403478 -2.762679
v 1.366301 0.918897 -2.862042
v 1.312074 0.014963 -2.683225
v 1.226549 0.093726 -2.729314
v 1.268928 0.832211 -2.774337
v 1.354453 0.753448 -2.728248
v 1.323463 0.880015 -2.768161
v 1.368179 -0.305635 -2.924439
v 1.399871 -0.334821 -2.907361
v 1.410467 0.433006 -2.969438
v 1.442277 0.403711 -2.952296
v 1.401529 0.768507 -2.869040
v 1.133529 0.010302 -3.013490
v 0.887734 -0.223461 -3.073812
v 0.886930 0.007892 -3.127975
v 0.787152 0.576964 -2.973743
v 0.787956 0.345611 -2.919579
v 0.784790 0.538154 -2.923604
v 1.009255 0.639632 -2.884695
v 1.009755 0.495857 -2.851035
v 1.046971 0.503973 -2.879693
v 0.843900 0.708435 -2.853534
v 1.036039 -0.329009 -2.980083
v 0.947838 -0.371313 -3.011396
v 0.848060 0.197759 -2.857163
v 0.936261 0.240063 -2.825851
v 0.877751 0.333559 -2.827165
v 0.973281 0.308430 -3.157564
v 1.005964 0.324106 -3.145961
v 0.873442 0.877292 -3.003311
v 0.906247 0.893026 -2.991665
v 0.881055 0.741025 -2.880136
v 0.663990 -0.121264 -3.008389
v 0.385941 0.112645 -3.003458
v 0.398640 -0.001418 -3.084558
v 0.403105 0.762024 -3.145574
v 0.390406 0.876087 -3.064473
v 0.408228 0.908718 -3.111327
v 0.645644 0.624155 -3.098113
v 0.637752 0.695040 -3.047712
v 0.667863 0.541024 -3.061320
v 0.501103 1.041719 -3.110724
v 0.539249 0.093502 -2.920258
v 0.441912 0.156868 -2.933019
v 0.446377 0.920310 -2.994034
v 0.543714 0.856944 -2.981273
v 0.497503 0.981673 -3.008005
v 0.509127 -0.191643 -3.162619
v 0.545196 -0.215124 -3.157891
v 0.513515 0.571932 -3.223580
v 0.549719 0.548364 -3.218833
v 0.534415 0.898898 -3.128958
v 0.105357 -0.310889 -2.996411
v -0.021796 -0.213238 -3.236420
v 0.060491 -0.243291 -3.263326
v 0.039602 0.581411 -3.239514
v -0.042685 0.611464 -3.212609
v -0.000736 0.697649 -3.212870
v 0.101567 0.512612 -3.005921
v 0.050429 0.531289 -2.989200
v 0.087236 0.404542 -2.975754
v 0.019757 0.874113 -3.119697
v -0.032937 -0.239891 -3.063858
v -0.063750 -0.210291 -3.154661
v -0.084638 0.614412 -3.130849
v -0.053825 0.584812 -3.040046
v -0.060444 0.713461 -3.085888
v 0.182982 -0.306177 -3.203587
v 0.194400 -0.317145 -3.169939
v 0.162008 0.518570 -3.179816
v 0.173468 0.507561 -3.146043
v 0.060468 0.764535 -3.104497
vn 0.7775 0.1379 0.6136
vn 0.7876 0.0367 0.6150
vn -0.7799 0.1968 -0.5941
vn 0.6040 0.1513 -0.7825
vn 0.6132 0.0502 -0.7883
vn -0.1233 0.0096 -0.9923
vn 0.9906 0.0615 -0.1225
vn -0.1460 0.3540 -0.9238
vn 0.9224 0.3690 -0.1139
vn -0.6132 -0.0502 0.7883
vn -0.7101 0.3689 0.5997
vn 0.0598 -0.9981 -0.0171
vn -0.9906 -0.0615 0.1225
vn 0.1233 -0.0096 0.9923
vn -0.9530 0.2778 0.1211
vn 0.1091 0.3119 0.9438
vn -0.8203 0.3770 -0.4300
vn -0.9936 0.0294 -0.1091
vn -0.9774 -0.0291 0.2095
vn 0.6646 0.1284 -0.7361
vn 0.4168 0.7360 0.5335
vn 0.3379 0.3676 0.8664
vn 0.9459 0.2020 0.2538
vn -0.7118 0.1793 0.6791
vn 0.5526 0.3193 -0.7699
vn -0.7499 0.3576 -0.5565
vn -0.3378 -0.3674 -0.8665
vn -0.1066 0.0276 -0.9939
vn 0.1371 -0.1796 0.9741
vn 0.7118 -0.1793 -0.6791
vn -0.9459 -0.2020 -0.2538
vn 0.2288 0.0414 -0.9726
vn -0.6112 0.0123 -0.7914
vn 0.3820 0.1367 -0.9140
vn -0.9769 0.1251 0.1730
vn -0.9998 0.0183 0.0003
vn 0.9447 0.1605 0.2860
vn -0.0091 -0.0262 0.9996
vn -0.1130 -0.1302 0.9850
vn 0.6779 -0.1100 0.7268
vn -0.7558 -0.0735 0.6507
vn 0.6180 0.1547 0.7708
vn -0.3576 0.1810 0.9162
vn 0.1131 0.1303 -0.9850
vn 0.7824 0.5823 -0.2208
vn -0.4705 -0.4594 -0.7534
vn 0.7558 0.0735 -0.6507
vn -0.6779 0.1100 -0.7268
vn 0.9342 0.3431 -0.0977
vn -0.5703 0.7808 -0.2550
vn 0.8970 0.2715 0.3488
vn -0.9957 0.0840 0.0400
vn -0.9810 -0.0001 -0.1938
vn 0.8009 0.1498 0.5798
vn -0.2365 -0.0912 0.9673
vn -0.3126 -0.2070 0.9271
vn 0.5755 -0.1446 0.8049
vn -0.8924 -0.1276 0.4329
vn 0.3478 0.1025 0.9320
vn -0.5726 0.0929 0.8146
vn 0.3126 0.2071 -0.9270
vn 0.6489 0.6617 0.3757
vn -0.0702 -0.3296 -0.9415
vn 0.8924 0.1276 -0.4329
vn -0.5755 0.1446 -0.8049
vn 0.8591 0.3738 0.3495
vn -0.7503 0.6498 0.1217
vn 0.6784 0.2463 0.6922
vn -0.9896 0.0228 -0.1419
vn -0.9932 -0.0769 -0.0880
vn 0.9464 0.3191 -0.0502
vn -0.1343 0.1241 0.9831
vn -0.0995 0.0169 0.9949
vn 0.6382 0.0669 0.7669
vn -0.7713 -0.0425 0.6350
vn 0.6144 0.4902 0.6182
vn -0.8513 0.2769 0.4456
vn 0.0995 -0.0169 -0.9949
vn 0.1243 0.3476 -0.9294
vn 0.2352 -0.8400 0.4889
vn 0.7713 0.0425 -0.6350
vn -0.6382 -0.0669 -0.7669
vn 0.5876 0.3435 -0.7327
vn -0.5990 0.2171 -0.7708
vn 0.8128 0.4917 -0.3125
vn -0.7378 -0.0624 -0.6721
vn -0.7488 -0.1701 -0.6406
vn 0.6829 0.6051 0.4091
vn -0.8013 0.0572 0.5955
vn -0.6787 -0.0294 0.7338
vn -0.0041 0.0939 0.9956
vn -0.9845 -0.1327 0.1149
vn -0.5871 0.5673 0.5775
vn -0.9624 0.1069 -0.2498
vn 0.6786 0.0295 -0.7339
vn 0.1973 0.3303 -0.9230
vn 0.5709 -0.4233 0.7035
vn 0.9845 0.1327 -0.1149
vn 0.0041 -0.0939 -0.9956
vn 0.5919 0.4633 -0.6595
vn -0.2681 0.1342 -0.9540
vn 0.3965 0.8647 -0.3083
vn -0.8599 0.0478 -0.5083
vn -0.7543 -0.0323 -0.6557
vn 0.4237 0.2004 0.8833
vn -0.6524 -0.0821 0.7535
vn -0.6420 -0.1884 0.7432
vn 0.1344 -0.1016 0.9857
vn -0.9887 -0.1495 0.0067
vn -0.2034 0.1340 0.9699
vn -0.9431 0.0835 0.3217
vn 0.6420 0.1885 -0.7432
vn 0.2796 0.9426 0.1828
vn 0.6026 -0.4032 -0.6887
vn 0.9887 0.1495 -0.0067
vn -0.1344 0.1016 -0.9857
vn 0.6279 0.5176 0.5812
vn -0.6709 0.4509 -0.5888
vn 0.2284 0.3330 0.9149
vn -0.6065 0.0767 -0.7914
vn -0.6932 -0.0263 -0.7202
vn 0.8269 0.2517 0.5029
vn -0.7090 0.1548 0.6880
vn -0.7184 0.0297 0.6950
vn 0.0049 0.0395 0.9992
vn -0.9992 0.0015 -0.0407
vn 0.3577 0.4752 0.8039
vn -0.8514 0.3989 -0.3406
vn 0.7184 -0.0296 -0.6950
vn 0.7720 0.2931 -0.5640
vn -0.5352 -0.6767 0.5056
vn 0.9992 -0.0015 0.0407
vn -0.0049 -0.0395 -0.9992
vn 0.9469 0.2708 -0.1734
vn 0.1965 0.2350 -0.9519
vn 0.9036 0.3795 0.1988
vn -0.9866 0.0725 -0.1460
vn -0.9351 -0.0104 -0.3542
vn 0.7019 0.1643 0.6931
vn -0.3760 -0.0872 0.9225
vn -0.4224 -0.1996 0.8842
vn 0.4451 -0.1290 0.8862
vn -0.9436 -0.1337 0.3028
vn 0.1846 0.1127 0.9763
vn -0.7208 0.0917 0.6871
vn 0.4224 0.1997 -0.8841
vn 0.5500 0.7475 0.3725
vn 0.1394 -0.3563 -0.9239
vn 0.9436 0.1337 -0.3028
vn -0.4451 0.1290 -0.8862
vn 0.8006 0.4101 0.4369
vn -0.7944 0.5906 -0.1422
vn 0.5585 0.2697 0.7844
vn -0.6431 0.5225 -0.5599
vn -0.7406 0.2398 -0.6277
vn 0.7688 0.0127 0.6394
vn -0.4048 0.0332 0.9138
vn -0.6369 -0.0452 0.7696
vn -0.0907 -0.1737 0.9806
vn -0.9579 0.1028 0.2680
vn 0.4297 0.0811 0.8993
vn -0.1408 0.3899 0.9100
vn 0.6371 0.0453 -0.7695
vn 0.9741 0.2120 0.0782
vn -0.7456 -0.2731 -0.6078
vn 0.9579 -0.1028 -0.2680
vn 0.0907 0.1737 -0.9806
vn 0.9643 0.1161 0.2380
vn 0.8473 0.4472 -0.2863
vn 0.8162 0.1013 0.5689
vn -0.6763 0.1678 -0.7172
vn -0.7207 0.0450 -0.6918
vn 0.7661 0.1619 0.6219
vn -0.5819 0.0856 0.8088
vn -0.6692 -0.0207 0.7428
vn 0.0211 -0.0454 0.9987
vn -0.9985 0.0167 0.0524
vn 0.3255 0.2608 0.9089
vn -0.8472 0.4689 0.2498
vn 0.6692 0.0208 -0.7428
vn 0.8947 0.3404 -0.2891
vn -0.6856 -0.6766 -0.2687
vn 0.9985 -0.0167 -0.0524
vn -0.0211 0.0454 -0.9987
vn 0.9657 0.2508 0.0675
vn 0.3166 0.3909 -0.8643
vn 0.8325 0.2803 0.4779
vn -0.4554 0.0871 -0.8860
vn -0.2979 0.0063 -0.9546
vn -0.0724 0.1659 0.9835
vn -0.9521 -0.0825 0.2944
vn -0.9419 -0.1866 0.2792
vn -0.4162 -0.1311 0.8998
vn -0.8488 -0.1202 -0.5149
vn -0.6638 0.1174 0.7386
vn -0.9706 0.1058 -0.2161
vn 0.9419 0.1867 -0.2791
vn 0.2747 0.8930 0.3566
vn 0.8458 -0.4274 -0.3193
vn 0.8488 0.1202 0.5149
vn 0.4162 0.1311 -0.8998
vn 0.2956 0.4705 0.8314
vn -0.1925 0.5037 -0.8422
vn -0.2328 0.3050 0.9234
vn -0.9996 0.0259 -0.0112
vn -0.9883 -0.0658 -0.1374
vn 0.8685 0.2709 0.4150
vn -0.1377 -0.0162 0.9903
vn -0.1184 -0.1156 0.9862
vn 0.6320 -0.0316 0.7743
vn -0.8028 -0.1280 0.5824
vn 0.3724 0.2266 0.9000
vn -0.6699 0.1295 0.7310
vn 0.1184 0.1156 -0.9862
vn 0.2219 0.8395 -0.4959
vn 0.2202 -0.5770 -0.7865
vn 0.8028 0.1280 -0.5824
vn -0.6320 0.0316 -0.7743
vn 0.8160 0.5570 -0.1549
vn -0.8441 0.3801 -0.3782
vn 0.7461 0.4457 0.4947
vn -0.4688 0.3187 -0.8238
vn -0.7030 0.1546 -0.6942
vn 0.8905 0.0601 0.4510
vn -0.2044 0.1739 0.9633
vn -0.4728 0.0654 0.8787
vn 0.1023 -0.0481 0.9936
vn -0.9579 0.1771 0.2259
vn 0.7046 0.1816 0.6859
vn 0.2497 0.8594 0.4462
vn 0.4730 -0.0654 -0.8786
vn 0.9273 0.1707 -0.3333
vn -0.9460 -0.3203 -0.0497
vn 0.9579 -0.1771 -0.2259
vn -0.1023 0.0481 -0.9936
vn 0.9915 0.1075 -0.0736
vn 0.6076 0.2747 -0.7452
vn 0.9554 0.1385 0.2608
vn 0.0055 0.1213 -0.9926
vn -0.2663 0.0339 -0.9633
vn 0.7132 0.1374 0.6874
vn -0.7661 0.4496 0.4593
vn -0.9063 0.1949 0.3751
vn -0.3070 0.0840 0.9480
vn -0.7963 0.1513 -0.5856
vn 0.6435 0.3618 0.6745
vn 0.2763 0.5373 -0.7969
vn 0.9063 -0.1948 -0.3750
vn 0.9828 0.1293 -0.1319
vn -0.9420 -0.3072 0.1353
vn 0.7963 -0.1513 0.5856
vn 0.3070 -0.0840 -0.9480
vn 0.9713 0.1113 0.2104
vn 0.7512 0.1392 -0.6453
vn 0.8922 0.1921 0.4087
vn -0.6082 -0.0284 -0.7933
vn -0.4836 -0.1142 -0.8678
vn -0.0122 0.3655 0.9307
vn -0.8630 -0.0674 0.5007
vn -0.7762 -0.1592 0.6101
vn -0.1931 -0.0296 0.9807
vn -0.9580 -0.2079 -0.1974
vn -0.7102 0.1977 0.6756
vn -0.9812 0.0435 -0.1882
vn 0.7761 0.1593 -0.6102
vn -0.1256 0.6719 -0.7299
vn 0.9195 -0.3577 0.1633
vn 0.9580 0.2079 0.1974
vn 0.1931 0.0296 -0.9807
vn 0.3029 0.9474 0.1038
vn -0.3848 0.2298 -0.8939
vn -0.4075 0.5946 0.6931
vn -0.6014 0.1066 -0.7918
vn -0.8101 0.0203 -0.5860
vn 0.9868 0.1356 0.0885
vn -0.1371 0.4741 0.8697
vn -0.3873 0.2244 0.8942
vn 0.3854 0.1069 0.9165
vn -0.9837 0.1669 0.0666
vn 0.9340 0.3332 0.1290
vn -0.1246 0.5655 -0.8153
vn 0.3874 -0.2242 -0.8942
vn 0.6949 0.1095 -0.7107
vn -0.7010 -0.2806 0.6556
vn 0.9837 -0.1669 -0.0666
vn -0.3854 -0.1069 -0.9165
vn 0.8924 0.0982 -0.4403
vn 0.2066 0.1149 -0.9717
vn 0.9575 0.1794 -0.2260
vn -0.9857 0.1023 -0.1341
vn -0.9972 -0.0096 -0.0745
vn 0.9752 0.2175 -0.0398
vn 0.0202 0.1308 0.9912
vn -0.0490 0.0195 0.9986
vn 0.6601 0.0204 0.7509
vn -0.7476 0.0071 0.6641
vn 0.7990 0.3484 0.4902
vn -0.6513 0.4368 0.6205
vn 0.0490 -0.0194 -0.9986
vn 0.3946 0.3303 -0.8574
vn -0.5030 -0.7763 0.3798
vn 0.7476 -0.0071 -0.6641
vn -0.6601 -0.0204 -0.7509
vn 0.7313 0.2714 -0.6257
vn -0.4170 0.3060 -0.8559
vn 0.9133 0.3397 -0.2249
vn -0.9584 0.0079 -0.2853
vn -0.9251 -0.0846 -0.3702
vn 0.7625 0.3199 0.5624
vn -0.3861 -0.0049 0.9224
vn -0.3335 -0.0999 0.9374
vn 0.4201 -0.0095 0.9074
vn -0.9075 -0.1324 0.3987
vn 0.0975 0.2710 0.9576
vn -0.8773 0.1274 0.4627
vn 0.3334 0.1000 -0.9375
vn 0.1426 0.7117 -0.6878
vn 0.5998 -0.6424 -0.4771
vn 0.9075 0.1324 -0.3987
vn -0.4201 0.0095 -0.9074
vn 0.7731 0.6032 -0.1962
vn -0.6937 0.3042 -0.6529
vn 0.6128 0.5526 0.5649
vn -0.7918 0.0152 -0.6107
vn -0.7340 -0.0764 -0.6748
vn 0.5166 0.3197 0.7943
vn -0.6921 -0.0156 0.7216
vn -0.6402 -0.1105 0.7602
vn 0.0700 -0.0230 0.9973
vn -0.9893 -0.1344 0.0563
vn -0.2700 0.2650 0.9257
vn -0.9873 0.1237 0.0995
vn 0.6402 0.1106 -0.7602
vn 0.3349 0.6933 -0.6381
vn 0.7565 -0.6340 -0.1604
vn 0.9893 0.1344 -0.0563
vn -0.0700 0.0230 -0.9973
vn 0.7863 0.6168 0.0365
vn -0.4144 0.3034 -0.8580
vn 0.3681 0.5734 0.7319
vn -0.9411 0.1543 -0.3008
vn -0.9984 0.0504 -0.0273
vn 0.9119 0.1164 -0.3934
vn 0.4684 0.3382 0.8162
vn 0.2448 0.1776 0.9532
vn 0.8066 0.0726 0.5867
vn -0.6714 0.1817 0.7185
vn 0.9365 0.2877 -0.2006
vn -0.2629 0.8696 -0.4180
vn -0.2446 -0.1775 -0.9532
vn 0.2719 0.1218 -0.9546
vn -0.4341 -0.3110 0.8455
vn 0.6714 -0.1817 -0.7185
vn -0.8066 -0.0726 -0.5867
vn 0.5610 0.0975 -0.8220
vn -0.2877 0.1500 -0.9459
vn 0.7655 0.1703 -0.6204
vn -0.9848 0.0684 -0.1597
vn -0.9883 -0.0369 -0.1479
vn 0.9592 0.2572 0.1177
vn -0.1212 0.0886 0.9887
vn -0.1448 -0.0157 0.9893
vn 0.5949 0.0149 0.8037
vn -0.8017 -0.0372 0.5965
vn 0.6265 0.3530 0.6949
vn -0.7457 0.3061 0.5918
vn 0.1449 0.0158 -0.9893
vn 0.3769 0.4169 -0.8272
vn -0.2303 -0.9700 0.0778
vn 0.8017 0.0372 -0.5965
vn -0.5949 -0.0149 -0.8037
vn 0.7670 0.3459 -0.5404
vn -0.5080 0.3189 -0.8001
vn 0.9089 0.4151 -0.0408
vn -0.9896 0.1429 0.0192
vn -0.9816 0.0379 -0.1871
vn 0.8610 0.1316 0.4913
vn -0.2182 -0.0538 0.9744
vn -0.3380 -0.1585 0.9277
vn 0.5123 -0.1491 0.8457
vn -0.8768 -0.0772 0.4747
vn 0.4498 0.1179 0.8853
vn -0.4926 0.1583 0.8558
vn 0.3381 0.1586 -0.9277
vn 0.8381 0.5389 0.0847
vn -0.3354 -0.3875 -0.8587
vn 0.8768 0.0772 -0.4747
vn -0.5123 0.1491 -0.8457
vn 0.9347 0.3139 0.1668
vn -0.4244 0.8908 -0.1621
vn 0.7976 0.2328 0.5565
vn -0.3417 0.3219 -0.8830
vn -0.3016 0.1585 -0.9402
vn 0.2400 0.0469 0.9696
vn -0.8986 0.0046 0.4388
vn -0.9637 -0.0802 0.2546
vn -0.5420 -0.1676 0.8235
vn -0.9090 0.0422 -0.4147
vn -0.2555 0.0987 0.9618
vn -0.8881 0.3527 0.2946
vn 0.9638 0.0803 -0.2544
vn 0.7619 0.3011 0.5735
vn -0.1126 -0.3827 -0.9170
vn 0.9090 -0.0422 0.4147
vn 0.5420 0.1676 -0.8235
vn 0.6424 0.1734 0.7465
vn 0.7883 0.6043 -0.1154
vn 0.2945 0.1466 0.9443
vn -0.9897 -0.1056 -0.0970
vn -0.9388 -0.1950 -0.2840
vn 0.4374 0.4186 0.7959
vn -0.1964 -0.0703 0.9780
vn 0.0059 -0.1511 0.9885
vn 0.5919 0.0262 0.8056
vn -0.7600 -0.2837 0.5848
vn -0.1268 0.1818 0.9751
vn -0.8060 -0.0138 0.5917
vn -0.0061 0.1512 -0.9885
vn -0.8671 0.4742 -0.1527
vn 0.7980 -0.2287 -0.5575
vn 0.7600 0.2837 -0.5848
vn -0.5919 -0.0262 -0.8056
vn -0.3479 0.9247 0.1546
vn -0.9658 0.1287 -0.2251
vn -0.1547 0.5088 0.8469
vn -0.9960 -0.0308 0.0843
vn -0.9874 -0.1105 -0.1129
vn 0.7581 0.2876 0.5853
vn -0.0682 -0.0732 0.9950
vn 0.0233 -0.1773 0.9839
vn 0.7180 -0.0321 0.6953
vn -0.7721 -0.2124 0.5990
vn 0.2548 0.1663 0.9526
vn -0.6366 0.0381 0.7702
vn -0.0234 0.1774 -0.9839
vn -0.4283 0.8861 0.1772
vn 0.3941 -0.3240 -0.8601
vn 0.7721 0.2124 -0.5990
vn -0.7180 0.0321 -0.6953
vn 0.5851 0.7519 0.3036
vn -0.9639 0.2663 -0.0047
vn 0.4754 0.4164 0.7749
vn -0.5751 -0.0160 -0.8179
vn -0.3219 -0.0636 -0.9447
vn -0.3539 0.1501 0.9232
vn -0.8788 -0.2011 0.4328
vn -0.7752 -0.3423 0.5310
vn -0.1678 -0.1322 0.9769
vn -0.8031 -0.2822 -0.5248
vn -0.7543 0.0249 0.6560
vn -0.9873 -0.0425 -0.1530
vn 0.7750 0.3425 -0.5311
vn -0.8685 0.4947 0.0306
vn 0.9783 -0.1453 -0.1480
vn 0.8031 0.2822 0.5248
vn 0.1678 0.1322 -0.9769
vn -0.5661 0.4570 0.6861
vn -0.7250 0.2291 -0.6495
vn -0.6599 0.2058 0.7226
vn -0.9915 -0.0820 -0.1008
vn -0.9811 -0.1870 -0.0491
vn 0.7916 0.5872 -0.1690
vn -0.2925 0.0958 0.9515
vn -0.1134 0.0114 0.9935
vn 0.5957 0.1387 0.7912
vn -0.7236 -0.1142 0.6807
vn -0.0968 0.6490 0.7546
vn -0.9318 0.1118 0.3453
vn 0.1132 -0.0113 -0.9935
vn -0.3541 0.2814 -0.8918
vn 0.8563 -0.4084 0.3162
vn 0.7236 0.1142 -0.6807
vn -0.5957 -0.1387 -0.7912
vn 0.1112 0.4064 -0.9069
vn -0.7672 0.0968 -0.6341
vn 0.1819 0.7877 -0.5885
vn 0.1003 0.7410 -0.6640
vn -0.1873 0.3737 -0.9085
vn 0.3541 -0.0648 0.9330
vn -0.7502 0.0346 0.6603
vn -0.9221 -0.0238 0.3863
vn -0.6423 -0.1974 0.7406
vn -0.9704 0.1886 -0.1505
vn -0.0103 0.0218 0.9997
vn -0.2687 0.3596 0.8936
vn 0.9222 0.0238 -0.3861
vn 0.8300 0.1282 0.5429
vn -0.4525 -0.1776 -0.8739
vn 0.9704 -0.1886 0.1505
vn 0.6423 0.1974 -0.7406
vn 0.7425 0.0386 0.6687
vn 0.9100 0.3201 0.2634
vn 0.4639 0.0244 0.8855
vn -0.1638 0.0695 -0.9840
vn -0.1661 -0.0294 -0.9857
vn 0.1639 0.2947 0.9414
vn -0.9925 0.0457 0.1134
vn -0.9847 -0.0561 0.1648
vn -0.5831 -0.0192 0.8122
vn -0.8151 -0.0605 -0.5762
vn -0.6383 0.3749 0.6723
vn -0.7292 0.2323 -0.6436
vn 0.9847 0.0562 -0.1648
vn 0.8646 0.4677 -0.1834
vn 0.0579 -0.8907 0.4509
vn 0.8151 0.0605 0.5762
vn 0.5831 0.0192 -0.8122
vn 0.8091 0.4268 0.4040
vn 0.4633 0.3012 -0.8335
vn 0.3184 0.5454 0.7754
vn -0.7732 0.1481 -0.6166
vn -0.7587 0.0324 -0.6507
vn 0.7067 0.1695 0.6869
vn -0.5949 0.0299 0.8033
vn -0.6627 -0.0698 0.7456
vn 0.0548 -0.0732 0.9958
vn -0.9964 -0.0272 0.0798
vn 0.1805 0.2198 0.9587
vn -0.8767 0.3105 0.3674
vn 0.6628 0.0699 -0.7456
vn 0.8728 0.4466 -0.1966
vn -0.3496 -0.7215 -0.5977
vn 0.9964 0.0272 -0.0798
vn -0.0548 0.0732 -0.9958
vn 0.9366 0.3057 0.1712
vn 0.1181 0.4989 -0.8585
vn 0.7316 0.3008 0.6118
vn -0.8976 0.0409 -0.4388
vn -0.9812 -0.0397 -0.1889
vn 0.9199 0.1887 -0.3439
vn -0.0820 0.4739 0.8768
vn -0.1416 0.2225 0.9646
vn 0.6859 0.1607 0.7097
vn -0.8944 0.1035 0.4350
vn 0.8476 0.4364 -0.3019
vn -0.6995 0.4342 -0.5676
vn 0.1416 -0.2224 -0.9646
vn 0.2969 0.1111 -0.9484
vn -0.2236 -0.2918 0.9300
vn 0.8944 -0.1035 -0.4350
vn -0.6859 -0.1607 -0.7097
vn 0.6051 0.1206 -0.7870
vn -0.2695 0.0813 -0.9596
vn 0.7362 0.2213 -0.6395
vn -0.8388 0.3078 -0.4491
vn -0.9681 0.1405 -0.2073
vn 0.9928 0.0697 -0.0971
vn 0.3523 0.1993 0.9144
vn 0.0787 0.0916 0.9927
vn 0.6179 -0.0207 0.7860
vn -0.6734 0.1884 0.7149
vn 0.9595 0.1963 0.2020
vn 0.4878 0.8355 0.2532
vn -0.0785 -0.0915 -0.9927
vn 0.6110 0.1583 -0.7757
vn -0.8334 -0.3156 0.4537
vn 0.6734 -0.1884 -0.7149
vn -0.6179 0.0207 -0.7860
vn 0.7991 0.1020 -0.5925
vn 0.1309 0.2547 -0.9581
vn 0.9467 0.1421 -0.2892
vn -0.9063 -0.0004 -0.4226
vn -0.8352 -0.0857 -0.5432
vn 0.5393 0.2977 0.7877
vn -0.5395 -0.0496 0.8406
vn -0.4752 -0.1468 0.8675
vn 0.2709 -0.0377 0.9619
vn -0.9632 -0.1684 0.2093
vn -0.1560 0.2036 0.9665
vn -0.9362 0.0797 0.3423
vn 0.4752 0.1468 -0.8675
vn -0.0177 0.8817 -0.4714
vn 0.7365 -0.4634 -0.4927
vn 0.9632 0.1684 -0.2093
vn -0.2709 0.0377 -0.9619
vn 0.6777 0.7114 0.1859
vn -0.7059 0.3070 -0.6383
vn 0.2882 0.4949 0.8198
vn -0.9318 -0.0605 -0.3580
vn -0.8419 -0.1417 -0.5207
vn 0.3578 0.3455 0.8675
vn -0.4677 -0.0827 0.8800
vn -0.3243 -0.1752 0.9296
vn 0.3560 -0.0163 0.9343
vn -0.9244 -0.2476 0.2903
vn -0.2794 0.1680 0.9454
vn -0.9261 0.0095 0.3771
vn 0.3241 0.1753 -0.9296
vn -0.6807 0.6595 -0.3189
vn 0.8550 -0.2816 -0.4354
vn 0.9244 0.2476 -0.2903
vn -0.3560 0.0163 -0.9343
vn 0.0815 0.9566 0.2799
vn -0.8596 0.1963 -0.4718
vn -0.1135 0.4865 0.8663
vn -0.8392 0.0783 -0.5382
vn -0.9528 -0.0095 -0.3034
vn 0.9672 0.1689 -0.1895
vn -0.0352 0.4185 0.9075
vn -0.1766 0.1967 0.9644
vn 0.6049 0.1217 0.7870
vn -0.9168 0.1216 0.3803
vn 0.9166 0.3908 -0.0844
vn -0.5656 0.5546 -0.6104
vn 0.1767 -0.1966 -0.9644
vn 0.4397 0.1271 -0.8891
vn -0.4303 -0.3185 0.8446
vn 0.9168 -0.1216 -0.3803
vn -0.6049 -0.1217 -0.7870
vn 0.7177 0.1234 -0.6853
vn -0.1256 0.1143 -0.9855
vn 0.8451 0.2142 -0.4899
vn -0.5583 -0.0996 -0.8236
vn -0.4376 -0.2074 -0.8749
vn -0.2947 0.6081 0.7372
vn -0.8961 -0.0544 0.4406
vn -0.7669 -0.1287 0.6287
vn -0.2804 0.0321 0.9593
vn -0.9621 -0.2570 -0.0908
vn -0.8970 0.2319 0.3762
vn -0.9460 0.0033 -0.3240
vn 0.7668 0.1288 -0.6288
vn -0.1662 0.3851 -0.9078
vn 0.8226 -0.2492 0.5111
vn 0.9621 0.2570 0.0908
vn 0.2804 -0.0321 -0.9593
vn 0.0191 0.7375 -0.6751
vn -0.3141 0.1264 -0.9409
vn -0.7284 0.6851 -0.0097
vn 0.2349 0.4856 -0.8420
vn 0.0491 0.2599 -0.9644
vn 0.1338 -0.0188 0.9908
vn -0.9077 0.0714 0.4135
vn -0.9900 -0.0036 0.1413
vn -0.7502 -0.1485 0.6443
vn -0.8335 0.1717 -0.5252
vn -0.2299 0.0747 0.9704
vn -0.5441 0.5503 0.6333
vn 0.9900 0.0037 -0.1411
vn 0.7434 0.1606 0.6492
vn -0.3239 -0.2533 -0.9115
vn 0.8335 -0.1717 0.5252
vn 0.7502 0.1485 -0.6443
vn 0.5936 0.0711 0.8016
vn 0.9111 0.3452 0.2252
vn 0.2750 0.0689 0.9590
vn -0.3861 0.5773 -0.7195
vn -0.3254 0.2882 -0.9006
vn 0.2497 -0.0343 0.9677
vn -0.8668 -0.0164 0.4983
vn -0.9678 -0.0819 0.2379
vn -0.6373 -0.2394 0.7325
vn -0.9486 0.0922 -0.3027
vn -0.2032 0.0206 0.9789
vn -0.6888 0.2878 0.6653
vn 0.9679 0.0820 -0.2376
vn 0.6940 0.1923 0.6938
vn -0.1586 -0.2139 -0.9639
vn 0.9486 -0.0922 0.3027
vn 0.6373 0.2394 -0.7325
vn 0.6149 0.0877 0.7837
vn 0.7773 0.4756 0.4118
vn 0.2988 0.0551 0.9527
vn -0.7546 0.1290 -0.6434
vn -0.8627 0.0187 -0.5054
vn 0.9615 0.1768 0.2103
vn -0.2980 0.2200 0.9289
vn -0.4155 0.0791 0.9062
vn 0.3284 0.0387 0.9437
vn -0.9615 0.0714 0.2655
vn 0.7771 0.3612 0.5155
vn -0.7063 0.6939 -0.1403
vn 0.4156 -0.0790 -0.9061
vn 0.6985 0.2222 -0.6803
vn -0.7187 -0.4940 0.4894
vn 0.9615 -0.0714 -0.2655
vn -0.3284 -0.0387 -0.9437
vn 0.9032 0.1889 -0.3855
vn 0.1144 0.2268 -0.9672
vn 0.9629 0.2632 -0.0591
vn -0.9980 -0.0177 -0.0607
vn -0.9438 -0.0785 -0.3211
vn 0.5730 0.1887 0.7975
vn -0.2649 -0.1524 0.9521
vn -0.1946 -0.2882 0.9376
vn 0.6208 -0.1018 0.7773
vn -0.9199 -0.2444 0.3068
vn 0.0865 0.0758 0.9934
vn -0.7286 -0.0082 0.6849
vn 0.1945 0.2884 -0.9376
vn -0.2843 0.6341 0.7191
vn 0.4137 -0.2062 -0.8868
vn 0.9199 0.2444 -0.3068
vn -0.6208 0.1018 -0.7773
vn 0.4163 0.4920 0.7646
vn -0.9493 0.2812 0.1406
vn 0.2813 0.2574 0.9244
vn -0.9513 0.1012 -0.2913
vn -0.9892 -0.0059 -0.1466
vn 0.9707 0.2014 -0.1312
vn 0.0108 0.2134 0.9769
vn -0.0783 0.0799 0.9937
vn 0.6402 0.0575 0.7661
vn -0.7977 0.0527 0.6008
vn 0.8789 0.3925 0.2710
vn -0.7643 0.5997 0.2370
vn 0.0783 -0.0798 -0.9937
vn 0.3860 0.2336 -0.8924
vn -0.4503 -0.5501 0.7032
vn 0.7977 -0.0527 -0.6008
vn -0.6402 -0.0575 -0.7661
vn 0.6990 0.2061 -0.6848
vn -0.2930 0.2186 -0.9308
vn 0.8766 0.2919 -0.3826
vn -0.2662 0.1267 -0.9556
vn -0.3042 0.0198 -0.9524
vn 0.3707 0.2038 0.9061
vn -0.9368 0.0736 0.3419
vn -0.9497 -0.0330 0.3115
vn -0.4534 -0.0372 0.8905
vn -0.8898 -0.0094 -0.4563
vn -0.2690 0.3187 0.9089
vn -0.8264 0.3596 -0.4333
vn 0.9497 0.0331 -0.3115
vn 0.9212 0.3882 -0.0256
vn -0.3855 -0.9078 -0.1651
vn 0.8898 0.0094 0.4562
vn 0.4534 0.0372 -0.8905
vn 0.8516 0.3056 0.4260
vn 0.5404 0.3499 -0.7652
vn 0.5173 0.3612 0.7758
vt 0.625000 0.818396
vt 0.625000 0.712132
vt 0.625000 0.807147
vt 0.352201 0.795597
vt 0.375000 0.681604
vt 0.625000 0.207495
vt 0.625000 0.271253
vt 0.591876 0.250000
vt 0.625000 0.567731
vt 0.625000 0.414770
vt 0.625000 0.532298
vt 0.375000 0.577311
vt 0.349230 0.448459
vt 0.375000 0.250000
vt 0.625000 0.500000
vt 0.625000 0.764441
vt 0.375000 0.000000
vt 0.625000 0.011292
vt 0.625000 0.028755
vt 0.375000 0.028648
vt 0.625000 0.220236
vt 0.625000 0.207495
vt 0.125000 0.500000
vt 0.160841 0.757193
vt 0.125000 0.721352
vt 0.625000 0.971245
vt 0.371404 0.967755
vt 0.625000 0.966037
vt 0.625000 0.250000
s 0
usemtl Material.001
f 1266/763/1176 1267/764/1176 1268/765/1176
f 1266/763/1177 1265/766/1177 1264/767/1177 1267/764/1177
f 1269/768/1178 1270/769/1178 1271/770/1178
f 1275/771/1179 1276/772/1179 1277/773/1179
f 1275/771/1180 1274/774/1180 1273/775/1180 1276/772/1180
f 1263/776/1181 1271/770/1181 1270/769/1181 1276/772/1181 1273/775/1181
f 1274/774/1182 1275/771/1182 1267/764/1182 1264/767/1182
f 1277/773/1183 1276/772/1183 1270/769/1183 1272/777/1183
f 1268/765/1184 1267/764/1184 1275/771/1184 1277/773/1184 1272/778/1184
f 1278/779/1185 1280/780/1185 1281/781/1185 1279/782/1185
f 1280/780/1186 1272/783/1186 1282/784/1186 1281/781/1186
f 1263/785/1187 1273/775/1187 1274/774/1187 1264/767/1187 1265/766/1187 1278/786/1187 1279/787/1187
f 1279/782/1188 1281/781/1188 1269/768/1188 1271/770/1188 1263/776/1188
f 1265/766/1189 1266/763/1189 1280/788/1189 1278/789/1189
f 1269/768/1190 1281/781/1190 1282/784/1190
f 1280/788/1191 1266/763/1191 1268/765/1191 1272/790/1191
f 1272/791/1192 1270/769/1192 1269/768/1192 1282/784/1192
f 1286/763/1193 1287/764/1193 1288/765/1193
f 1286/763/1194 1285/766/1194 1284/767/1194 1287/764/1194
f 1289/768/1195 1290/769/1195 1291/770/1195
f 1295/771/1196 1296/772/1196 1297/773/1196
f 1295/771/1197 1294/774/1197 1293/775/1197 1296/772/1197
f 1283/776/1198 1291/770/1198 1290/769/1198 1296/772/1198 1293/775/1198
f 1294/774/1199 1295/771/1199 1287/764/1199 1284/767/1199
f 1297/773/1200 1296/772/1200 1290/769/1200 1292/777/1200
f 1288/765/1201 1287/764/1201 1295/771/1201 1297/773/1201 1292/778/1201
f 1298/779/1202 1300/780/1202 1301/781/1202 1299/782/1202
f 1300/780/1203 1292/783/1203 1302/784/1203 1301/781/1203
f 1283/785/1204 1293/775/1204 1294/774/1204 1284/767/1204 1285/766/1204 1298/786/1204 1299/787/1204
f 1299/782/1205 1301/781/1205 1289/768/1205 1291/770/1205 1283/776/1205
f 1285/766/1206 1286/763/1206 1300/788/1206 1298/789/1206
f 1289/768/1207 1301/781/1207 1302/784/1207
f 1300/788/1208 1286/763/1208 1288/765/1208 1292/790/1208
f 1292/791/1209 1290/769/1209 1289/768/1209 1302/784/1209
f 1306/763/1210 1307/764/1210 1308/765/1210
f 1306/763/1211 1305/766/1211 1304/767/1211 1307/764/1211
f 1309/768/1212 1310/769/1212 1311/770/1212
f 1315/771/1213 1316/772/1213 1317/773/1213
f 1315/771/1214 1314/774/1214 1313/775/1214 1316/772/1214
f 1303/776/1215 1311/770/1215 1310/769/1215 1316/772/1215 1313/775/1215
f 1314/774/1216 1315/771/1216 1307/764/1216 1304/767/1216
f 1317/773/1217 1316/772/1217 1310/769/1217 1312/777/1217
f 1308/765/1218 1307/764/1218 1315/771/1218 1317/773/1218 1312/778/1218
f 1318/779/1219 1320/780/1219 1321/781/1219 1319/782/1219
f 1320/780/1220 1312/783/1220 1322/784/1220 1321/781/1220
f 1303/785/1221 1313/775/1221 1314/774/1221 1304/767/1221 1305/766/1221 1318/786/1221 1319/787/1221
f 1319/782/1222 1321/781/1222 1309/768/1222 1311/770/1222 1303/776/1222
f 1305/766/1223 1306/763/1223 1320/788/1223 1318/789/1223
f 1309/768/1224 1321/781/1224 1322/784/1224
f 1320/788/1225 1306/763/1225 1308/765/1225 1312/790/1225
f 1312/791/1226 1310/769/1226 1309/768/1226 1322/784/1226
f 1326/763/1227 1327/764/1227 1328/765/1227
f 1326/763/1228 1325/766/1228 1324/767/1228 1327/764/1228
f 1329/768/1229 1330/769/1229 1331/770/1229
f 1335/771/1230 1336/772/1230 1337/773/1230
f 1335/771/1231 1334/774/1231 1333/775/1231 1336/772/1231
f 1323/776/1232 1331/770/1232 1330/769/1232 1336/772/1232 1333/775/1232
f 1334/774/1233 1335/771/1233 1327/764/1233 1324/767/1233
f 1337/773/1234 1336/772/1234 1330/769/1234 1332/777/1234
f 1328/765/1235 1327/764/1235 1335/771/1235 1337/773/1235 1332/778/1235
f 1338/779/1236 1340/780/1236 1341/781/1236 1339/782/1236
f 1340/780/1237 1332/783/1237 1342/784/1237 1341/781/1237
f 1323/785/1238 1333/775/1238 1334/774/1238 1324/767/1238 1325/766/1238 1338/786/1238 1339/787/1238
f 1339/782/1239 1341/781/1239 1329/768/1239 1331/770/1239 1323/776/1239
f 1325/766/1240 1326/763/1240 1340/788/1240 1338/789/1240
f 1329/768/1241 1341/781/1241 1342/784/1241
f 1340/788/1242 1326/763/1242 1328/765/1242 1332/790/1242
f 1332/791/1243 1330/769/1243 1329/768/1243 1342/784/1243
f 1346/763/1244 1347/764/1244 1348/765/1244
f 1346/763/1245 1345/766/1245 1344/767/1245 1347/764/1245
f 1349/768/1246 1350/769/1246 1351/770/1246
f 1355/771/1247 1356/772/1247 1357/773/1247
f 1355/771/1248 1354/774/1248 1353/775/1248 1356/772/1248
f 1343/776/1249 1351/770/1249 1350/769/1249 1356/772/1249 1353/775/1249
f 1354/774/1250 1355/771/1250 1347/764/1250 1344/767/1250
f 1357/773/1251 1356/772/1251 1350/769/1251 1352/777/1251
f 1348/765/1252 1347/764/1252 1355/771/1252 1357/773/1252 1352/778/1252
f 1358/779/1253 1360/780/1253 1361/781/1253 1359/782/1253
f 1360/780/1254 1352/783/1254 1362/784/1254 1361/781/1254
f 1343/785/1255 1353/775/1255 1354/774/1255 1344/767/1255 1345/766/1255 1358/786/1255 1359/787/1255
f 1359/782/1256 1361/781/1256 1349/768/1256 1351/770/1256 1343/776/1256
f 1345/766/1257 1346/763/1257 1360/788/1257 1358/789/1257
f 1349/768/1258 1361/781/1258 1362/784/1258
f 1360/788/1259 1346/763/1259 1348/765/1259 1352/790/1259
f 1352/791/1260 1350/769/1260 1349/768/1260 1362/784/1260
f 1366/763/1261 1367/764/1261 1368/765/1261
f 1366/763/1262 1365/766/1262 1364/767/1262 1367/764/1262
f 1369/768/1263 1370/769/1263 1371/770/1263
f 1375/771/1264 1376/772/1264 1377/773/1264
f 1375/771/1265 1374/774/1265 1373/775/1265 1376/772/1265
f 1363/776/1266 1371/770/1266 1370/769/1266 1376/772/1266 1373/775/1266
f 1374/774/1267 1375/771/1267 1367/764/1267 1364/767/1267
f 1377/773/1268 1376/772/1268 1370/769/1268 1372/777/1268
f 1368/765/1269 1367/764/1269 1375/771/1269 1377/773/1269 1372/778/1269
f 1378/779/1270 1380/780/1270 1381/781/1270 1379/782/1270
f 1380/780/1271 1372/783/1271 1382/784/1271 1381/781/1271
f 1363/785/1272 1373/775/1272 1374/774/1272 1364/767/1272 1365/766/1272 1378/786/1272 1379/787/1272
f 1379/782/1273 1381/781/1273 1369/768/1273 1371/770/1273 1363/776/1273
f 1365/766/1274 1366/763/1274 1380/788/1274 1378/789/1274
f 1369/768/1275 1381/781/1275 1382/784/1275
f 1380/788/1276 1366/763/1276 1368/765/1276 1372/790/1276
f 1372/791/1277 1370/769/1277 1369/768/1277 1382/784/1277
f 1386/763/1278 1387/764/1278 1388/765/1278
f 1386/763/1279 1385/766/1279 1384/767/1279 1387/764/1279
f 1389/768/1280 1390/769/1280 1391/770/1280
f 1395/771/1281 1396/772/1281 1397/773/1281
f 1395/771/1282 1394/774/1282 1393/775/1282 1396/772/1282
f 1383/776/1283 1391/770/1283 1390/769/1283 1396/772/1283 1393/775/1283
f 1394/774/1284 1395/771/1284 1387/764/1284 1384/767/1284
f 1397/773/1285 1396/772/1285 1390/769/1285 1392/777/1285
f 1388/765/1286 1387/764/1286 1395/771/1286 1397/773/1286 1392/778/1286
f 1398/779/1287 1400/780/1287 1401/781/1287 1399/782/1287
f 1400/780/1288 1392/783/1288 1402/784/1288 1401/781/1288
f 1383/785/1289 1393/775/1289 1394/774/1289 1384/767/1289 1385/766/1289 1398/786/1289 1399/787/1289
f 1399/782/1290 1401/781/1290 1389/768/1290 1391/770/1290 1383/776/1290
f 1385/766/1291 1386/763/1291 1400/788/1291 1398/789/1291
f 1389/768/1292 1401/781/1292 1402/784/1292
f 1400/788/1293 1386/763/1293 1388/765/1293 1392/790/1293
f 1392/791/1294 1390/769/1294 1389/768/1294 1402/784/1294
f 1406/763/1295 1407/764/1295 1408/765/1295
f 1406/763/1296 1405/766/1296 1404/767/1296 1407/764/1296
f 1409/768/1297 1410/769/1297 1411/770/1297
f 1415/771/1298 1416/772/1298 1417/773/1298
f 1415/771/1299 1414/774/1299 1413/775/1299 1416/772/1299
f 1403/776/1300 1411/770/1300 1410/769/1300 1416/772/1300 1413/775/1300
f 1414/774/1301 1415/771/1301 1407/764/1301 1404/767/1301
f 1417/773/1302 1416/772/1302 1410/769/1302 1412/777/1302
f 1408/765/1303 1407/764/1303 1415/771/1303 1417/773/1303 1412/778/1303
f 1418/779/1304 1420/780/1304 1421/781/1304 1419/782/1304
f 1420/780/1305 1412/783/1305 1422/784/1305 1421/781/1305
f 1403/785/1306 1413/775/1306 1414/774/1306 1404/767/1306 1405/766/1306 1418/786/1306 1419/787/1306
f 1419/782/1307 1421/781/1307 1409/768/1307 1411/770/1307 1403/776/1307
f 1405/766/1308 1406/763/1308 1420/788/1308 1418/789/1308
f 1409/768/1309 1421/781/1309 1422/784/1309
f 1420/788/1310 1406/763/1310 1408/765/1310 1412/790/1310
f 1412/791/1311 1410/769/1311 1409/768/1311 1422/784/1311
f 1426/763/1312 1427/764/1312 1428/765/1312
f 1426/763/1313 1425/766/1313 1424/767/1313 1427/764/1313
f 1429/768/1314 1430/769/1314 1431/770/1314
f 1435/771/1315 1436/772/1315 1437/773/1315
f 1435/771/1316 1434/774/1316 1433/775/1316 1436/772/1316
f 1423/776/1317 1431/770/1317 1430/769/1317 1436/772/1317 1433/775/1317
f 1434/774/1318 1435/771/1318 1427/764/1318 1424/767/1318
f 1437/773/1319 1436/772/1319 1430/769/1319 1432/777/1319
f 1428/765/1320 1427/764/1320 1435/771/1320 1437/773/1320 1432/778/1320
f 1438/779/1321 1440/780/1321 1441/781/1321 1439/782/1321
f 1440/780/1322 1432/783/1322 1442/784/1322 1441/781/1322
f 1423/785/1323 1433/775/1323 1434/774/1323 1424/767/1323 1425/766/1323 1438/786/1323 1439/787/1323
f 1439/782/1324 1441/781/1324 1429/768/1324 1431/770/1324 1423/776/1324
f 1425/766/1325 1426/763/1325 1440/788/1325 1438/789/1325
f 1429/768/1326 1441/781/1326 1442/784/1326
f 1440/788/1327 1426/763/1327 1428/765/1327 1432/790/1327
f 1432/791/1328 1430/769/1328 1429/768/1328 1442/784/1328
f 1446/763/1329 1447/764/1329 1448/765/1329
f 1446/763/1330 1445/766/1330 1444/767/1330 1447/764/1330
f 1449/768/1331 1450/769/1331 1451/770/1331
f 1455/771/1332 1456/772/1332 1457/773/1332
f 1455/771/1333 1454/774/1333 1453/775/1333 1456/772/1333
f 1443/776/1334 1451/770/1334 1450/769/1334 1456/772/1334 1453/775/1334
f 1454/774/1335 1455/771/1335 1447/764/1335 1444/767/1335
f 1457/773/1336 1456/772/1336 1450/769/1336 1452/777/1336
f 1448/765/1337 1447/764/1337 1455/771/1337 1457/773/1337 1452/778/1337
f 1458/779/1338 1460/780/1338 1461/781/1338 1459/782/1338
f 1460/780/1339 1452/783/1339 1462/784/1339 1461/781/1339
f 1443/785/1340 1453/775/1340 1454/774/1340 1444/767/1340 1445/766/1340 1458/786/1340 1459/787/1340
f 1459/782/1341 1461/781/1341 1449/768/1341 1451/770/1341 1443/776/1341
f 1445/766/1342 1446/763/1342 1460/788/1342 1458/789/1342
f 1449/768/1343 1461/781/1343 1462/784/1343
f 1460/788/1344 1446/763/1344 1448/765/1344 1452/790/1344
f 1452/791/1345 1450/769/1345 1449/768/1345 1462/784/1345
f 1466/763/1346 1467/764/1346 1468/765/1346
f 1466/763/1347 1465/766/1347 1464/767/1347 1467/764/1347
f 1469/768/1348 1470/769/1348 1471/770/1348
f 1475/771/1349 1476/772/1349 1477/773/1349
f 1475/771/1350 1474/774/1350 1473/775/1350 1476/772/1350
f 1463/776/1351 1471/770/1351 1470/769/1351 1476/772/1351 1473/775/1351
f 1474/774/1352 1475/771/1352 1467/764/1352 1464/767/1352
f 1477/773/1353 1476/772/1353 1470/769/1353 1472/777/1353
f 1468/765/1354 1467/764/1354 1475/771/1354 1477/773/1354 1472/778/1354
f 1478/779/1355 1480/780/1355 1481/781/1355 1479/782/1355
f 1480/780/1356 1472/783/1356 1482/784/1356 1481/781/1356
f 1463/785/1357 1473/775/1357 1474/774/1357 1464/767/1357 1465/766/1357 1478/786/1357 1479/787/1357
f 1479/782/1358 1481/781/1358 1469/768/1358 1471/770/1358 1463/776/1358
f 1465/766/1359 1466/763/1359 1480/788/1359 1478/789/1359
f 1469/768/1360 1481/781/1360 1482/784/1360
f 1480/788/1361 1466/763/1361 1468/765/1361 1472/790/1361
f 1472/791/1362 1470/769/1362 1469/768/1362 1482/784/1362
f 1486/763/1363 1487/764/1363 1488/765/1363
f 1486/763/1364 1485/766/1364 1484/767/1364 1487/764/1364
f 1489/768/1365 1490/769/1365 1491/770/1365
f 1495/771/1366 1496/772/1366 1497/773/1366
f 1495/771/1367 1494/774/1367 1493/775/1367 1496/772/1367
f 1483/776/1368 1491/770/1368 1490/769/1368 1496/772/1368 1493/775/1368
f 1494/774/1369 1495/771/1369 1487/764/1369 1484/767/1369
f 1497/773/1370 1496/772/1370 1490/769/1370 1492/777/1370
f 1488/765/1371 1487/764/1371 1495/771/1371 1497/773/1371 1492/778/1371
f 1498/779/1372 1500/780/1372 1501/781/1372 1499/782/1372
f 1500/780/1373 1492/783/1373 1502/784/1373 1501/781/1373
f 1483/785/1374 1493/775/1374 1494/774/1374 1484/767/1374 1485/766/1374 1498/786/1374 1499/787/1374
f 1499/782/1375 1501/781/1375 1489/768/1375 1491/770/1375 1483/776/1375
f 1485/766/1376 1486/763/1376 1500/788/1376 1498/789/1376
f 1489/768/1377 1501/781/1377 1502/784/1377
f 1500/788/1378 1486/763/1378 1488/765/1378 1492/790/1378
f 1492/791/1379 1490/769/1379 1489/768/1379 1502/784/1379
f 1506/763/1380 1507/764/1380 1508/765/1380
f 1506/763/1381 1505/766/1381 1504/767/1381 1507/764/1381
f 1509/768/1382 1510/769/1382 1511/770/1382
f 1515/771/1383 1516/772/1383 1517/773/1383
f 1515/771/1384 1514/774/1384 1513/775/1384 1516/772/1384
f 1503/776/1385 1511/770/1385 1510/769/1385 1516/772/1385 1513/775/1385
f 1514/774/1386 1515/771/1386 1507/764/1386 1504/767/1386
f 1517/773/1387 1516/772/1387 1510/769/1387 1512/777/1387
f 1508/765/1388 1507/764/1388 1515/771/1388 1517/773/1388 1512/778/1388
f 1518/779/1389 1520/780/1389 1521/781/1389 1519/782/1389
f 1520/780/1390 1512/783/1390 1522/784/1390 1521/781/1390
f 1503/785/1391 1513/775/1391 1514/774/1391 1504/767/1391 1505/766/1391 1518/786/1391 1519/787/1391
f 1519/782/1392 1521/781/1392 1509/768/1392 1511/770/1392 1503/776/1392
f 1505/766/1393 1506/763/1393 1520/788/1393 1518/789/1393
f 1509/768/1394 1521/781/1394 1522/784/1394
f 1520/788/1395 1506/763/1395 1508/765/1395 1512/790/1395
f 1512/791/1396 1510/769/1396 1509/768/1396 1522/784/1396
f 1526/763/1397 1527/764/1397 1528/765/1397
f 1526/763/1398 1525/766/1398 1524/767/1398 1527/764/1398
f 1529/768/1399 1530/769/1399 1531/770/1399
f 1535/771/1400 1536/772/1400 1537/773/1400
f 1535/771/1401 1534/774/1401 1533/775/1401 1536/772/1401
f 1523/776/1402 1531/770/1402 1530/769/1402 1536/772/1402 1533/775/1402
f 1534/774/1403 1535/771/1403 1527/764/1403 1524/767/1403
f 1537/773/1404 1536/772/1404 1530/769/1404 1532/777/1404
f 1528/765/1405 1527/764/1405 1535/771/1405 1537/773/1405 1532/778/1405
f 1538/779/1406 1540/780/1406 1541/781/1406 1539/782/1406
f 1540/780/1407 1532/783/1407 1542/784/1407 1541/781/1407
f 1523/785/1408 1533/775/1408 1534/774/1408 1524/767/1408 1525/766/1408 1538/786/1408 1539/787/1408
f 1539/782/1409 1541/781/1409 1529/768/1409 1531/770/1409 1523/776/1409
f 1525/766/1410 1526/763/1410 1540/788/1410 1538/789/1410
f 1529/768/1411 1541/781/1411 1542/784/1411
f 1540/788/1412 1526/763/1412 1528/765/1412 1532/790/1412
f 1532/791/1413 1530/769/1413 1529/768/1413 1542/784/1413
f 1546/763/1414 1547/764/1414 1548/765/1414
f 1546/763/1415 1545/766/1415 1544/767/1415 1547/764/1415
f 1549/768/1416 1550/769/1416 1551/770/1416
f 1555/771/1417 1556/772/1417 1557/773/1417
f 1555/771/1418 1554/774/1418 1553/775/1418 1556/772/1418
f 1543/776/1419 1551/770/1419 1550/769/1419 1556/772/1419 1553/775/1419
f 1554/774/1420 1555/771/1420 1547/764/1420 1544/767/1420
f 1557/773/1421 1556/772/1421 1550/769/1421 1552/777/1421
f 1548/765/1422 1547/764/1422 1555/771/1422 1557/773/1422 1552/778/1422
f 1558/779/1423 1560/780/1423 1561/781/1423 1559/782/1423
f 1560/780/1424 1552/783/1424 1562/784/1424 1561/781/1424
f 1543/785/1425 1553/775/1425 1554/774/1425 1544/767/1425 1545/766/1425 1558/786/1425 1559/787/1425
f 1559/782/1426 1561/781/1426 1549/768/1426 1551/770/1426 1543/776/1426
f 1545/766/1427 1546/763/1427 1560/788/1427 1558/789/1427
f 1549/768/1428 1561/781/1428 1562/784/1428
f 1560/788/1429 1546/763/1429 1548/765/1429 1552/790/1429
f 1552/791/1430 1550/769/1430 1549/768/1430 1562/784/1430
f 1566/763/1431 1567/764/1431 1568/765/1431
f 1566/763/1432 1565/766/1432 1564/767/1432 1567/764/1432
f 1569/768/1433 1570/769/1433 1571/770/1433
f 1575/771/1434 1576/772/1434 1577/773/1434
f 1575/771/1435 1574/774/1435 1573/775/1435 1576/772/1435
f 1563/776/1436 1571/770/1436 1570/769/1436 1576/772/1436 1573/775/1436
f 1574/774/1437 1575/771/1437 1567/764/1437 1564/767/1437
f 1577/773/1438 1576/772/1438 1570/769/1438 1572/777/1438
f 1568/765/1439 1567/764/1439 1575/771/1439 1577/773/1439 1572/778/1439
f 1578/779/1440 1580/780/1440 1581/781/1440 1579/782/1440
f 1580/780/1441 1572/783/1441 1582/784/1441 1581/781/1441
f 1563/785/1442 1573/775/1442 1574/774/1442 1564/767/1442 1565/766/1442 1578/786/1442 1579/787/1442
f 1579/782/1443 1581/781/1443 1569/768/1443 1571/770/1443 1563/776/1443
f 1565/766/1444 1566/763/1444 1580/788/1444 1578/789/1444
f 1569/768/1445 1581/781/1445 1582/784/1445
f 1580/788/1446 1566/763/1446 1568/765/1446 1572/790/1446
f 1572/791/1447 1570/769/1447 1569/768/1447 1582/784/1447
f 1586/763/1448 1587/764/1448 1588/765/1448
f 1586/763/1449 1585/766/1449 1584/767/1449 1587/764/1449
f 1589/768/1450 1590/769/1450 1591/770/1450
f 1595/771/1451 1596/772/1451 1597/773/1451
f 1595/771/1452 1594/774/1452 1593/775/1452 1596/772/1452
f 1583/776/1453 1591/770/1453 1590/769/1453 1596/772/1453 1593/775/1453
f 1594/774/1454 1595/771/1454 1587/764/1454 1584/767/1454
f 1597/773/1455 1596/772/1455 1590/769/1455 1592/777/1455
f 1588/765/1456 1587/764/1456 1595/771/1456 1597/773/1456 1592/778/1456
f 1598/779/1457 1600/780/1457 1601/781/1457 1599/782/1457
f 1600/780/1458 1592/783/1458 1602/784/1458 1601/781/1458
f 1583/785/1459 1593/775/1459 1594/774/1459 1584/767/1459 1585/766/1459 1598/786/1459 1599/787/1459
f 1599/782/1460 1601/781/1460 1589/768/1460 1591/770/1460 1583/776/1460
f 1585/766/1461 1586/763/1461 1600/788/1461 1598/789/1461
f 1589/768/1462 1601/781/1462 1602/784/1462
f 1600/788/1463 1586/763/1463 1588/765/1463 1592/790/1463
f 1592/791/1464 1590/769/1464 1589/768/1464 1602/784/1464
f 1606/763/1465 1607/764/1465 1608/765/1465
f 1606/763/1466 1605/766/1466 1604/767/1466 1607/764/1466
f 1609/768/1467 1610/769/1467 1611/770/1467
f 1615/771/1468 1616/772/1468 1617/773/1468
f 1615/771/1469 1614/774/1469 1613/775/1469 1616/772/1469
f 1603/776/1470 1611/770/1470 1610/769/1470 1616/772/1470 1613/775/1470
f 1614/774/1471 1615/771/1471 1607/764/1471 1604/767/1471
f 1617/773/1472 1616/772/1472 1610/769/1472 1612/777/1472
f 1608/765/1473 1607/764/1473 1615/771/1473 1617/773/1473 1612/778/1473
f 1618/779/1474 1620/780/1474 1621/781/1474 1619/782/1474
f 1620/780/1475 1612/783/1475 1622/784/1475 1621/781/1475
f 1603/785/1476 1613/775/1476 1614/774/1476 1604/767/1476 1605/766/1476 1618/786/1476 1619/787/1476
f 1619/782/1477 1621/781/1477 1609/768/1477 1611/770/1477 1603/776/1477
f 1605/766/1478 1606/763/1478 1620/788/1478 1618/789/1478
f 1609/768/1479 1621/781/1479 1622/784/1479
f 1620/788/1480 1606/763/1480 1608/765/1480 1612/790/1480
f 1612/791/1481 1610/769/1481 1609/768/1481 1622/784/1481
f 1626/763/1482 1627/764/1482 1628/765/1482
f 1626/763/1483 1625/766/1483 1624/767/1483 1627/764/1483
f 1629/768/1484 1630/769/1484 1631/770/1484
f 1635/771/1485 1636/772/1485 1637/773/1485
f 1635/771/1486 1634/774/1486 1633/775/1486 1636/772/1486
f 1623/776/1487 1631/770/1487 1630/769/1487 1636/772/1487 1633/775/1487
f 1634/774/1488 1635/771/1488 1627/764/1488 1624/767/1488
f 1637/773/1489 1636/772/1489 1630/769/1489 1632/777/1489
f 1628/765/1490 1627/764/1490 1635/771/1490 1637/773/1490 1632/778/1490
f 1638/779/1491 1640/780/1491 1641/781/1491 1639/782/1491
f 1640/780/1492 1632/783/1492 1642/784/1492 1641/781/1492
f 1623/785/1493 1633/775/1493 1634/774/1493 1624/767/1493 1625/766/1493 1638/786/1493 1639/787/1493
f 1639/782/1494 1641/781/1494 1629/768/1494 1631/770/1494 1623/776/1494
f 1625/766/1495 1626/763/1495 1640/788/1495 1638/789/1495
f 1629/768/1496 1641/781/1496 1642/784/1496
f 1640/788/1497 1626/763/1497 1628/765/1497 1632/790/1497
f 1632/791/1498 1630/769/1498 1629/768/1498 1642/784/1498
f 1646/763/1499 1647/764/1499 1648/765/1499
f 1646/763/1500 1645/766/1500 1644/767/1500 1647/764/1500
f 1649/768/1501 1650/769/1501 1651/770/1501
f 1655/771/1502 1656/772/1502 1657/773/1502
f 1655/771/1503 1654/774/1503 1653/775/1503 1656/772/1503
f 1643/776/1504 1651/770/1504 1650/769/1504 1656/772/1504 1653/775/1504
f 1654/774/1505 1655/771/1505 1647/764/1505 1644/767/1505
f 1657/773/1506 1656/772/1506 1650/769/1506 1652/777/1506
f 1648/765/1507 1647/764/1507 1655/771/1507 1657/773/1507 1652/778/1507
f 1658/779/1508 1660/780/1508 1661/781/1508 1659/782/1508
f 1660/780/1509 1652/783/1509 1662/784/1509 1661/781/1509
f 1643/785/1510 1653/775/1510 1654/774/1510 1644/767/1510 1645/766/1510 1658/786/1510 1659/787/1510
f 1659/782/1511 1661/781/1511 1649/768/1511 1651/770/1511 1643/776/1511
f 1645/766/1512 1646/763/1512 1660/788/1512 1658/789/1512
f 1649/768/1513 1661/781/1513 1662/784/1513
f 1660/788/1514 1646/763/1514 1648/765/1514 1652/790/1514
f 1652/791/1515 1650/769/1515 1649/768/1515 1662/784/1515
f 1666/763/1516 1667/764/1516 1668/765/1516
f 1666/763/1517 1665/766/1517 1664/767/1517 1667/764/1517
f 1669/768/1518 1670/769/1518 1671/770/1518
f 1675/771/1519 1676/772/1519 1677/773/1519
f 1675/771/1520 1674/774/1520 1673/775/1520 1676/772/1520
f 1663/776/1521 1671/770/1521 1670/769/1521 1676/772/1521 1673/775/1521
f 1674/774/1522 1675/771/1522 1667/764/1522 1664/767/1522
f 1677/773/1523 1676/772/1523 1670/769/1523 1672/777/1523
f 1668/765/1524 1667/764/1524 1675/771/1524 1677/773/1524 1672/778/1524
f 1678/779/1525 1680/780/1525 1681/781/1525 1679/782/1525
f 1680/780/1526 1672/783/1526 1682/784/1526 1681/781/1526
f 1663/785/1527 1673/775/1527 1674/774/1527 1664/767/1527 1665/766/1527 1678/786/1527 1679/787/1527
f 1679/782/1528 1681/781/1528 1669/768/1528 1671/770/1528 1663/776/1528
f 1665/766/1529 1666/763/1529 1680/788/1529 1678/789/1529
f 1669/768/1530 1681/781/1530 1682/784/1530
f 1680/788/1531 1666/763/1531 1668/765/1531 1672/790/1531
f 1672/791/1532 1670/769/1532 1669/768/1532 1682/784/1532
f 1686/763/1533 1687/764/1533 1688/765/1533
f 1686/763/1534 1685/766/1534 1684/767/1534 1687/764/1534
f 1689/768/1535 1690/769/1535 1691/770/1535
f 1695/771/1536 1696/772/1536 1697/773/1536
f 1695/771/1537 1694/774/1537 1693/775/1537 1696/772/1537
f 1683/776/1538 1691/770/1538 1690/769/1538 1696/772/1538 1693/775/1538
f 1694/774/1539 1695/771/1539 1687/764/1539 1684/767/1539
f 1697/773/1540 1696/772/1540 1690/769/1540 1692/777/1540
f 1688/765/1541 1687/764/1541 1695/771/1541 1697/773/1541 1692/778/1541
f 1698/779/1542 1700/780/1542 1701/781/1542 1699/782/1542
f 1700/780/1543 1692/783/1543 1702/784/1543 1701/781/1543
f 1683/785/1544 1693/775/1544 1694/774/1544 1684/767/1544 1685/766/1544 1698/786/1544 1699/787/1544
f 1699/782/1545 1701/781/1545 1689/768/1545 1691/770/1545 1683/776/1545
f 1685/766/1546 1686/763/1546 1700/788/1546 1698/789/1546
f 1689/768/1547 1701/781/1547 1702/784/1547
f 1700/788/1548 1686/763/1548 1688/765/1548 1692/790/1548
f 1692/791/1549 1690/769/1549 1689/768/1549 1702/784/1549
f 1706/763/1550 1707/764/1550 1708/765/1550
f 1706/763/1551 1705/766/1551 1704/767/1551 1707/764/1551
f 1709/768/1552 1710/769/1552 1711/770/1552
f 1715/771/1553 1716/772/1553 1717/773/1553
f 1715/771/1554 1714/774/1554 1713/775/1554 1716/772/1554
f 1703/776/1555 1711/770/1555 1710/769/1555 1716/772/1555 1713/775/1555
f 1714/774/1556 1715/771/1556 1707/764/1556 1704/767/1556
f 1717/773/1557 1716/772/1557 1710/769/1557 1712/777/1557
f 1708/765/1558 1707/764/1558 1715/771/1558 1717/773/1558 1712/778/1558
f 1718/779/1559 1720/780/1559 1721/781/1559 1719/782/1559
f 1720/780/1560 1712/783/1560 1722/784/1560 1721/781/1560
f 1703/785/1561 1713/775/1561 1714/774/1561 1704/767/1561 1705/766/1561 1718/786/1561 1719/787/1561
f 1719/782/1562 1721/781/1562 1709/768/1562 1711/770/1562 1703/776/1562
f 1705/766/1563 1706/763/1563 1720/788/1563 1718/789/1563
f 1709/768/1564 1721/781/1564 1722/784/1564
f 1720/788/1565 1706/763/1565 1708/765/1565 1712/790/1565
f 1712/791/1566 1710/769/1566 1709/768/1566 1722/784/1566
f 1726/763/1567 1727/764/1567 1728/765/1567
f 1726/763/1568 1725/766/1568 1724/767/1568 1727/764/1568
f 1729/768/1569 1730/769/1569 1731/770/1569
f 1735/771/1570 1736/772/1570 1737/773/1570
f 1735/771/1571 1734/774/1571 1733/775/1571 1736/772/1571
f 1723/776/1572 1731/770/1572 1730/769/1572 1736/772/1572 1733/775/1572
f 1734/774/1573 1735/771/1573 1727/764/1573 1724/767/1573
f 1737/773/1574 1736/772/1574 1730/769/1574 1732/777/1574
f 1728/765/1575 1727/764/1575 1735/771/1575 1737/773/1575 1732/778/1575
f 1738/779/1576 1740/780/1576 1741/781/1576 1739/782/1576
f 1740/780/1577 1732/783/1577 1742/784/1577 1741/781/1577
f 1723/785/1578 1733/775/1578 1734/774/1578 1724/767/1578 1725/766/1578 1738/786/1578 1739/787/1578
f 1739/782/1579 1741/781/1579 1729/768/1579 1731/770/1579 1723/776/1579
f 1725/766/1580 1726/763/1580 1740/788/1580 1738/789/1580
f 1729/768/1581 1741/781/1581 1742/784/1581
f 1740/788/1582 1726/763/1582 1728/765/1582 1732/790/1582
f 1732/791/1583 1730/769/1583 1729/768/1583 1742/784/1583
f 1746/763/1584 1747/764/1584 1748/765/1584
f 1746/763/1585 1745/766/1585 1744/767/1585 1747/764/1585
f 1749/768/1586 1750/769/1586 1751/770/1586
f 1755/771/1587 1756/772/1587 1757/773/1587
f 1755/771/1588 1754/774/1588 1753/775/1588 1756/772/1588
f 1743/776/1589 1751/770/1589 1750/769/1589 1756/772/1589 1753/775/1589
f 1754/774/1590 1755/771/1590 1747/764/1590 1744/767/1590
f 1757/773/1591 1756/772/1591 1750/769/1591 1752/777/1591
f 1748/765/1592 1747/764/1592 1755/771/1592 1757/773/1592 1752/778/1592
f 1758/779/1593 1760/780/1593 1761/781/1593 1759/782/1593
f 1760/780/1594 1752/783/1594 1762/784/1594 1761/781/1594
f 1743/785/1595 1753/775/1595 1754/774/1595 1744/767/1595 1745/766/1595 1758/786/1595 1759/787/1595
f 1759/782/1596 1761/781/1596 1749/768/1596 1751/770/1596 1743/776/1596
f 1745/766/1597 1746/763/1597 1760/788/1597 1758/789/1597
f 1749/768/1598 1761/781/1598 1762/784/1598
f 1760/788/1599 1746/763/1599 1748/765/1599 1752/790/1599
f 1752/791/1600 1750/769/1600 1749/768/1600 1762/784/1600
f 1766/763/1601 1767/764/1601 1768/765/1601
f 1766/763/1602 1765/766/1602 1764/767/1602 1767/764/1602
f 1769/768/1603 1770/769/1603 1771/770/1603
f 1775/771/1604 1776/772/1604 1777/773/1604
f 1775/771/1605 1774/774/1605 1773/775/1605 1776/772/1605
f 1763/776/1606 1771/770/1606 1770/769/1606 1776/772/1606 1773/775/1606
f 1774/774/1607 1775/771/1607 1767/764/1607 1764/767/1607
f 1777/773/1608 1776/772/1608 1770/769/1608 1772/777/1608
f 1768/765/1609 1767/764/1609 1775/771/1609 1777/773/1609 1772/778/1609
f 1778/779/1610 1780/780/1610 1781/781/1610 1779/782/1610
f 1780/780/1611 1772/783/1611 1782/784/1611 1781/781/1611
f 1763/785/1612 1773/775/1612 1774/774/1612 1764/767/1612 1765/766/1612 1778/786/1612 1779/787/1612
f 1779/782/1613 1781/781/1613 1769/768/1613 1771/770/1613 1763/776/1613
f 1765/766/1614 1766/763/1614 1780/788/1614 1778/789/1614
f 1769/768/1615 1781/781/1615 1782/784/1615
f 1780/788/1616 1766/763/1616 1768/765/1616 1772/790/1616
f 1772/791/1617 1770/769/1617 1769/768/1617 1782/784/1617
f 1786/763/1618 1787/764/1618 1788/765/1618
f 1786/763/1619 1785/766/1619 1784/767/1619 1787/764/1619
f 1789/768/1620 1790/769/1620 1791/770/1620
f 1795/771/1621 1796/772/1621 1797/773/1621
f 1795/771/1622 1794/774/1622 1793/775/1622 1796/772/1622
f 1783/776/1623 1791/770/1623 1790/769/1623 1796/772/1623 1793/775/1623
f 1794/774/1624 1795/771/1624 1787/764/1624 1784/767/1624
f 1797/773/1625 1796/772/1625 1790/769/1625 1792/777/1625
f 1788/765/1626 1787/764/1626 1795/771/1626 1797/773/1626 1792/778/1626
f 1798/779/1627 1800/780/1627 1801/781/1627 1799/782/1627
f 1800/780/1628 1792/783/1628 1802/784/1628 1801/781/1628
f 1783/785/1629 1793/775/1629 1794/774/1629 1784/767/1629 1785/766/1629 1798/786/1629 1799/787/1629
f 1799/782/1630 1801/781/1630 1789/768/1630 1791/770/1630 1783/776/1630
f 1785/766/1631 1786/763/1631 1800/788/1631 1798/789/1631
f 1789/768/1632 1801/781/1632 1802/784/1632
f 1800/788/1633 1786/763/1633 1788/765/1633 1792/790/1633
f 1792/791/1634 1790/769/1634 1789/768/1634 1802/784/1634
f 1806/763/1635 1807/764/1635 1808/765/1635
f 1806/763/1636 1805/766/1636 1804/767/1636 1807/764/1636
f 1809/768/1637 1810/769/1637 1811/770/1637
f 1815/771/1638 1816/772/1638 1817/773/1638
f 1815/771/1639 1814/774/1639 1813/775/1639 1816/772/1639
f 1803/776/1640 1811/770/1640 1810/769/1640 1816/772/1640 1813/775/1640
f 1814/774/1641 1815/771/1641 1807/764/1641 1804/767/1641
f 1817/773/1642 1816/772/1642 1810/769/1642 1812/777/1642
f 1808/765/1643 1807/764/1643 1815/771/1643 1817/773/1643 1812/778/1643
f 1818/779/1644 1820/780/1644 1821/781/1644 1819/782/1644
f 1820/780/1645 1812/783/1645 1822/784/1645 1821/781/1645
f 1803/785/1646 1813/775/1646 1814/774/1646 1804/767/1646 1805/766/1646 1818/786/1646 1819/787/1646
f 1819/782/1647 1821/781/1647 1809/768/1647 1811/770/1647 1803/776/1647
f 1805/766/1648 1806/763/1648 1820/788/1648 1818/789/1648
f 1809/768/1649 1821/781/1649 1822/784/1649
f 1820/788/1650 1806/763/1650 1808/765/1650 1812/790/1650
f 1812/791/1651 1810/769/1651 1809/768/1651 1822/784/1651
f 1826/763/1652 1827/764/1652 1828/765/1652
f 1826/763/1653 1825/766/1653 1824/767/1653 1827/764/1653
f 1829/768/1654 1830/769/1654 1831/770/1654
f 1835/771/1655 1836/772/1655 1837/773/1655
f 1835/771/1656 1834/774/1656 1833/775/1656 1836/772/1656
f 1823/776/1657 1831/770/1657 1830/769/1657 1836/772/1657 1833/775/1657
f 1834/774/1658 1835/771/1658 1827/764/1658 1824/767/1658
f 1837/773/1659 1836/772/1659 1830/769/1659 1832/777/1659
f 1828/765/1660 1827/764/1660 1835/771/1660 1837/773/1660 1832/778/1660
f 1838/779/1661 1840/780/1661 1841/781/1661 1839/782/1661
f 1840/780/1662 1832/783/1662 1842/784/1662 1841/781/1662
f 1823/785/1663 1833/775/1663 1834/774/1663 1824/767/1663 1825/766/1663 1838/786/1663 1839/787/1663
f 1839/782/1664 1841/781/1664 1829/768/1664 1831/770/1664 1823/776/1664
f 1825/766/1665 1826/763/1665 1840/788/1665 1838/789/1665
f 1829/768/1666 1841/781/1666 1842/784/1666
f 1840/788/1667 1826/763/1667 1828/765/1667 1832/790/1667
f 1832/791/1668 1830/769/1668 1829/768/1668 1842/784/1668
f 1846/763/1669 1847/764/1669 1848/765/1669
f 1846/763/1670 1845/766/1670 1844/767/1670 1847/764/1670
f 1849/768/1671 1850/769/1671 1851/770/1671
f 1855/771/1672 1856/772/1672 1857/773/1672
f 1855/771/1673 1854/774/1673 1853/775/1673 1856/772/1673
f 1843/776/1674 1851/770/1674 1850/769/1674 1856/772/1674 1853/775/1674
f 1854/774/1675 1855/771/1675 1847/764/1675 1844/767/1675
f 1857/773/1676 1856/772/1676 1850/769/1676 1852/777/1676
f 1848/765/1677 1847/764/1677 1855/771/1677 1857/773/1677 1852/778/1677
f 1858/779/1678 1860/780/1678 1861/781/1678 1859/782/1678
f 1860/780/1679 1852/783/1679 1862/784/1679 1861/781/1679
f 1843/785/1680 1853/775/1680 1854/774/1680 1844/767/1680 1845/766/1680 1858/786/1680 1859/787/1680
f 1859/782/1681 1861/781/1681 1849/768/1681 1851/770/1681 1843/776/1681
f 1845/766/1682 1846/763/1682 1860/788/1682 1858/789/1682
f 1849/768/1683 1861/781/1683 1862/784/1683
f 1860/788/1684 1846/763/1684 1848/765/1684 1852/790/1684
f 1852/791/1685 1850/769/1685 1849/768/1685 1862/784/1685
f 1866/763/1686 1867/764/1686 1868/765/1686
f 1866/763/1687 1865/766/1687 1864/767/1687 1867/764/1687
f 1869/768/1688 1870/769/1688 1871/770/1688
f 1875/771/1689 1876/772/1689 1877/773/1689
f 1875/771/1690 1874/774/1690 1873/775/1690 1876/772/1690
f 1863/776/1691 1871/770/1691 1870/769/1691 1876/772/1691 1873/775/1691
f 1874/774/1692 1875/771/1692 1867/764/1692 1864/767/1692
f 1877/773/1693 1876/772/1693 1870/769/1693 1872/777/1693
f 1868/765/1694 1867/764/1694 1875/771/1694 1877/773/1694 1872/778/1694
f 1878/779/1695 1880/780/1695 1881/781/1695 1879/782/1695
f 1880/780/1696 1872/783/1696 1882/784/1696 1881/781/1696
f 1863/785/1697 1873/775/1697 1874/774/1697 1864/767/1697 1865/766/1697 1878/786/1697 1879/787/1697
f 1879/782/1698 1881/781/1698 1869/768/1698 1871/770/1698 1863/776/1698
f 1865/766/1699 1866/763/1699 1880/788/1699 1878/789/1699
f 1869/768/1700 1881/781/1700 1882/784/1700
f 1880/788/1701 1866/763/1701 1868/765/1701 1872/790/1701
f 1872/791/1702 1870/769/1702 1869/768/1702 1882/784/1702
f 1886/763/1703 1887/764/1703 1888/765/1703
f 1886/763/1704 1885/766/1704 1884/767/1704 1887/764/1704
f 1889/768/1705 1890/769/1705 1891/770/1705
f 1895/771/1706 1896/772/1706 1897/773/1706
f 1895/771/1707 1894/774/1707 1893/775/1707 1896/772/1707
f 1883/776/1708 1891/770/1708 1890/769/1708 1896/772/1708 1893/775/1708
f 1894/774/1709 1895/771/1709 1887/764/1709 1884/767/1709
f 1897/773/1710 1896/772/1710 1890/769/1710 1892/777/1710
f 1888/765/1711 1887/764/1711 1895/771/1711 1897/773/1711 1892/778/1711
f 1898/779/1712 1900/780/1712 1901/781/1712 1899/782/1712
f 1900/780/1713 1892/783/1713 1902/784/1713 1901/781/1713
f 1883/785/1714 1893/775/1714 1894/774/1714 1884/767/1714 1885/766/1714 1898/786/1714 1899/787/1714
f 1899/782/1715 1901/781/1715 1889/768/1715 1891/770/1715 1883/776/1715
f 1885/766/1716 1886/763/1716 1900/788/1716 1898/789/1716
f 1889/768/1717 1901/781/1717 1902/784/1717
f 1900/788/1718 1886/763/1718 1888/765/1718 1892/790/1718
f 1892/791/1719 1890/769/1719 1889/768/1719 1902/784/1719
f 1906/763/1720 1907/764/1720 1908/765/1720
f 1906/763/1721 1905/766/1721 1904/767/1721 1907/764/1721
f 1909/768/1722 1910/769/1722 1911/770/1722
f 1915/771/1723 1916/772/1723 1917/773/1723
f 1915/771/1724 1914/774/1724 1913/775/1724 1916/772/1724
f 1903/776/1725 1911/770/1725 1910/769/1725 1916/772/1725 1913/775/1725
f 1914/774/1726 1915/771/1726 1907/764/1726 1904/767/1726
f 1917/773/1727 1916/772/1727 1910/769/1727 1912/777/1727
f 1908/765/1728 1907/764/1728 1915/771/1728 1917/773/1728 1912/778/1728
f 1918/779/1729 1920/780/1729 1921/781/1729 1919/782/1729
f 1920/780/1730 1912/783/1730 1922/784/1730 1921/781/1730
f 1903/785/1731 1913/775/1731 1914/774/1731 1904/767/1731 1905/766/1731 1918/786/1731 1919/787/1731
f 1919/782/1732 1921/781/1732 1909/768/1732 1911/770/1732 1903/776/1732
f 1905/766/1733 1906/763/1733 1920/788/1733 1918/789/1733
f 1909/768/1734 1921/781/1734 1922/784/1734
f 1920/788/1735 1906/763/1735 1908/765/1735 1912/790/1735
f 1912/791/1736 1910/769/1736 1909/768/1736 1922/784/1736
f 1926/763/1737 1927/764/1737 1928/765/1737
f 1926/763/1738 1925/766/1738 1924/767/1738 1927/764/1738
f 1929/768/1739 1930/769/1739 1931/770/1739
f 1935/771/1740 1936/772/1740 1937/773/1740
f 1935/771/1741 1934/774/1741 1933/775/1741 1936/772/1741
f 1923/776/1742 1931/770/1742 1930/769/1742 1936/772/1742 1933/775/1742
f 1934/774/1743 1935/771/1743 1927/764/1743 1924/767/1743
f 1937/773/1744 1936/772/1744 1930/769/1744 1932/777/1744
f 1928/765/1745 1927/764/1745 1935/771/1745 1937/773/1745 1932/778/1745
f 1938/779/1746 1940/780/1746 1941/781/1746 1939/782/1746
f 1940/780/1747 1932/783/1747 1942/784/1747 1941/781/1747
f 1923/785/1748 1933/775/1748 1934/774/1748 1924/767/1748 1925/766/1748 1938/786/1748 1939/787/1748
f 1939/782/1749 1941/781/1749 1929/768/1749 1931/770/1749 1923/776/1749
f 1925/766/1750 1926/763/1750 1940/788/1750 1938/789/1750
f 1929/768/1751 1941/781/1751 1942/784/1751
f 1940/788/1752 1926/763/1752 1928/765/1752 1932/790/1752
f 1932/791/1753 1930/769/1753 1929/768/1753 1942/784/1753
f 1946/763/1754 1947/764/1754 1948/765/1754
f 1946/763/1755 1945/766/1755 1944/767/1755 1947/764/1755
f 1949/768/1756 1950/769/1756 1951/770/1756
f 1955/771/1757 1956/772/1757 1957/773/1757
f 1955/771/1758 1954/774/1758 1953/775/1758 1956/772/1758
f 1943/776/1759 1951/770/1759 1950/769/1759 1956/772/1759 1953/775/1759
f 1954/774/1760 1955/771/1760 1947/764/1760 1944/767/1760
f 1957/773/1761 1956/772/1761 1950/769/1761 1952/777/1761
f 1948/765/1762 1947/764/1762 1955/771/1762 1957/773/1762 1952/778/1762
f 1958/779/1763 1960/780/1763 1961/781/1763 1959/782/1763
f 1960/780/1764 1952/783/1764 1962/784/1764 1961/781/1764
f 1943/785/1765 1953/775/1765 1954/774/1765 1944/767/1765 1945/766/1765 1958/786/1765 1959/787/1765
f 1959/782/1766 1961/781/1766 1949/768/1766 1951/770/1766 1943/776/1766
f 1945/766/1767 1946/763/1767 1960/788/1767 1958/789/1767
f 1949/768/1768 1961/781/1768 1962/784/1768
f 1960/788/1769 1946/763/1769 1948/765/1769 1952/790/1769
f 1952/791/1770 1950/769/1770 1949/768/1770 1962/784/1770
f 1966/763/1771 1967/764/1771 1968/765/1771
f 1966/763/1772 1965/766/1772 1964/767/1772 1967/764/1772
f 1969/768/1773 1970/769/1773 1971/770/1773
f 1975/771/1774 1976/772/1774 1977/773/1774
f 1975/771/1775 1974/774/1775 1973/775/1775 1976/772/1775
f 1963/776/1776 1971/770/1776 1970/769/1776 1976/772/1776 1973/775/1776
f 1974/774/1777 1975/771/1777 1967/764/1777 1964/767/1777
f 1977/773/1778 1976/772/1778 1970/769/1778 1972/777/1778
f 1968/765/1779 1967/764/1779 1975/771/1779 1977/773/1779 1972/778/1779
f 1978/779/1780 1980/780/1780 1981/781/1780 1979/782/1780
f 1980/780/1781 1972/783/1781 1982/784/1781 1981/781/1781
f 1963/785/1782 1973/775/1782 1974/774/1782 1964/767/1782 1965/766/1782 1978/786/1782 1979/787/1782
f 1979/782/1783 1981/781/1783 1969/768/1783 1971/770/1783 1963/776/1783
f 1965/766/1784 1966/763/1784 1980/788/1784 1978/789/1784
f 1969/768/1785 1981/781/1785 1982/784/1785
f 1980/788/1786 1966/763/1786 1968/765/1786 1972/790/1786
f 1972/791/1787 1970/769/1787 1969/768/1787 1982/784/1787
f 1986/763/1788 1987/764/1788 1988/765/1788
f 1986/763/1789 1985/766/1789 1984/767/1789 1987/764/1789
f 1989/768/1790 1990/769/1790 1991/770/1790
f 1995/771/1791 1996/772/1791 1997/773/1791
f 1995/771/1792 1994/774/1792 1993/775/1792 1996/772/1792
f 1983/776/1793 1991/770/1793 1990/769/1793 1996/772/1793 1993/775/1793
f 1994/774/1794 1995/771/1794 1987/764/1794 1984/767/1794
f 1997/773/1795 1996/772/1795 1990/769/1795 1992/777/1795
f 1988/765/1796 1987/764/1796 1995/771/1796 1997/773/1796 1992/778/1796
f 1998/779/1797 2000/780/1797 2001/781/1797 1999/782/1797
f 2000/780/1798 1992/783/1798 2002/784/1798 2001/781/1798
f 1983/785/1799 1993/775/1799 1994/774/1799 1984/767/1799 1985/766/1799 1998/786/1799 1999/787/1799
f 1999/782/1800 2001/781/1800 1989/768/1800 1991/770/1800 1983/776/1800
f 1985/766/1801 1986/763/1801 2000/788/1801 1998/789/1801
f 1989/768/1802 2001/781/1802 2002/784/1802
f 2000/788/1803 1986/763/1803 1988/765/1803 1992/790/1803
f 1992/791/1804 1990/769/1804 1989/768/1804 2002/784/1804
f 2006/763/1805 2007/764/1805 2008/765/1805
f 2006/763/1806 2005/766/1806 2004/767/1806 2007/764/1806
f 2009/768/1807 2010/769/1807 2011/770/1807
f 2015/771/1808 2016/772/1808 2017/773/1808
f 2015/771/1809 2014/774/1809 2013/775/1809 2016/772/1809
f 2003/776/1810 2011/770/1810 2010/769/1810 2016/772/1810 2013/775/1810
f 2014/774/1811 2015/771/1811 2007/764/1811 2004/767/1811
f 2017/773/1812 2016/772/1812 2010/769/1812 2012/777/1812
f 2008/765/1813 2007/764/1813 2015/771/1813 2017/773/1813 2012/778/1813
f 2018/779/1814 2020/780/1814 2021/781/1814 2019/782/1814
f 2020/780/1815 2012/783/1815 2022/784/1815 2021/781/1815
f 2003/785/1816 2013/775/1816 2014/774/1816 2004/767/1816 2005/766/1816 2018/786/1816 2019/787/1816
f 2019/782/1817 2021/781/1817 2009/768/1817 2011/770/1817 2003/776/1817
f 2005/766/1818 2006/763/1818 2020/788/1818 2018/789/1818
f 2009/768/1819 2021/781/1819 2022/784/1819
f 2020/788/1820 2006/763/1820 2008/765/1820 2012/790/1820
f 2012/791/1821 2010/769/1821 2009/768/1821 2022/784/1821
f 2026/763/1822 2027/764/1822 2028/765/1822
f 2026/763/1823 2025/766/1823 2024/767/1823 2027/764/1823
f 2029/768/1824 2030/769/1824 2031/770/1824
f 2035/771/1825 2036/772/1825 2037/773/1825
f 2035/771/1826 2034/774/1826 2033/775/1826 2036/772/1826
f 2023/776/1827 2031/770/1827 2030/769/1827 2036/772/1827 2033/775/1827
f 2034/774/1828 2035/771/1828 2027/764/1828 2024/767/1828
f 2037/773/1829 2036/772/1829 2030/769/1829 2032/777/1829
f 2028/765/1830 2027/764/1830 2035/771/1830 2037/773/1830 2032/778/1830
f 2038/779/1831 2040/780/1831 2041/781/1831 2039/782/1831
f 2040/780/1832 2032/783/1832 2042/784/1832 2041/781/1832
f 2023/785/1833 2033/775/1833 2034/774/1833 2024/767/1833 2025/766/1833 2038/786/1833 2039/787/1833
f 2039/782/1834 2041/781/1834 2029/768/1834 2031/770/1834 2023/776/1834
f 2025/766/1835 2026/763/1835 2040/788/1835 2038/789/1835
f 2029/768/1836 2041/781/1836 2042/784/1836
f 2040/788/1837 2026/763/1837 2028/765/1837 2032/790/1837
f 2032/791/1838 2030/769/1838 2029/768/1838 2042/784/1838
f 2046/763/1839 2047/764/1839 2048/765/1839
f 2046/763/1840 2045/766/1840 2044/767/1840 2047/764/1840
f 2049/768/1841 2050/769/1841 2051/770/1841
f 2055/771/1842 2056/772/1842 2057/773/1842
f 2055/771/1843 2054/774/1843 2053/775/1843 2056/772/1843
f 2043/776/1844 2051/770/1844 2050/769/1844 2056/772/1844 2053/775/1844
f 2054/774/1845 2055/771/1845 2047/764/1845 2044/767/1845
f 2057/773/1846 2056/772/1846 2050/769/1846 2052/777/1846
f 2048/765/1847 2047/764/1847 2055/771/1847 2057/773/1847 2052/778/1847
f 2058/779/1848 2060/780/1848 2061/781/1848 2059/782/1848
f 2060/780/1849 2052/783/1849 2062/784/1849 2061/781/1849
f 2043/785/1850 2053/775/1850 2054/774/1850 2044/767/1850 2045/766/1850 2058/786/1850 2059/787/1850
f 2059/782/1851 2061/781/1851 2049/768/1851 2051/770/1851 2043/776/1851
f 2045/766/1852 2046/763/1852 2060/788/1852 2058/789/1852
f 2049/768/1853 2061/781/1853 2062/784/1853
f 2060/788/1854 2046/763/1854 2048/765/1854 2052/790/1854
f 2052/791/1855 2050/769/1855 2049/768/1855 2062/784/1855
f 2066/763/1856 2067/764/1856 2068/765/1856
f 2066/763/1857 2065/766/1857 2064/767/1857 2067/764/1857
f 2069/768/1858 2070/769/1858 2071/770/1858
f 2075/771/1859 2076/772/1859 2077/773/1859
f 2075/771/1860 2074/774/1860 2073/775/1860 2076/772/1860
f 2063/776/1861 2071/770/1861 2070/769/1861 2076/772/1861 2073/775/1861
f 2074/774/1862 2075/771/1862 2067/764/1862 2064/767/1862
f 2077/773/1863 2076/772/1863 2070/769/1863 2072/777/1863
f 2068/765/1864 2067/764/1864 2075/771/1864 2077/773/1864 2072/778/1864
f 2078/779/1865 2080/780/1865 2081/781/1865 2079/782/1865
f 2080/780/1866 2072/783/1866 2082/784/1866 2081/781/1866
f 2063/785/1867 2073/775/1867 2074/774/1867 2064/767/1867 2065/766/1867 2078/786/1867 2079/787/1867
f 2079/782/1868 2081/781/1868 2069/768/1868 2071/770/1868 2063/776/1868
f 2065/766/1869 2066/763/1869 2080/788/1869 2078/789/1869
f 2069/768/1870 2081/781/1870 2082/784/1870
f 2080/788/1871 2066/763/1871 2068/765/1871 2072/790/1871
f 2072/791/1872 2070/769/1872 2069/768/1872 2082/784/1872
f 2086/763/1873 2087/764/1873 2088/765/1873
f 2086/763/1874 2085/766/1874 2084/767/1874 2087/764/1874
f 2089/768/1875 2090/769/1875 2091/770/1875
f 2095/771/1876 2096/772/1876 2097/773/1876
f 2095/771/1877 2094/774/1877 2093/775/1877 2096/772/1877
f 2083/776/1878 2091/770/1878 2090/769/1878 2096/772/1878 2093/775/1878
f 2094/774/1879 2095/771/1879 2087/764/1879 2084/767/1879
f 2097/773/1880 2096/772/1880 2090/769/1880 2092/777/1880
f 2088/765/1881 2087/764/1881 2095/771/1881 2097/773/1881 2092/778/1881
f 2098/779/1882 2100/780/1882 2101/781/1882 2099/782/1882
f 2100/780/1883 2092/783/1883 2102/784/1883 2101/781/1883
f 2083/785/1884 2093/775/1884 2094/774/1884 2084/767/1884 2085/766/1884 2098/786/1884 2099/787/1884
f 2099/782/1885 2101/781/1885 2089/768/1885 2091/770/1885 2083/776/1885
f 2085/766/1886 2086/763/1886 2100/788/1886 2098/789/1886
f 2089/768/1887 2101/781/1887 2102/784/1887
f 2100/788/1888 2086/763/1888 2088/765/1888 2092/790/1888
f 2092/791/1889 2090/769/1889 2089/768/1889 2102/784/1889
f 2106/763/1890 2107/764/1890 2108/765/1890
f 2106/763/1891 2105/766/1891 2104/767/1891 2107/764/1891
f 2109/768/1892 2110/769/1892 2111/770/1892
f 2115/771/1893 2116/772/1893 2117/773/1893
f 2115/771/1894 2114/774/1894 2113/775/1894 2116/772/1894
f 2103/776/1895 2111/770/1895 2110/769/1895 2116/772/1895 2113/775/1895
f 2114/774/1896 2115/771/1896 2107/764/1896 2104/767/1896
f 2117/773/1897 2116/772/1897 2110/769/1897 2112/777/1897
f 2108/765/1898 2107/764/1898 2115/771/1898 2117/773/1898 2112/778/1898
f 2118/779/1899 2120/780/1899 2121/781/1899 2119/782/1899
f 2120/780/1900 2112/783/1900 2122/784/1900 2121/781/1900
f 2103/785/1901 2113/775/1901 2114/774/1901 2104/767/1901 2105/766/1901 2118/786/1901 2119/787/1901
f 2119/782/1902 2121/781/1902 2109/768/1902 2111/770/1902 2103/776/1902
f 2105/766/1903 2106/763/1903 2120/788/1903 2118/789/1903
f 2109/768/1904 2121/781/1904 2122/784/1904
f 2120/788/1905 2106/763/1905 2108/765/1905 2112/790/1905
f 2112/791/1906 2110/769/1906 2109/768/1906 2122/784/1906
