# Blender 4.1.1
# www.blender.org
mtllib run.mtl
o Cube
v -0.586222 -0.261621 1.623100
v 0.569112 -0.250625 1.632530
v -0.588285 0.607777 0.862083
v 0.567049 0.618773 0.871513
v -0.565165 -1.077903 0.542069
v 0.586403 -1.081974 0.540781
v -0.567221 -0.533808 -0.362884
v 0.584349 -0.521211 -0.357341
v 0.241013 -0.987260 -0.232747
v -0.213929 -0.986556 -0.240704
v -0.213117 -1.178301 0.127065
v 0.241824 -1.170382 0.135930
v -0.247471 0.582667 1.355628
v -0.246639 0.231820 1.662738
v 0.219598 0.236256 1.666543
v 0.218766 0.587104 1.359433
v -0.667803 0.156078 0.171554
v 0.665446 0.167646 0.180856
v -0.665423 -0.758207 1.068140
v 0.667806 -0.767034 1.087340
v -0.682842 0.516030 0.940829
v -0.750286 0.409258 1.033174
v -0.790627 0.292556 1.134659
v -0.803878 0.171017 1.240824
v -0.790051 0.049735 1.347209
v -0.749158 -0.066194 1.449356
v -0.681211 -0.171677 1.542807
v -0.465329 -0.331790 1.686513
v -0.324176 -0.381389 1.732255
v -0.169533 -0.410483 1.760272
v -0.008168 -0.419135 1.770506
v 0.153148 -0.407411 1.762905
v 0.307647 -0.375375 1.737412
v 0.448558 -0.323092 1.693973
v 0.663670 -0.158878 1.553784
v 0.731114 -0.052106 1.461438
v 0.771455 0.064597 1.359954
v 0.784706 0.186136 1.253790
v 0.770879 0.307417 1.147404
v 0.729985 0.423346 1.045257
v 0.662038 0.528830 0.951807
v 0.446157 0.688942 0.808100
v 0.305004 0.738541 0.762358
v 0.150360 0.767635 0.734342
v -0.011004 0.776288 0.724107
v -0.172321 0.764564 0.731708
v -0.326819 0.732528 0.757201
v -0.467730 0.680245 0.800641
v -0.668955 0.230764 0.264931
v -0.669050 0.302082 0.355192
v -0.667032 0.369656 0.450320
v -0.661846 0.431748 0.541950
v -0.652434 0.487791 0.623098
v -0.637741 0.536760 0.703005
v -0.616710 0.577227 0.782680
v 0.666589 0.090627 0.086791
v 0.666657 0.009598 -0.008025
v 0.664576 -0.075856 -0.098416
v 0.659274 -0.166121 -0.181292
v 0.649676 -0.256584 -0.247600
v 0.634706 -0.346947 -0.299273
v 0.613289 -0.433724 -0.334310
v 0.463851 -0.484151 -0.435557
v 0.323161 -0.451952 -0.488089
v 0.169027 -0.429138 -0.517625
v 0.008183 -0.416245 -0.524984
v -0.152613 -0.431928 -0.519250
v -0.306608 -0.459239 -0.491440
v -0.447060 -0.493074 -0.439268
v -0.659845 -1.020992 0.447435
v -0.727570 -0.957408 0.335785
v -0.768330 -0.884355 0.214697
v -0.782112 -0.809752 0.087646
v -0.768904 -0.734978 -0.039277
v -0.728695 -0.663189 -0.160916
v -0.661471 -0.592594 -0.269164
v 0.679028 -0.578732 -0.263210
v 0.746752 -0.643843 -0.151874
v 0.787512 -0.717744 -0.030882
v 0.801294 -0.795866 0.094254
v 0.788086 -0.873077 0.219931
v 0.747877 -0.950319 0.339309
v 0.680652 -1.021790 0.447645
v 0.466240 -1.130807 0.613103
v 0.325790 -1.173245 0.661794
v 0.171794 -1.203328 0.688742
v 0.011001 -1.207959 0.699421
v -0.149835 -1.190238 0.693396
v -0.303974 -1.162204 0.665588
v -0.444667 -1.124537 0.615231
v -0.663920 -0.807046 0.987644
v -0.661367 -0.851426 0.910711
v -0.656713 -0.889048 0.838406
v -0.648908 -0.923235 0.772346
v -0.636901 -0.962231 0.712157
v -0.619641 -1.002744 0.655344
v -0.596080 -1.041477 0.599334
v 0.666306 -0.710013 1.169623
v 0.663774 -0.649612 1.250870
v 0.659179 -0.586517 1.329325
v 0.651487 -0.526908 1.407080
v 0.639666 -0.464102 1.478608
v 0.622685 -0.398057 1.542037
v 0.599511 -0.324803 1.592286
v 0.201627 -0.990749 -0.240781
v 0.145148 -0.994868 -0.249099
v 0.081187 -0.997128 -0.255727
v 0.013745 -0.997751 -0.258955
v -0.053734 -0.996160 -0.258657
v -0.117796 -0.993519 -0.254402
v -0.174415 -0.989895 -0.247500
v -0.220947 -1.167100 0.091608
v -0.228621 -1.149000 0.041460
v -0.233467 -1.125674 -0.014133
v -0.235163 -1.097839 -0.070716
v -0.233708 -1.066987 -0.124128
v -0.229091 -1.035897 -0.172041
v -0.221618 -1.007326 -0.212779
v 0.248998 -1.007724 -0.203185
v 0.256839 -1.035349 -0.160399
v 0.261802 -1.064750 -0.110777
v 0.263543 -1.093506 -0.056725
v 0.262044 -1.119456 -0.000994
v 0.257309 -1.141602 0.053066
v 0.249669 -1.159218 0.101622
v 0.202466 -1.178807 0.140332
v 0.146014 -1.187668 0.144417
v 0.082071 -1.194409 0.145580
v 0.014636 -1.197389 0.145514
v -0.052849 -1.196665 0.143247
v -0.116928 -1.192461 0.138939
v -0.173575 -1.185384 0.133011
v -0.526398 -1.108994 0.482678
v -0.481487 -1.133298 0.422583
v -0.432688 -1.152351 0.362448
v -0.382262 -1.166610 0.303444
v -0.332422 -1.175661 0.247891
v -0.285205 -1.179719 0.198073
v -0.243083 -1.179927 0.155897
v 0.271529 -1.170705 0.165209
v 0.313200 -1.168875 0.207500
v 0.359789 -1.163645 0.256565
v 0.408814 -1.154322 0.310529
v 0.458224 -1.140427 0.367872
v 0.505802 -1.123969 0.425655
v 0.549285 -1.104709 0.483479
v -0.528319 -0.619673 -0.371222
v -0.483249 -0.695624 -0.365585
v -0.434279 -0.762756 -0.351318
v -0.383674 -0.822815 -0.331846
v -0.333658 -0.876221 -0.309100
v -0.286273 -0.922778 -0.284415
v -0.244002 -0.961232 -0.259672
v 0.270612 -0.961941 -0.252073
v 0.312133 -0.923087 -0.277672
v 0.358554 -0.874914 -0.303767
v 0.407402 -0.818518 -0.327818
v 0.456636 -0.755132 -0.347753
v 0.504043 -0.685329 -0.361671
v 0.547365 -0.607892 -0.366607
v -0.255880 0.556372 1.386824
v -0.264142 0.517154 1.429972
v -0.269329 0.470834 1.476756
v -0.270998 0.419878 1.523683
v -0.269082 0.366625 1.567974
v -0.263661 0.314135 1.607682
v -0.255192 0.266198 1.640824
v -0.206387 0.230002 1.673311
v -0.148547 0.228759 1.684310
v -0.082943 0.228571 1.691882
v -0.013720 0.229065 1.694945
v 0.055540 0.229890 1.693012
v 0.121243 0.231327 1.686512
v 0.179221 0.233672 1.676459
v 0.227851 0.270796 1.644767
v 0.235946 0.318890 1.611760
v 0.241015 0.371479 1.572137
v 0.242640 0.424767 1.527875
v 0.240768 0.475689 1.480919
v 0.235465 0.521909 1.434050
v 0.227163 0.560970 1.390766
v 0.178359 0.597166 1.358279
v 0.120351 0.607285 1.357422
v 0.054629 0.613742 1.357011
v -0.014638 0.615581 1.356612
v -0.083854 0.612424 1.355882
v -0.149439 0.604718 1.355219
v -0.207250 0.593496 1.355131
v -0.551945 0.627487 0.940931
v -0.509317 0.637412 1.017967
v -0.462562 0.639103 1.091691
v -0.413842 0.634110 1.160600
v -0.365293 0.623997 1.223249
v -0.318947 0.610382 1.278418
v -0.277295 0.595174 1.324515
v 0.248850 0.600181 1.328809
v 0.290951 0.616187 1.283396
v 0.337925 0.630690 1.228989
v 0.387288 0.641734 1.167139
v 0.437022 0.647664 1.099034
v 0.484998 0.646875 1.026083
v 0.529059 0.637775 0.949755
v 0.530989 -0.175690 1.661811
v 0.486773 -0.101355 1.681038
v 0.438629 -0.029280 1.691590
v 0.388719 0.038877 1.694843
v 0.339180 0.101512 1.692199
v 0.292040 0.157233 1.685136
v 0.249789 0.204253 1.675381
v -0.276356 0.199246 1.671087
v -0.317858 0.151429 1.680158
v -0.364038 0.094819 1.686459
v -0.412412 0.031253 1.688304
v -0.460956 -0.037842 1.684247
v -0.507542 -0.110818 1.672923
v -0.550015 -0.185977 1.652988
v -0.598243 -0.446350 -0.340250
v -0.621885 -0.359171 -0.304904
v -0.639202 -0.271270 -0.256584
v -0.651247 -0.181657 -0.192907
v -0.659076 -0.090920 -0.111352
v -0.663742 -0.004315 -0.020821
v -0.666300 0.078042 0.075435
v 0.597343 0.588782 0.792589
v 0.620438 0.548734 0.713275
v 0.637363 0.500066 0.633626
v 0.649146 0.444215 0.553697
v 0.656815 0.382415 0.465083
v 0.661403 0.314853 0.369119
v 0.663945 0.242342 0.273971
v -0.614542 -0.336177 1.582227
v -0.635495 -0.403192 1.526524
v -0.650131 -0.467421 1.461801
v -0.659505 -0.526822 1.388166
v -0.664669 -0.587888 1.311615
v -0.666674 -0.646660 1.231358
v -0.666575 -0.704165 1.149948
v 0.615451 -1.051551 0.598715
v 0.636948 -1.017357 0.657105
v 0.651977 -0.980745 0.717707
v 0.661613 -0.945813 0.782132
v 0.666933 -0.907033 0.851621
v 0.669021 -0.864987 0.926390
v 0.668952 -0.819315 1.005743
v 0.775062 0.070265 0.274195
v 0.853459 -0.043080 0.390244
v 0.900641 -0.169173 0.515090
v 0.916596 -0.298414 0.637126
v 0.901305 -0.425581 0.759428
v 0.854751 -0.549157 0.879872
v 0.776924 -0.664846 0.991466
v -0.776921 0.056750 0.263522
v -0.854749 -0.058427 0.374284
v -0.901302 -0.184998 0.497328
v -0.916593 -0.313627 0.619349
v -0.900637 -0.437627 0.740528
v -0.853447 -0.555491 0.859969
v -0.775038 -0.662446 0.970509
v 0.528688 -0.844897 1.160710
v 0.366079 -0.894127 1.210786
v 0.187793 -0.921830 1.239983
v 0.001638 -0.932417 1.248884
v -0.184573 -0.917818 1.234836
v -0.363028 -0.885371 1.200172
v -0.525915 -0.835383 1.145687
v 0.525941 0.244261 0.109102
v 0.363050 0.299931 0.060280
v 0.184578 0.332503 0.026997
v -0.001635 0.339986 0.009796
v -0.187790 0.328183 0.022219
v -0.366078 0.292641 0.052246
v -0.528686 0.235657 0.102524
v 0.415956 0.703415 0.890441
v 0.283887 0.749808 0.847668
v 0.139187 0.777019 0.821478
v -0.011805 0.785111 0.811912
v -0.162752 0.774145 0.819014
v -0.307315 0.744182 0.842843
v -0.439159 0.695277 0.883461
v 0.381052 0.707146 0.971664
v 0.259585 0.749715 0.932510
v 0.126451 0.774664 0.908587
v -0.012494 0.782074 0.899859
v -0.151397 0.772020 0.906319
v -0.284404 0.744538 0.928070
v -0.405662 0.699659 0.965243
v 0.343219 0.701901 1.050183
v 0.233358 0.740123 1.015285
v 0.112803 0.762473 0.994106
v -0.013077 0.769087 0.986409
v -0.138917 0.760077 0.992051
v -0.259354 0.735434 1.011263
v -0.369023 0.695122 1.044369
v 0.304237 0.689443 1.124411
v 0.206466 0.722895 1.094397
v 0.098893 0.742348 1.076475
v -0.013559 0.748056 1.070023
v -0.125973 0.740207 1.074640
v -0.233434 0.718708 1.090806
v -0.331028 0.683396 1.119225
v 0.265902 0.671484 1.192900
v 0.180190 0.699790 1.168460
v 0.085384 0.716088 1.154345
v -0.013947 0.720796 1.149354
v -0.113239 0.714198 1.152724
v -0.207936 0.696096 1.165293
v -0.293481 0.666160 1.188334
v 0.230090 0.649524 1.254762
v 0.155905 0.672163 1.236954
v 0.072988 0.685073 1.227218
v -0.014250 0.688739 1.223821
v -0.101446 0.683413 1.225794
v -0.184250 0.668925 1.234178
v -0.258271 0.644877 1.250776
v 0.199212 0.624797 1.309509
v 0.135188 0.641131 1.299747
v 0.062456 0.650560 1.294831
v -0.014477 0.653221 1.293037
v -0.091364 0.649096 1.293575
v -0.163974 0.638284 1.297305
v -0.227827 0.620733 1.306024
v -0.527220 0.156410 0.007868
v -0.364655 0.211549 -0.044318
v -0.186415 0.245444 -0.076229
v -0.000309 0.258122 -0.085732
v 0.185865 0.248927 -0.072682
v 0.364283 0.218951 -0.036331
v 0.527121 0.166024 0.016306
v -0.524922 0.073182 -0.085582
v -0.362660 0.125891 -0.139662
v -0.184751 0.159440 -0.170078
v 0.001008 0.173897 -0.175926
v 0.186840 0.162542 -0.167079
v 0.364916 0.134292 -0.130902
v 0.527449 0.084119 -0.075576
v -0.520959 -0.016288 -0.177592
v -0.359519 0.035029 -0.230360
v -0.182513 0.070878 -0.255658
v 0.002308 0.085105 -0.261758
v 0.187199 0.073773 -0.252907
v 0.364365 0.044701 -0.220866
v 0.526074 -0.003551 -0.165990
v -0.514500 -0.110685 -0.260975
v -0.354661 -0.060069 -0.311551
v -0.179410 -0.022199 -0.333767
v 0.003582 -0.008440 -0.340179
v 0.186635 -0.019280 -0.331023
v 0.362040 -0.049603 -0.302377
v 0.522145 -0.096701 -0.249383
v -0.504713 -0.208625 -0.331674
v -0.347514 -0.159516 -0.381384
v -0.175157 -0.120119 -0.402083
v 0.004817 -0.105721 -0.407747
v 0.184843 -0.116819 -0.399125
v 0.357350 -0.147396 -0.371711
v 0.514811 -0.193500 -0.320494
v -0.490765 -0.304827 -0.383851
v -0.337504 -0.263269 -0.438039
v -0.169465 -0.221933 -0.457419
v 0.006001 -0.206699 -0.462559
v 0.181517 -0.218598 -0.454668
v 0.349703 -0.249394 -0.428197
v 0.503219 -0.294413 -0.378581
v -0.471825 -0.399080 -0.419181
v -0.324060 -0.362245 -0.473473
v -0.162046 -0.326155 -0.497043
v 0.007126 -0.311052 -0.502706
v 0.176347 -0.323321 -0.495003
v 0.338506 -0.353844 -0.468810
v 0.486518 -0.391481 -0.416200
v 0.437052 -1.149541 0.551182
v 0.305859 -1.184570 0.598190
v 0.162005 -1.207551 0.625206
v 0.011800 -1.213033 0.635113
v -0.138446 -1.202399 0.627815
v -0.282433 -1.180625 0.600489
v -0.413853 -1.150897 0.551549
v 0.402880 -1.163236 0.488257
v 0.282479 -1.193119 0.532006
v 0.150410 -1.211203 0.558075
v 0.012487 -1.217518 0.566647
v -0.125476 -1.210384 0.559151
v -0.257669 -1.194159 0.532632
v -0.378277 -1.169423 0.486686
v 0.365597 -1.174307 0.424563
v 0.256985 -1.199359 0.464257
v 0.137702 -1.214661 0.487673
v 0.013068 -1.221583 0.494388
v -0.111602 -1.216184 0.487610
v -0.230999 -1.203630 0.463040
v -0.339800 -1.182781 0.421184
v 0.327067 -1.182705 0.360908
v 0.230700 -1.203809 0.395552
v 0.124575 -1.217264 0.415259
v 0.013552 -1.223331 0.420653
v -0.097507 -1.219276 0.414720
v -0.203741 -1.209404 0.393008
v -0.300282 -1.191748 0.356270
v 0.289155 -1.187319 0.299555
v 0.204955 -1.204805 0.328353
v 0.111716 -1.216061 0.344178
v 0.013941 -1.220549 0.348884
v -0.083872 -1.218500 0.343026
v -0.177218 -1.210948 0.324614
v -0.261582 -1.196494 0.293580
v 0.253741 -1.188133 0.241984
v 0.181113 -1.202258 0.263848
v 0.099839 -1.211637 0.275039
v 0.014245 -1.215461 0.278190
v -0.071390 -1.214193 0.273404
v -0.152775 -1.208225 0.259308
v -0.225564 -1.196628 0.235268
v 0.223199 -1.185361 0.189194
v 0.160719 -1.196483 0.202578
v 0.089682 -1.204283 0.208599
v 0.014473 -1.207629 0.210037
v -0.060781 -1.206780 0.206543
v -0.131938 -1.201935 0.197482
v -0.194587 -1.192858 0.182133
v -0.527104 -0.782001 1.226547
v -0.364259 -0.839554 1.282770
v -0.185851 -0.873042 1.317263
v 0.000312 -0.880606 1.329015
v 0.186419 -0.870988 1.320792
v 0.364659 -0.843950 1.292882
v 0.527225 -0.792594 1.243599
v -0.527458 -0.726296 1.307898
v -0.364910 -0.788149 1.365293
v -0.186827 -0.823629 1.399943
v -0.001004 -0.833690 1.412087
v 0.184763 -0.821954 1.403542
v 0.362679 -0.789762 1.374840
v 0.524948 -0.732007 1.323995
v -0.526143 -0.667687 1.387207
v -0.364402 -0.729282 1.444162
v -0.187203 -0.769457 1.480138
v -0.002302 -0.787672 1.495596
v 0.182544 -0.771924 1.485682
v 0.359577 -0.733522 1.455057
v 0.521041 -0.669634 1.402023
v -0.522325 -0.607641 1.463310
v -0.362155 -0.667764 1.518560
v -0.186676 -0.708488 1.554752
v -0.003570 -0.729645 1.571943
v 0.179480 -0.714538 1.562389
v 0.354794 -0.671942 1.530032
v 0.514690 -0.609284 1.478185
v -0.515169 -0.545577 1.533757
v -0.357588 -0.604200 1.587494
v -0.184946 -0.643146 1.622642
v -0.004801 -0.658639 1.637249
v 0.175290 -0.645551 1.628763
v 0.347770 -0.606507 1.598406
v 0.505081 -0.545282 1.547925
v -0.503841 -0.479687 1.596209
v -0.350123 -0.536521 1.648156
v -0.181713 -0.572144 1.681149
v -0.005984 -0.581567 1.692295
v 0.169693 -0.568800 1.684018
v 0.337944 -0.533912 1.656255
v 0.491399 -0.476974 1.608948
v -0.487505 -0.410093 1.649012
v -0.339179 -0.462213 1.697079
v -0.176675 -0.492785 1.726519
v -0.007109 -0.501878 1.737274
v 0.162406 -0.489558 1.729286
v 0.324757 -0.455894 1.702498
v 0.472829 -0.400953 1.656850
v -0.775388 -0.018674 0.165256
v -0.772627 -0.097936 0.066446
v -0.767410 -0.181278 -0.025932
v -0.758507 -0.265638 -0.101245
v -0.744690 -0.349507 -0.161460
v -0.724730 -0.431933 -0.208635
v -0.697400 -0.512988 -0.244556
v -0.853196 -0.129060 0.273130
v -0.850290 -0.202291 0.170990
v -0.844679 -0.278913 0.084273
v -0.835010 -0.357295 0.012540
v -0.819929 -0.435786 -0.046153
v -0.798085 -0.513110 -0.093795
v -0.768124 -0.588976 -0.132232
v -0.899736 -0.248663 0.395673
v -0.896744 -0.313031 0.295430
v -0.890897 -0.382223 0.211440
v -0.880769 -0.454281 0.141571
v -0.864933 -0.527167 0.083320
v -0.841962 -0.599077 0.034493
v -0.810428 -0.668632 -0.006558
v -0.915024 -0.371240 0.522225
v -0.912003 -0.427158 0.427211
v -0.906079 -0.488805 0.346648
v -0.895800 -0.554140 0.278289
v -0.879716 -0.620836 0.219697
v -0.856374 -0.686557 0.168873
v -0.824323 -0.748953 0.124801
v -0.899072 -0.491363 0.649432
v -0.896080 -0.540993 0.560637
v -0.890237 -0.595979 0.483562
v -0.880116 -0.654677 0.416482
v -0.864290 -0.714904 0.357467
v -0.841335 -0.774084 0.304820
v -0.809824 -0.829737 0.257707
v -0.851894 -0.607609 0.774270
v -0.848991 -0.655418 0.691710
v -0.843386 -0.702104 0.615974
v -0.833730 -0.753711 0.549412
v -0.818670 -0.807148 0.489660
v -0.796858 -0.859774 0.435053
v -0.766941 -0.908950 0.384531
v -0.773506 -0.712357 0.887960
v -0.770748 -0.756730 0.808614
v -0.765540 -0.799861 0.735830
v -0.756656 -0.846354 0.670149
v -0.742869 -0.893693 0.609821
v -0.722956 -0.936719 0.553777
v -0.695689 -0.980045 0.500342
v 0.773522 0.143704 0.371923
v 0.770787 0.213849 0.467781
v 0.765659 0.279833 0.562093
v 0.756933 0.342153 0.644809
v 0.743407 0.399655 0.723265
v 0.723883 0.450784 0.800716
v 0.697160 0.494267 0.876964
v 0.851906 0.026277 0.487939
v 0.849032 0.092711 0.587819
v 0.843517 0.158685 0.672632
v 0.834034 0.222458 0.750850
v 0.819263 0.281895 0.827591
v 0.797879 0.335911 0.902485
v 0.768561 0.383423 0.975164
v 0.899080 -0.107089 0.619556
v 0.896123 -0.041841 0.710936
v 0.890375 0.025847 0.789678
v 0.880437 0.090909 0.866760
v 0.864915 0.152473 0.941627
v 0.842412 0.209661 1.013726
v 0.811532 0.261601 1.082503
v 0.915032 -0.238429 0.733073
v 0.912046 -0.181505 0.833446
v 0.906218 -0.113125 0.911581
v 0.896127 -0.046712 0.987479
v 0.880351 0.017076 1.060394
v 0.857470 0.077584 1.129582
v 0.826062 0.134156 1.194295
v 0.899745 -0.367873 0.850661
v 0.896787 -0.306970 0.938902
v 0.891035 -0.247556 1.027329
v 0.881091 -0.184626 1.107947
v 0.865558 -0.118608 1.178915
v 0.843040 -0.054774 1.245197
v 0.812137 0.006440 1.305855
v 0.853203 -0.491808 0.966482
v 0.850330 -0.431092 1.051216
v 0.844809 -0.370376 1.134856
v 0.835314 -0.310735 1.216902
v 0.820522 -0.248893 1.292210
v 0.799107 -0.181865 1.355715
v 0.769746 -0.116194 1.412498
v 0.775395 -0.608075 1.075593
v 0.772664 -0.547820 1.158362
v 0.767528 -0.485057 1.238220
v 0.758784 -0.425898 1.318162
v 0.745229 -0.363938 1.391782
v 0.725660 -0.298142 1.456280
v 0.698875 -0.228393 1.509536
v -0.167566 -1.022679 -0.209759
v -0.109855 -1.031267 -0.211539
v -0.048768 -1.036013 -0.213395
v 0.014085 -1.038284 -0.212430
v 0.076888 -1.036924 -0.209649
v 0.137829 -1.032055 -0.205545
v 0.195303 -1.022946 -0.202221
v -0.167597 -1.053887 -0.168016
v -0.106925 -1.064859 -0.168092
v -0.046300 -1.070357 -0.169904
v 0.014357 -1.073045 -0.167647
v 0.074955 -1.071607 -0.163924
v 0.135402 -1.065103 -0.160962
v 0.195777 -1.053360 -0.159289
v -0.168621 -1.084099 -0.121933
v -0.106142 -1.095309 -0.122466
v -0.045356 -1.101221 -0.124388
v 0.014561 -1.103657 -0.121603
v 0.074416 -1.101722 -0.117506
v 0.135010 -1.094608 -0.114628
v 0.197169 -1.082403 -0.112201
v -0.169057 -1.112235 -0.072063
v -0.106053 -1.122320 -0.074207
v -0.045138 -1.128023 -0.076473
v 0.014700 -1.129895 -0.073888
v 0.074474 -1.127514 -0.069619
v 0.135197 -1.120510 -0.066338
v 0.197882 -1.109146 -0.061987
v -0.168397 -1.136911 -0.019736
v -0.105925 -1.145434 -0.023342
v -0.045143 -1.150600 -0.024896
v 0.014775 -1.151937 -0.023627
v 0.074630 -1.149205 -0.019751
v 0.135227 -1.142634 -0.016163
v 0.197394 -1.132542 -0.010102
v -0.167155 -1.157465 0.032901
v -0.106492 -1.164615 0.029116
v -0.045870 -1.169118 0.028124
v 0.014788 -1.170131 0.029224
v 0.075386 -1.167368 0.031244
v 0.135835 -1.161046 0.035657
v 0.196219 -1.152162 0.041691
v -0.166918 -1.173650 0.083977
v -0.109206 -1.180138 0.083054
v -0.048115 -1.184260 0.083932
v 0.014741 -1.185066 0.085365
v 0.077541 -1.182248 0.086590
v 0.138477 -1.175946 0.088998
v 0.195951 -1.167695 0.091914
v -0.614814 -1.056981 0.394011
v -0.678048 -1.000545 0.287955
v -0.716097 -0.936229 0.172790
v -0.728960 -0.867677 0.052717
v -0.716633 -0.795357 -0.064694
v -0.679098 -0.729618 -0.177740
v -0.616334 -0.669087 -0.281555
v -0.562463 -1.088097 0.339978
v -0.620292 -1.039320 0.239877
v -0.655040 -0.985444 0.127855
v -0.666773 -0.922111 0.009914
v -0.655533 -0.845166 -0.093998
v -0.621256 -0.786216 -0.189025
v -0.563858 -0.736336 -0.283145
v -0.505273 -1.114287 0.285954
v -0.556875 -1.073265 0.191268
v -0.587744 -1.030449 0.076159
v -0.598127 -0.966618 -0.036159
v -0.588189 -0.887758 -0.128070
v -0.557747 -0.828362 -0.203249
v -0.506532 -0.795445 -0.278849
v -0.445728 -1.134920 0.233506
v -0.490370 -1.099427 0.146135
v -0.516793 -1.061516 0.034339
v -0.525599 -1.002042 -0.078411
v -0.517189 -0.925602 -0.160966
v -0.491146 -0.872324 -0.215323
v -0.446848 -0.849478 -0.270675
v -0.386163 -1.148992 0.185979
v -0.423120 -1.117979 0.107844
v -0.444545 -1.082090 0.010072
v -0.451561 -1.030439 -0.096589
v -0.444894 -0.964893 -0.173526
v -0.423802 -0.920771 -0.215198
v -0.387147 -0.898756 -0.258852
v -0.328337 -1.157608 0.145342
v -0.356560 -1.130511 0.078946
v -0.372457 -1.097697 0.001191
v -0.377573 -1.056134 -0.083183
v -0.372763 -1.008147 -0.151829
v -0.357156 -0.968424 -0.201649
v -0.329193 -0.943151 -0.243188
v -0.273528 -1.162644 0.112920
v -0.291682 -1.140310 0.056828
v -0.301732 -1.112432 -0.006644
v -0.304988 -1.079142 -0.072212
v -0.302001 -1.042697 -0.131916
v -0.292205 -1.008471 -0.182953
v -0.274274 -0.980545 -0.225646
v 0.635782 -0.657220 -0.276638
v 0.699015 -0.714750 -0.171736
v 0.737064 -0.779905 -0.058098
v 0.749928 -0.850462 0.060809
v 0.737600 -0.919286 0.180050
v 0.700065 -0.987518 0.292967
v 0.637299 -1.049607 0.396089
v 0.585020 -0.726281 -0.278441
v 0.642853 -0.774292 -0.182894
v 0.677601 -0.830734 -0.087489
v 0.689336 -0.902938 0.028326
v 0.678094 -0.963978 0.141657
v 0.643815 -1.022678 0.247848
v 0.586412 -1.075341 0.344990
v 0.529225 -0.786240 -0.274054
v 0.580838 -0.815892 -0.196940
v 0.611708 -0.873043 -0.125218
v 0.622095 -0.951292 -0.014411
v 0.612154 -1.004674 0.103324
v 0.581704 -1.054090 0.204083
v 0.530481 -1.099353 0.293717
v 0.470876 -0.842795 -0.265344
v 0.515538 -0.865894 -0.205475
v 0.541971 -0.910186 -0.163963
v 0.550785 -0.988888 -0.043666
v 0.542369 -1.037908 0.069503
v 0.516309 -1.080055 0.163526
v 0.471994 -1.119373 0.244121
v 0.412312 -0.898050 -0.250183
v 0.449301 -0.927338 -0.191814
v 0.470753 -0.966602 -0.135977
v 0.477784 -1.020466 -0.044669
v 0.471104 -1.063423 0.045950
v 0.449981 -1.100597 0.127797
v 0.413293 -1.134382 0.198479
v 0.355294 -0.945148 -0.231708
v 0.383577 -0.974127 -0.177673
v 0.399524 -1.009501 -0.117719
v 0.404664 -1.049080 -0.046223
v 0.399832 -1.085081 0.027576
v 0.384172 -1.117027 0.096906
v 0.356148 -1.145023 0.158204
v 0.301113 -0.981693 -0.214578
v 0.319371 -1.009480 -0.166374
v 0.329504 -1.040952 -0.111896
v 0.332794 -1.073571 -0.051107
v 0.329774 -1.103737 0.011619
v 0.319893 -1.130202 0.071721
v 0.301858 -1.152512 0.124733
v -0.416088 -0.581480 -0.441924
v -0.284893 -0.551427 -0.491465
v -0.141040 -0.529415 -0.519686
v 0.009166 -0.517061 -0.527047
v 0.159419 -0.527070 -0.518461
v 0.303403 -0.545268 -0.488966
v 0.434820 -0.572995 -0.438629
v -0.380329 -0.661700 -0.430432
v -0.259926 -0.636117 -0.476440
v -0.127855 -0.618138 -0.503309
v 0.010072 -0.608463 -0.511144
v 0.148040 -0.616138 -0.502259
v 0.280230 -0.631334 -0.474487
v 0.400835 -0.654800 -0.427662
v -0.341650 -0.734672 -0.409311
v -0.233032 -0.713655 -0.450657
v -0.113744 -0.699936 -0.475149
v 0.010896 -0.693887 -0.482832
v 0.135570 -0.698251 -0.474171
v 0.254958 -0.710076 -0.448895
v 0.363752 -0.729384 -0.406714
v -0.301920 -0.800356 -0.381774
v -0.205538 -0.783929 -0.417471
v -0.099398 -0.773753 -0.438597
v 0.011634 -0.769881 -0.445243
v 0.122689 -0.772771 -0.437600
v 0.228906 -0.781615 -0.415633
v 0.325430 -0.796989 -0.378981
v -0.263009 -0.858599 -0.350350
v -0.178777 -0.846601 -0.379631
v -0.085506 -0.839751 -0.396742
v 0.012284 -0.838215 -0.401798
v 0.110085 -0.839583 -0.395508
v 0.203399 -0.845620 -0.377384
v 0.287729 -0.857288 -0.346836
v -0.226786 -0.909476 -0.316826
v -0.154098 -0.902037 -0.339025
v -0.072769 -0.898452 -0.351699
v 0.012849 -0.898220 -0.355033
v 0.098463 -0.899153 -0.349913
v 0.179793 -0.902312 -0.335967
v 0.252521 -0.909713 -0.312192
v -0.195615 -0.952991 -0.282533
v -0.133030 -0.950737 -0.297039
v -0.061909 -0.950433 -0.305168
v 0.013335 -0.951170 -0.306895
v 0.088556 -0.951674 -0.302627
v 0.159629 -0.951917 -0.292814
v 0.222173 -0.953934 -0.276759
v -0.200470 0.280216 1.647303
v -0.141520 0.286525 1.655468
v -0.078798 0.289913 1.661565
v -0.014062 0.291387 1.664167
v 0.050724 0.291145 1.662622
v 0.113589 0.288953 1.657550
v 0.172775 0.283769 1.650350
v -0.201430 0.330958 1.615587
v -0.139424 0.340931 1.623244
v -0.077034 0.346404 1.628828
v -0.014337 0.348456 1.631236
v 0.048420 0.347597 1.629852
v 0.110985 0.343314 1.625287
v 0.173286 0.334525 1.618645
v -0.203196 0.382174 1.578756
v -0.139295 0.392580 1.587383
v -0.076631 0.398615 1.593183
v -0.014545 0.400892 1.595577
v 0.047605 0.399797 1.594196
v 0.110458 0.394957 1.589421
v 0.174678 0.385771 1.581841
v -0.204058 0.432300 1.537692
v -0.139590 0.441352 1.547859
v -0.076748 0.447026 1.554170
v -0.014688 0.449313 1.556614
v 0.047437 0.448208 1.555184
v 0.110470 0.443732 1.549899
v 0.175256 0.435910 1.540788
v -0.203427 0.479641 1.493441
v -0.139519 0.486985 1.504746
v -0.076853 0.492104 1.511348
v -0.014766 0.494342 1.513776
v 0.047383 0.493286 1.512362
v 0.110234 0.489362 1.506785
v 0.174447 0.483237 1.496525
v -0.201886 0.522930 1.447547
v -0.139871 0.529366 1.458299
v -0.077480 0.534345 1.464316
v -0.014783 0.536629 1.466522
v 0.047973 0.535539 1.465340
v 0.110538 0.531750 1.460343
v 0.172831 0.526496 1.450605
v -0.201137 0.561087 1.401447
v -0.142189 0.568502 1.408642
v -0.079473 0.574266 1.412659
v -0.014740 0.576824 1.414313
v 0.050049 0.575499 1.413717
v 0.112920 0.570930 1.410724
v 0.172109 0.564639 1.404493
v -0.436913 -0.251611 1.712309
v -0.304843 -0.297991 1.755097
v -0.160143 -0.325188 1.781302
v -0.009152 -0.333273 1.790876
v 0.141795 -0.322314 1.783767
v 0.286359 -0.292364 1.759923
v 0.418203 -0.243472 1.719288
v -0.403596 -0.171039 1.727399
v -0.282131 -0.213499 1.766677
v -0.149000 -0.238339 1.790725
v -0.010055 -0.245700 1.799509
v 0.128849 -0.235695 1.792993
v 0.261858 -0.208322 1.771117
v 0.383117 -0.163552 1.733820
v -0.367156 -0.091910 1.733289
v -0.257301 -0.129765 1.768607
v -0.136754 -0.151747 1.790206
v -0.010877 -0.158194 1.798094
v 0.114967 -0.149352 1.792260
v 0.235410 -0.125076 1.772628
v 0.345087 -0.085132 1.739103
v -0.329368 -0.016060 1.731486
v -0.231613 -0.048640 1.762496
v -0.124057 -0.067221 1.781413
v -0.011612 -0.072534 1.788317
v 0.100809 -0.065082 1.783248
v 0.208286 -0.044454 1.766086
v 0.305897 -0.010013 1.736671
v -0.292030 0.054824 1.723461
v -0.206351 0.028252 1.749882
v -0.111577 0.013652 1.765938
v -0.012260 0.009706 1.771799
v 0.087046 0.015543 1.767559
v 0.181775 0.031946 1.753050
v 0.267352 0.060147 1.728026
v -0.257025 0.119627 1.710547
v -0.182901 0.100191 1.732013
v -0.100039 0.090186 1.745068
v -0.012824 0.087760 1.749881
v 0.074396 0.091846 1.746492
v 0.157254 0.103428 1.734789
v 0.231336 0.124275 1.714533
v -0.226775 0.177666 1.693856
v -0.162855 0.166873 1.709949
v -0.090208 0.161940 1.720002
v -0.013309 0.161067 1.723839
v 0.063612 0.163404 1.721257
v 0.136306 0.169720 1.712391
v 0.200263 0.181731 1.697342
v 0.619440 -0.089851 1.588142
v 0.682515 0.010057 1.501747
v 0.720237 0.119262 1.406796
v 0.732626 0.232991 1.307459
v 0.719698 0.346473 1.207909
v 0.681460 0.454941 1.112322
v 0.617913 0.553631 1.024878
v 0.567961 -0.022445 1.613357
v 0.625775 0.069488 1.533952
v 0.660301 0.170010 1.446645
v 0.671624 0.274687 1.355258
v 0.659805 0.379093 1.263626
v 0.624804 0.478844 1.175627
v 0.566556 0.569564 1.095149
v 0.511607 0.041988 1.630581
v 0.563345 0.125265 1.558912
v 0.594106 0.216418 1.480005
v 0.604150 0.311310 1.397280
v 0.593656 0.405840 1.314197
v 0.562465 0.496035 1.234364
v 0.510335 0.577956 1.161427
v 0.452751 0.102094 1.640966
v 0.497679 0.176466 1.577488
v 0.524110 0.258062 1.507383
v 0.532651 0.342950 1.433620
v 0.523709 0.427276 1.359263
v 0.496894 0.507494 1.287727
v 0.451617 0.580136 1.222517
v 0.393634 0.156549 1.645728
v 0.431011 0.222210 1.590623
v 0.452554 0.294568 1.529357
v 0.459377 0.369748 1.464433
v 0.452200 0.444033 1.398525
v 0.430318 0.514279 1.334964
v 0.392636 0.577490 1.277263
v 0.335967 0.204150 1.646345
v 0.364698 0.261789 1.599598
v 0.380797 0.325749 1.546810
v 0.385780 0.392050 1.490110
v 0.380486 0.457013 1.431910
v 0.364091 0.517758 1.375538
v 0.335095 0.571646 1.324661
v 0.280992 0.243358 1.644731
v 0.299660 0.294422 1.605933
v 0.309949 0.351456 1.560719
v 0.313116 0.410256 1.511107
v 0.309675 0.467206 1.459398
v 0.299125 0.519543 1.408876
v 0.280230 0.564709 1.363441
v -0.640396 0.541655 1.014607
v -0.703472 0.441761 1.101018
v -0.741194 0.332569 1.195985
v -0.753582 0.218847 1.295329
v -0.740655 0.105358 1.394872
v -0.702416 -0.003124 1.490443
v -0.638869 -0.101827 1.577871
v -0.590505 0.558552 1.085705
v -0.648321 0.466728 1.165235
v -0.682850 0.366315 1.252667
v -0.694174 0.261688 1.344110
v -0.682353 0.157231 1.435686
v -0.647350 0.057372 1.523560
v -0.589101 -0.033457 1.603913
v -0.535543 0.568002 1.152890
v -0.587289 0.485093 1.224979
v -0.618056 0.394307 1.304307
v -0.628104 0.299582 1.387223
v -0.617607 0.204886 1.470115
v -0.586409 0.114323 1.549528
v -0.534272 0.032034 1.622045
v -0.477882 0.571290 1.214930
v -0.522827 0.497789 1.279404
v -0.549274 0.417064 1.350505
v -0.557822 0.332572 1.424720
v -0.548873 0.247851 1.498625
v -0.522041 0.166761 1.569165
v -0.476748 0.093248 1.633379
v -0.419763 0.569758 1.270633
v -0.457172 0.505833 1.327720
v -0.478747 0.435173 1.390926
v -0.485584 0.360755 1.456720
v -0.478393 0.285708 1.521758
v -0.456479 0.213764 1.583379
v -0.418764 0.148818 1.639097
v -0.362903 0.565002 1.318964
v -0.391694 0.510565 1.369369
v -0.407848 0.449510 1.425476
v -0.412854 0.384449 1.483592
v -0.407536 0.318246 1.540376
v -0.391086 0.254596 1.593429
v -0.362031 0.197507 1.640647
v -0.308556 0.559105 1.358635
v -0.327327 0.513582 1.403763
v -0.337702 0.461045 1.454114
v -0.340902 0.404032 1.505769
v -0.337427 0.345294 1.555436
v -0.326793 0.288460 1.600820
v -0.307793 0.237755 1.639925
v 0.712898 -0.497912 -0.237479
v 0.738020 -0.415531 -0.199689
v 0.755646 -0.332430 -0.150466
v 0.767025 -0.248449 -0.088114
v 0.773407 -0.164656 -0.011113
v 0.776042 -0.082457 0.081619
v 0.776178 -0.004429 0.178408
v 0.784149 -0.570977 -0.122754
v 0.811922 -0.495038 -0.082964
v 0.831446 -0.417688 -0.033618
v 0.844098 -0.339514 0.027251
v 0.851254 -0.262022 0.101536
v 0.854287 -0.186807 0.192308
v 0.854568 -0.114207 0.287885
v 0.827032 -0.651397 0.003149
v 0.856399 -0.581711 0.045646
v 0.877066 -0.509875 0.096025
v 0.890482 -0.437416 0.156221
v 0.898100 -0.366258 0.228219
v 0.901367 -0.298716 0.315751
v 0.901730 -0.233191 0.413129
v 0.841531 -0.735736 0.134014
v 0.871438 -0.672295 0.180000
v 0.892491 -0.606012 0.232221
v 0.906166 -0.539579 0.292738
v 0.913938 -0.475221 0.363696
v 0.917284 -0.415768 0.448395
v 0.917678 -0.356910 0.540188
v 0.827635 -0.821125 0.264844
v 0.857025 -0.764193 0.314498
v 0.877709 -0.704204 0.369201
v 0.891135 -0.644024 0.430285
v 0.898757 -0.586315 0.499895
v 0.902025 -0.534266 0.581265
v 0.902391 -0.480964 0.668766
v 0.785332 -0.906238 0.389347
v 0.813149 -0.855804 0.442828
v 0.832703 -0.802232 0.499869
v 0.845372 -0.748236 0.561710
v 0.852539 -0.698040 0.631314
v 0.855571 -0.651990 0.709808
v 0.855850 -0.602808 0.793647
v 0.714607 -0.985716 0.501953
v 0.739793 -0.943792 0.558503
v 0.757464 -0.898669 0.618022
v 0.768871 -0.852780 0.681622
v 0.775266 -0.810019 0.751308
v 0.777907 -0.765344 0.827250
v 0.778042 -0.717386 0.908005
v -0.716074 0.480817 0.865429
v -0.740716 0.436845 0.788762
v -0.757997 0.385365 0.711010
v -0.769144 0.327629 0.632353
v -0.775382 0.265468 0.545416
v -0.777940 0.199332 0.449833
v -0.778044 0.129393 0.358522
v -0.786945 0.368619 0.962467
v -0.814164 0.320569 0.889328
v -0.833290 0.266167 0.814103
v -0.845674 0.206472 0.737140
v -0.852663 0.142542 0.658787
v -0.855606 0.077492 0.568504
v -0.855852 0.010667 0.471586
v -0.829336 0.245985 1.069110
v -0.858096 0.193477 0.999846
v -0.878327 0.135881 0.927398
v -0.891450 0.074046 0.852298
v -0.898888 0.008818 0.775074
v -0.902062 -0.058955 0.696258
v -0.902393 -0.121450 0.597350
v -0.843261 0.118269 1.180670
v -0.872526 0.061119 1.115461
v -0.893120 0.000198 1.045919
v -0.906487 -0.063868 0.972766
v -0.914072 -0.130449 0.896723
v -0.917321 -0.194888 0.811852
v -0.917680 -0.253936 0.715233
v -0.828731 -0.009177 1.292462
v -0.857469 -0.070958 1.231317
v -0.877684 -0.135199 1.164686
v -0.890796 -0.197849 1.088903
v -0.898228 -0.258263 1.005132
v -0.901398 -0.319049 0.918609
v -0.901728 -0.380097 0.831098
v -0.785760 -0.130998 1.399802
v -0.812935 -0.197163 1.342509
v -0.832031 -0.258850 1.272805
v -0.844394 -0.318874 1.195590
v -0.851370 -0.378516 1.113908
v -0.854307 -0.440054 1.031475
v -0.854550 -0.499520 0.946496
v -0.714359 -0.241843 1.498001
v -0.738939 -0.307736 1.440442
v -0.756176 -0.370531 1.373149
v -0.767292 -0.429470 1.297148
v -0.773513 -0.490270 1.218760
v -0.776061 -0.550042 1.137366
v -0.776161 -0.608060 1.054337
v -0.469307 -1.092996 0.675625
v -0.321288 -1.138496 0.727262
v -0.159124 -1.176361 0.754974
v 0.010088 -1.194988 0.762635
v 0.179254 -1.190653 0.751777
v 0.341267 -1.159343 0.722703
v 0.489030 -1.107325 0.673236
v -0.488154 -1.057892 0.733881
v -0.334630 -1.115586 0.786230
v -0.166433 -1.154881 0.816501
v 0.009072 -1.173093 0.825910
v 0.184529 -1.170146 0.814952
v 0.352568 -1.137945 0.784379
v 0.505826 -1.083473 0.732448
v -0.502034 -1.024550 0.791947
v -0.344566 -1.086659 0.846731
v -0.172047 -1.125888 0.879225
v 0.007966 -1.144648 0.889894
v 0.187931 -1.142186 0.879417
v 0.360289 -1.109612 0.847863
v 0.517484 -1.052773 0.794310
v -0.511777 -0.993126 0.852882
v -0.351664 -1.052866 0.909799
v -0.176248 -1.091225 0.943849
v 0.006787 -1.110464 0.955668
v 0.189773 -1.107470 0.945851
v 0.365024 -1.073965 0.913881
v 0.524864 -1.017706 0.859489
v -0.518208 -0.959934 0.918705
v -0.356491 -1.014357 0.976244
v -0.179318 -1.051862 1.011206
v 0.005550 -1.071422 1.024075
v 0.190366 -1.066791 1.014816
v 0.367378 -1.034333 0.983097
v 0.528819 -0.979338 0.928654
v -0.522157 -0.922348 0.989782
v -0.359616 -0.971737 1.046432
v -0.181541 -1.009256 1.081981
v 0.004272 -1.029076 1.095925
v 0.190029 -1.022230 1.086958
v 0.367940 -0.989762 1.055542
v 0.530203 -0.938117 1.002144
v -0.524450 -0.880619 1.065691
v -0.361606 -0.929713 1.121169
v -0.183198 -0.963400 1.156345
v 0.002963 -0.983001 1.171113
v 0.189067 -0.973537 1.162073
v 0.367308 -0.941676 1.131236
v 0.529874 -0.893424 1.079805
v -0.490029 0.653377 0.718115
v -0.341956 0.708319 0.672467
v -0.179605 0.741983 0.645679
v -0.010090 0.754302 0.637691
v 0.159476 0.745210 0.648446
v 0.321979 0.714637 0.677887
v 0.470306 0.662518 0.725954
v -0.506455 0.615677 0.636094
v -0.353001 0.672615 0.588788
v -0.184749 0.707503 0.561025
v -0.009073 0.720270 0.552747
v 0.166657 0.710847 0.563893
v 0.335066 0.679164 0.594403
v 0.488784 0.625149 0.644218
v -0.517850 0.568692 0.554505
v -0.360538 0.627060 0.506010
v -0.188059 0.662824 0.477550
v -0.007967 0.675913 0.469064
v 0.172178 0.666253 0.480490
v 0.344820 0.633773 0.511767
v 0.502400 0.578402 0.562833
v -0.525050 0.513878 0.471819
v -0.365153 0.573295 0.423984
v -0.189839 0.609648 0.395057
v -0.006789 0.622951 0.386432
v 0.176317 0.613132 0.398046
v 0.351795 0.580119 0.429836
v 0.511966 0.523837 0.481741
v -0.528894 0.451760 0.379829
v -0.367431 0.511592 0.333656
v -0.190397 0.549308 0.311364
v -0.005552 0.563105 0.304640
v 0.179349 0.553144 0.316112
v 0.356549 0.518891 0.342102
v 0.518290 0.462096 0.391616
v -0.530223 0.383307 0.284162
v -0.367954 0.442969 0.238790
v -0.190038 0.481447 0.218774
v -0.004271 0.497077 0.219284
v 0.181552 0.485478 0.223829
v 0.359636 0.450826 0.248546
v 0.522187 0.393724 0.296047
v -0.529874 0.311261 0.194383
v -0.367308 0.369308 0.144458
v -0.189067 0.407350 0.121618
v -0.002960 0.421397 0.115454
v 0.183203 0.411643 0.126943
v 0.361620 0.376849 0.152890
v 0.524475 0.320021 0.201009
vn -0.6071 -0.1126 0.7866
vn 0.5961 -0.1007 0.7966
vn -0.6091 0.7931 -0.0056
vn 0.5939 0.8045 0.0042
vn -0.5322 -0.8303 0.1654
vn 0.5165 -0.8507 0.0979
vn -0.5890 -0.0966 -0.8023
vn 0.6000 -0.0816 -0.7958
vn 0.2188 -0.7559 -0.6170
vn -0.1974 -0.7440 -0.6383
vn -0.1584 -0.9581 -0.2386
vn 0.2023 -0.9507 -0.2349
vn -0.2345 0.7904 0.5660
vn -0.2337 0.4558 0.8589
vn 0.2109 0.4600 0.8625
vn 0.2101 0.7946 0.5696
vn -0.6954 0.5553 -0.4560
vn 0.6924 0.5663 -0.4472
vn -0.6906 -0.6182 0.3753
vn 0.6998 -0.5941 0.3967
vn -0.7306 0.6766 0.0918
vn -0.8086 0.5566 0.1907
vn -0.8501 0.4417 0.2867
vn -0.8629 0.3317 0.3813
vn -0.8496 0.2234 0.4778
vn -0.8075 0.1132 0.5789
vn -0.7290 -0.0007 0.6845
vn -0.4553 -0.2037 0.8667
vn -0.2996 -0.2635 0.9170
vn -0.1500 -0.2955 0.9435
vn -0.0049 -0.3046 0.9525
vn 0.1402 -0.2927 0.9459
vn 0.2896 -0.2579 0.9218
vn 0.4447 -0.1950 0.8742
vn 0.7176 0.0133 0.6964
vn 0.7957 0.1285 0.5920
vn 0.8373 0.2395 0.4916
vn 0.8501 0.3480 0.3953
vn 0.8368 0.4578 0.3005
vn 0.7946 0.5719 0.2038
vn 0.7160 0.6904 0.1036
vn 0.4421 0.8935 -0.0787
vn 0.2867 0.9486 -0.1343
vn 0.1371 0.9767 -0.1653
vn -0.0079 0.9844 -0.1758
vn -0.1530 0.9739 -0.1676
vn -0.3025 0.9430 -0.1391
vn -0.4577 0.8849 -0.0860
vn -0.7014 0.5561 -0.4459
vn -0.7042 0.5721 -0.4205
vn -0.7056 0.5941 -0.3861
vn -0.7049 0.6112 -0.3600
vn -0.6974 0.6436 -0.3152
vn -0.6821 0.6923 -0.2356
vn -0.6540 0.7451 -0.1307
vn 0.6855 0.5610 -0.4641
vn 0.6782 0.5437 -0.4945
vn 0.6724 0.5047 -0.5414
vn 0.6689 0.4365 -0.6017
vn 0.6665 0.3417 -0.6626
vn 0.6588 0.2200 -0.7194
vn 0.6383 0.0757 -0.7661
vn 0.4451 -0.0109 -0.8954
vn 0.2761 0.0521 -0.9597
vn 0.1269 0.0957 -0.9873
vn 0.0042 0.1138 -0.9935
vn -0.1177 0.0902 -0.9889
vn -0.2700 0.0410 -0.9620
vn -0.4377 -0.0213 -0.8989
vn -0.6503 -0.7568 0.0664
vn -0.7426 -0.6681 -0.0463
vn -0.8025 -0.5735 -0.1647
vn -0.8242 -0.4874 -0.2884
vn -0.8145 -0.4021 -0.4182
vn -0.7744 -0.3068 -0.5533
vn -0.7008 -0.1968 -0.6857
vn 0.7166 -0.1774 -0.6745
vn 0.7932 -0.2802 -0.5407
vn 0.8276 -0.3768 -0.4161
vn 0.8296 -0.4737 -0.2957
vn 0.8008 -0.5693 -0.1859
vn 0.7391 -0.6678 -0.0885
vn 0.6413 -0.7673 0.0090
vn 0.3926 -0.9092 0.1385
vn 0.2700 -0.9538 0.1321
vn 0.1215 -0.9841 0.1295
vn -0.0335 -0.9882 0.1494
vn -0.1616 -0.9692 0.1859
vn -0.2750 -0.9346 0.2255
vn -0.3990 -0.8881 0.2279
vn -0.6846 -0.6379 0.3527
vn -0.6772 -0.6577 0.3300
vn -0.6678 -0.6770 0.3095
vn -0.6548 -0.6889 0.3110
vn -0.6346 -0.7063 0.3138
vn -0.6103 -0.7370 0.2904
vn -0.5792 -0.7788 0.2410
vn 0.7053 -0.5708 0.4203
vn 0.7075 -0.5442 0.4509
vn 0.7086 -0.5274 0.4688
vn 0.7056 -0.4993 0.5028
vn 0.6987 -0.4344 0.5684
vn 0.6783 -0.3359 0.6535
vn 0.6441 -0.2176 0.7334
vn 0.1742 -0.7521 -0.6356
vn 0.1227 -0.7462 -0.6543
vn 0.0675 -0.7402 -0.6690
vn 0.0096 -0.7362 -0.6767
vn -0.0479 -0.7353 -0.6760
vn -0.1021 -0.7381 -0.6669
vn -0.1529 -0.7421 -0.6526
vn -0.1756 -0.9431 -0.2823
vn -0.1918 -0.9227 -0.3344
vn -0.2039 -0.8961 -0.3943
vn -0.2110 -0.8620 -0.4609
vn -0.2148 -0.8245 -0.5236
vn -0.2157 -0.7924 -0.5706
vn -0.2101 -0.7670 -0.6062
vn 0.2376 -0.7803 -0.5786
vn 0.2528 -0.8054 -0.5361
vn 0.2609 -0.8333 -0.4874
vn 0.2617 -0.8633 -0.4315
vn 0.2549 -0.8914 -0.3749
vn 0.2409 -0.9153 -0.3229
vn 0.2219 -0.9352 -0.2760
vn 0.1608 -0.9628 -0.2173
vn 0.1189 -0.9728 -0.1990
vn 0.0717 -0.9800 -0.1857
vn 0.0194 -0.9835 -0.1801
vn -0.0285 -0.9822 -0.1856
vn -0.0762 -0.9767 -0.2008
vn -0.1209 -0.9678 -0.2207
vn -0.4729 -0.8775 0.0799
vn -0.4134 -0.9105 0.0108
vn -0.3605 -0.9321 -0.0359
vn -0.3104 -0.9474 -0.0774
vn -0.2619 -0.9573 -0.1228
vn -0.2181 -0.9611 -0.1693
vn -0.1829 -0.9605 -0.2097
vn 0.2263 -0.9513 -0.2095
vn 0.2574 -0.9502 -0.1758
vn 0.2933 -0.9460 -0.1382
vn 0.3336 -0.9375 -0.0990
vn 0.3725 -0.9257 -0.0663
vn 0.4102 -0.9113 -0.0366
vn 0.4544 -0.8907 0.0117
vn -0.5283 -0.2673 -0.8059
vn -0.4611 -0.4135 -0.7851
vn -0.4058 -0.5147 -0.7553
vn -0.3592 -0.5843 -0.7277
vn -0.3147 -0.6366 -0.7041
vn -0.2703 -0.6802 -0.6814
vn -0.2291 -0.7173 -0.6580
vn 0.2479 -0.7283 -0.6389
vn 0.2881 -0.6868 -0.6673
vn 0.3354 -0.6351 -0.6958
vn 0.3823 -0.5756 -0.7228
vn 0.4269 -0.5025 -0.7518
vn 0.4785 -0.3983 -0.7825
vn 0.5423 -0.2501 -0.8021
vn -0.2558 0.7572 0.6010
vn -0.2763 0.7180 0.6388
vn -0.2906 0.6750 0.6782
vn -0.2957 0.6288 0.7191
vn -0.2904 0.5821 0.7595
vn -0.2758 0.5374 0.7969
vn -0.2551 0.4948 0.8307
vn -0.1858 0.4433 0.8769
vn -0.1314 0.4303 0.8931
vn -0.0731 0.4209 0.9041
vn -0.0114 0.4179 0.9084
vn 0.0503 0.4221 0.9052
vn 0.1086 0.4326 0.8950
vn 0.1630 0.4467 0.8797
vn 0.2321 0.4994 0.8347
vn 0.2525 0.5425 0.8012
vn 0.2669 0.5874 0.7640
vn 0.2719 0.6342 0.7238
vn 0.2666 0.6803 0.6827
vn 0.2521 0.7230 0.6432
vn 0.2315 0.7619 0.6050
vn 0.1621 0.8133 0.5588
vn 0.1076 0.8302 0.5470
vn 0.0493 0.8415 0.5381
vn -0.0124 0.8451 0.5345
vn -0.0741 0.8403 0.5371
vn -0.1323 0.8279 0.5450
vn -0.1866 0.8100 0.5560
vn -0.5521 0.8252 0.1195
vn -0.4941 0.8397 0.2255
vn -0.4397 0.8422 0.3119
vn -0.3896 0.8375 0.3831
vn -0.3435 0.8281 0.4430
vn -0.3009 0.8158 0.4939
vn -0.2633 0.8023 0.5358
vn 0.2392 0.8071 0.5399
vn 0.2772 0.8213 0.4986
vn 0.3204 0.8344 0.4484
vn 0.3673 0.8447 0.3893
vn 0.4184 0.8504 0.3189
vn 0.4742 0.8489 0.2334
vn 0.5343 0.8355 0.1283
vn 0.5362 0.0180 0.8439
vn 0.4760 0.1202 0.8712
vn 0.4200 0.2047 0.8842
vn 0.3687 0.2751 0.8879
vn 0.3216 0.3348 0.8857
vn 0.2783 0.3862 0.8794
vn 0.2401 0.4289 0.8708
vn -0.2624 0.4242 0.8667
vn -0.2999 0.3807 0.8747
vn -0.3423 0.3285 0.8803
vn -0.3883 0.2679 0.8817
vn -0.4382 0.1965 0.8772
vn -0.4923 0.1110 0.8633
vn -0.5502 0.0077 0.8350
vn -0.6296 0.0606 -0.7746
vn -0.6535 0.1973 -0.7308
vn -0.6652 0.3169 -0.6761
vn -0.6696 0.4169 -0.6146
vn -0.6735 0.4894 -0.5540
vn -0.6797 0.5318 -0.5052
vn -0.6879 0.5510 -0.4724
vn 0.6418 0.7574 -0.1202
vn 0.6725 0.7052 -0.2246
vn 0.6900 0.6562 -0.3055
vn 0.6994 0.6209 -0.3541
vn 0.7022 0.6032 -0.3782
vn 0.7013 0.5873 -0.4041
vn 0.6980 0.5724 -0.4304
vn -0.6571 -0.2555 0.7092
vn -0.6882 -0.3780 0.6193
vn -0.7003 -0.4649 0.5417
vn -0.7055 -0.5172 0.4845
vn -0.7033 -0.5495 0.4510
vn -0.6997 -0.5768 0.4216
vn -0.6956 -0.5970 0.3997
vn 0.5797 -0.7939 0.1837
vn 0.6287 -0.7380 0.2451
vn 0.6612 -0.6943 0.2840
vn 0.6768 -0.6685 0.3084
vn 0.6855 -0.6476 0.3328
vn 0.6900 -0.6318 0.3533
vn 0.6938 -0.6145 0.3757
vn 0.8406 0.4357 -0.3217
vn 0.9352 0.2954 -0.1954
vn 0.9838 0.1566 -0.0878
vn 0.9999 0.0094 0.0080
vn 0.9843 -0.1426 0.1037
vn 0.9349 -0.2922 0.2014
vn 0.8457 -0.4405 0.3013
vn -0.8428 0.4220 -0.3341
vn -0.9366 0.2798 -0.2110
vn -0.9851 0.1375 -0.1033
vn -0.9999 -0.0119 -0.0071
vn -0.9816 -0.1686 0.0894
vn -0.9263 -0.3260 0.1890
vn -0.8311 -0.4768 0.2863
vn 0.5006 -0.7306 0.4643
vn 0.3045 -0.8079 0.5045
vn 0.1447 -0.8337 0.5329
vn -0.0157 -0.8477 0.5302
vn -0.1759 -0.8520 0.4931
vn -0.3286 -0.8218 0.4655
vn -0.5068 -0.7420 0.4389
vn 0.5102 0.6658 -0.5444
vn 0.3323 0.7284 -0.5991
vn 0.1667 0.7641 -0.6232
vn -0.0008 0.7751 -0.6318
vn -0.1683 0.7609 -0.6267
vn -0.3379 0.7220 -0.6037
vn -0.5164 0.6567 -0.5496
vn 0.3972 0.9162 0.0532
vn 0.2570 0.9664 0.0026
vn 0.1219 0.9922 -0.0256
vn -0.0092 0.9993 -0.0353
vn -0.1403 0.9897 -0.0278
vn -0.2753 0.9614 -0.0017
vn -0.4154 0.9085 0.0466
vn 0.3517 0.9212 0.1664
vn 0.2265 0.9664 0.1218
vn 0.1062 0.9896 0.0973
vn -0.0102 0.9960 0.0891
vn -0.1266 0.9874 0.0954
vn -0.2468 0.9619 0.1180
vn -0.3718 0.9143 0.1605
vn 0.3091 0.9149 0.2597
vn 0.1976 0.9550 0.2212
vn 0.0913 0.9754 0.2007
vn -0.0109 0.9810 0.1939
vn -0.1131 0.9734 0.1990
vn -0.2193 0.9510 0.2178
vn -0.3306 0.9088 0.2544
vn 0.2698 0.9020 0.3372
vn 0.1708 0.9371 0.3046
vn 0.0776 0.9545 0.2879
vn -0.0114 0.9592 0.2824
vn -0.1004 0.9528 0.2864
vn -0.1936 0.9336 0.3016
vn -0.2923 0.8966 0.3326
vn 0.2336 0.8848 0.4031
vn 0.1464 0.9149 0.3762
vn 0.0653 0.9295 0.3629
vn -0.0118 0.9334 0.3587
vn -0.0889 0.9281 0.3617
vn -0.1699 0.9119 0.3736
vn -0.2570 0.8802 0.3991
vn 0.2011 0.8646 0.4604
vn 0.1254 0.8896 0.4393
vn 0.0554 0.9017 0.4288
vn -0.0121 0.9050 0.4252
vn -0.0796 0.9004 0.4277
vn -0.1494 0.8870 0.4370
vn -0.2250 0.8606 0.4569
vn 0.1741 0.8421 0.5105
vn 0.1109 0.8613 0.4958
vn 0.0496 0.8722 0.4866
vn -0.0123 0.8755 0.4831
vn -0.0742 0.8710 0.4856
vn -0.1353 0.8590 0.4938
vn -0.1984 0.8385 0.5074
vn -0.5119 0.6471 -0.5651
vn -0.3381 0.7071 -0.6211
vn -0.1683 0.7387 -0.6527
vn -0.0007 0.7485 -0.6631
vn 0.1673 0.7416 -0.6496
vn 0.3339 0.7132 -0.6164
vn 0.5070 0.6557 -0.5595
vn -0.5070 0.6230 -0.5956
vn -0.3342 0.6782 -0.6545
vn -0.1628 0.7063 -0.6890
vn -0.0003 0.7150 -0.6991
vn 0.1627 0.7090 -0.6861
vn 0.3317 0.6847 -0.6490
vn 0.5032 0.6327 -0.5886
vn -0.5011 0.5807 -0.6416
vn -0.3267 0.6334 -0.7015
vn -0.1566 0.6606 -0.7342
vn 0.0003 0.6693 -0.7430
vn 0.1577 0.6635 -0.7314
vn 0.3259 0.6410 -0.6949
vn 0.4982 0.5926 -0.6329
vn -0.4951 0.5135 -0.7008
vn -0.3175 0.5692 -0.7584
vn -0.1504 0.5985 -0.7869
vn 0.0011 0.6077 -0.7942
vn 0.1531 0.6014 -0.7841
vn 0.3185 0.5779 -0.7514
vn 0.4926 0.5284 -0.6914
vn -0.4903 0.4171 -0.7652
vn -0.3083 0.4819 -0.8202
vn -0.1430 0.5156 -0.8448
vn 0.0021 0.5256 -0.8508
vn 0.1484 0.5185 -0.8421
vn 0.3103 0.4932 -0.8127
vn 0.4873 0.4389 -0.7549
vn -0.4841 0.2926 -0.8247
vn -0.2987 0.3612 -0.8834
vn -0.1341 0.4058 -0.9041
vn 0.0030 0.4195 -0.9077
vn 0.1425 0.4114 -0.9002
vn 0.3006 0.3815 -0.8741
vn 0.4816 0.3169 -0.8171
vn -0.4686 0.1464 -0.8712
vn -0.2873 0.2137 -0.9337
vn -0.1258 0.2654 -0.9559
vn 0.0036 0.2849 -0.9586
vn 0.1349 0.2730 -0.9525
vn 0.2899 0.2317 -0.9286
vn 0.4703 0.1616 -0.8676
vn 0.3425 -0.9373 0.0646
vn 0.2310 -0.9704 0.0704
vn 0.1070 -0.9922 0.0632
vn -0.0201 -0.9963 0.0836
vn -0.1288 -0.9838 0.1246
vn -0.2282 -0.9614 0.1535
vn -0.3458 -0.9276 0.1414
vn 0.3050 -0.9523 0.0141
vn 0.2003 -0.9791 0.0360
vn 0.0980 -0.9941 0.0465
vn -0.0049 -0.9980 0.0632
vn -0.1007 -0.9915 0.0828
vn -0.1893 -0.9777 0.0910
vn -0.2961 -0.9528 0.0678
vn 0.2763 -0.9609 -0.0166
vn 0.1806 -0.9835 0.0124
vn 0.0941 -0.9951 0.0300
vn 0.0041 -0.9991 0.0418
vn -0.0816 -0.9954 0.0493
vn -0.1604 -0.9860 0.0449
vn -0.2568 -0.9663 0.0164
vn 0.2481 -0.9675 -0.0492
vn 0.1636 -0.9863 -0.0196
vn 0.0880 -0.9961 -0.0058
vn 0.0090 -1.0000 -0.0006
vn -0.0648 -0.9979 0.0048
vn -0.1357 -0.9908 -0.0005
vn -0.2220 -0.9746 -0.0283
vn 0.2186 -0.9716 -0.0902
vn 0.1452 -0.9873 -0.0640
vn 0.0783 -0.9955 -0.0536
vn 0.0123 -0.9987 -0.0491
vn -0.0475 -0.9979 -0.0450
vn -0.1112 -0.9925 -0.0506
vn -0.1876 -0.9793 -0.0758
vn 0.1917 -0.9726 -0.1317
vn 0.1289 -0.9857 -0.1085
vn 0.0712 -0.9927 -0.0970
vn 0.0154 -0.9957 -0.0912
vn -0.0344 -0.9952 -0.0913
vn -0.0901 -0.9908 -0.1013
vn -0.1555 -0.9799 -0.1253
vn 0.1695 -0.9703 -0.1724
vn 0.1187 -0.9810 -0.1534
vn 0.0690 -0.9876 -0.1413
vn 0.0178 -0.9906 -0.1354
vn -0.0282 -0.9900 -0.1385
vn -0.0772 -0.9855 -0.1512
vn -0.1306 -0.9764 -0.1718
vn -0.5239 -0.7157 0.4618
vn -0.3433 -0.8059 0.4824
vn -0.1666 -0.8524 0.4957
vn -0.0042 -0.8584 0.5129
vn 0.1438 -0.8414 0.5209
vn 0.3101 -0.7965 0.5191
vn 0.5123 -0.7041 0.4917
vn -0.5369 -0.6878 0.4885
vn -0.3612 -0.7721 0.5229
vn -0.1786 -0.8339 0.5222
vn -0.0039 -0.8619 0.5070
vn 0.1586 -0.8413 0.5167
vn 0.3334 -0.7738 0.5386
vn 0.5283 -0.6693 0.5224
vn -0.5425 -0.6566 0.5239
vn -0.3733 -0.7317 0.5703
vn -0.2038 -0.7905 0.5776
vn -0.0135 -0.8265 0.5628
vn 0.1801 -0.8066 0.5630
vn 0.3585 -0.7394 0.5699
vn 0.5397 -0.6449 0.5412
vn -0.5419 -0.6239 0.5631
vn -0.3758 -0.6907 0.6179
vn -0.2150 -0.7273 0.6518
vn -0.0206 -0.7435 0.6684
vn 0.1878 -0.7280 0.6593
vn 0.3683 -0.6831 0.6307
vn 0.5400 -0.6095 0.5804
vn -0.5366 -0.5697 0.6225
vn -0.3701 -0.6327 0.6802
vn -0.2027 -0.6537 0.7291
vn -0.0157 -0.6443 0.7646
vn 0.1777 -0.6281 0.7575
vn 0.3568 -0.6035 0.7131
vn 0.5309 -0.5436 0.6501
vn -0.5241 -0.4838 0.7009
vn -0.3541 -0.5391 0.7642
vn -0.1805 -0.5535 0.8130
vn -0.0061 -0.5446 0.8387
vn 0.1637 -0.5285 0.8330
vn 0.3349 -0.5004 0.7984
vn 0.5096 -0.4409 0.7389
vn -0.4953 -0.3545 0.7931
vn -0.3274 -0.4076 0.8524
vn -0.1626 -0.4293 0.8884
vn -0.0032 -0.4343 0.9007
vn 0.1527 -0.4218 0.8937
vn 0.3136 -0.3852 0.8679
vn 0.4809 -0.3187 0.8168
vn -0.8358 0.4235 -0.3494
vn -0.8291 0.4068 -0.3835
vn -0.8248 0.3606 -0.4356
vn -0.8215 0.2860 -0.4934
vn -0.8124 0.1907 -0.5510
vn -0.7923 0.0797 -0.6049
vn -0.7568 -0.0480 -0.6519
vn -0.9328 0.2828 -0.2236
vn -0.9294 0.2656 -0.2562
vn -0.9279 0.2174 -0.3029
vn -0.9236 0.1475 -0.3539
vn -0.9116 0.0606 -0.4066
vn -0.8873 -0.0426 -0.4592
vn -0.8447 -0.1636 -0.5097
vn -0.9844 0.1359 -0.1118
vn -0.9836 0.1185 -0.1363
vn -0.9820 0.0752 -0.1734
vn -0.9763 0.0144 -0.2160
vn -0.9625 -0.0641 -0.2635
vn -0.9354 -0.1610 -0.3148
vn -0.8883 -0.2758 -0.3673
vn -0.9997 -0.0188 -0.0141
vn -0.9990 -0.0327 -0.0298
vn -0.9964 -0.0658 -0.0534
vn -0.9895 -0.1164 -0.0859
vn -0.9742 -0.1861 -0.1277
vn -0.9442 -0.2767 -0.1785
vn -0.8942 -0.3815 -0.2343
vn -0.9808 -0.1782 0.0788
vn -0.9798 -0.1887 0.0668
vn -0.9760 -0.2104 0.0557
vn -0.9678 -0.2493 0.0344
vn -0.9510 -0.3091 -0.0010
vn -0.9189 -0.3912 -0.0512
vn -0.8690 -0.4827 -0.1087
vn -0.9243 -0.3396 0.1745
vn -0.9217 -0.3529 0.1613
vn -0.9187 -0.3628 0.1562
vn -0.9100 -0.3881 0.1459
vn -0.8910 -0.4390 0.1160
vn -0.8569 -0.5107 0.0695
vn -0.8090 -0.5876 0.0145
vn -0.8281 -0.4926 0.2674
vn -0.8237 -0.5096 0.2485
vn -0.8161 -0.5242 0.2433
vn -0.8030 -0.5425 0.2468
vn -0.7813 -0.5806 0.2291
vn -0.7515 -0.6325 0.1876
vn -0.7099 -0.6912 0.1352
vn 0.8462 0.4368 -0.3054
vn 0.8484 0.4457 -0.2855
vn 0.8474 0.4582 -0.2682
vn 0.8409 0.4839 -0.2423
vn 0.8297 0.5249 -0.1897
vn 0.8091 0.5769 -0.1119
vn 0.7728 0.6346 -0.0127
vn 0.9377 0.2948 -0.1840
vn 0.9391 0.2970 -0.1730
vn 0.9360 0.3133 -0.1603
vn 0.9298 0.3453 -0.1274
vn 0.9183 0.3893 -0.0720
vn 0.8960 0.4440 0.0023
vn 0.8565 0.5071 0.0958
vn 0.9847 0.1550 -0.0790
vn 0.9845 0.1602 -0.0707
vn 0.9822 0.1801 -0.0528
vn 0.9768 0.2138 -0.0141
vn 0.9650 0.2592 0.0407
vn 0.9420 0.3165 0.1119
vn 0.9011 0.3846 0.2002
vn 0.9998 0.0150 0.0143
vn 0.9992 0.0201 0.0338
vn 0.9972 0.0491 0.0570
vn 0.9916 0.0860 0.0963
vn 0.9796 0.1336 0.1500
vn 0.9564 0.1936 0.2186
vn 0.9151 0.2667 0.3022
vn 0.9840 -0.1366 0.1147
vn 0.9836 -0.1210 0.1335
vn 0.9818 -0.0964 0.1637
vn 0.9773 -0.0533 0.2052
vn 0.9659 0.0053 0.2590
vn 0.9426 0.0716 0.3263
vn 0.9017 0.1499 0.4056
vn 0.9348 -0.2811 0.2170
vn 0.9344 -0.2651 0.2381
vn 0.9329 -0.2441 0.2649
vn 0.9295 -0.2049 0.3067
vn 0.9192 -0.1394 0.3683
vn 0.8974 -0.0574 0.4374
vn 0.8577 0.0301 0.5133
vn 0.8456 -0.4262 0.3213
vn 0.8450 -0.4068 0.3472
vn 0.8444 -0.3884 0.3690
vn 0.8408 -0.3580 0.4062
vn 0.8327 -0.2907 0.4713
vn 0.8120 -0.1983 0.5489
vn 0.7745 -0.0945 0.6255
vn -0.1588 -0.7750 -0.6117
vn -0.1070 -0.7732 -0.6251
vn -0.0487 -0.7711 -0.6349
vn 0.0143 -0.7729 -0.6343
vn 0.0746 -0.7776 -0.6243
vn 0.1311 -0.7824 -0.6088
vn 0.1846 -0.7853 -0.5909
vn -0.1704 -0.8052 -0.5680
vn -0.1175 -0.8084 -0.5768
vn -0.0516 -0.8090 -0.5856
vn 0.0203 -0.8124 -0.5827
vn 0.0844 -0.8164 -0.5712
vn 0.1437 -0.8177 -0.5575
vn 0.2007 -0.8148 -0.5438
vn -0.1770 -0.8385 -0.5154
vn -0.1255 -0.8464 -0.5175
vn -0.0539 -0.8513 -0.5220
vn 0.0256 -0.8554 -0.5174
vn 0.0923 -0.8566 -0.5077
vn 0.1536 -0.8531 -0.4987
vn 0.2117 -0.8453 -0.4906
vn -0.1763 -0.8741 -0.4525
vn -0.1256 -0.8853 -0.4477
vn -0.0537 -0.8935 -0.4458
vn 0.0275 -0.8969 -0.4414
vn 0.0953 -0.8948 -0.4362
vn 0.1566 -0.8875 -0.4333
vn 0.2145 -0.8762 -0.4316
vn -0.1674 -0.9067 -0.3872
vn -0.1166 -0.9189 -0.3769
vn -0.0497 -0.9283 -0.3684
vn 0.0255 -0.9305 -0.3654
vn 0.0927 -0.9261 -0.3656
vn 0.1525 -0.9172 -0.3680
vn 0.2079 -0.9047 -0.3718
vn -0.1519 -0.9328 -0.3269
vn -0.1023 -0.9445 -0.3121
vn -0.0425 -0.9532 -0.2992
vn 0.0222 -0.9554 -0.2944
vn 0.0862 -0.9506 -0.2981
vn 0.1428 -0.9414 -0.3055
vn 0.1931 -0.9288 -0.3164
vn -0.1330 -0.9529 -0.2725
vn -0.0868 -0.9635 -0.2531
vn -0.0344 -0.9708 -0.2374
vn 0.0204 -0.9727 -0.2311
vn 0.0783 -0.9686 -0.2358
vn 0.1294 -0.9600 -0.2483
vn 0.1737 -0.9482 -0.2658
vn -0.5784 -0.8157 -0.0043
vn -0.6652 -0.7401 -0.0990
vn -0.7315 -0.6499 -0.2062
vn -0.7544 -0.5645 -0.3350
vn -0.7301 -0.5005 -0.4652
vn -0.6837 -0.4424 -0.5804
vn -0.6250 -0.3553 -0.6951
vn -0.5104 -0.8581 -0.0557
vn -0.5937 -0.7948 -0.1258
vn -0.6682 -0.7087 -0.2263
vn -0.6965 -0.6066 -0.3834
vn -0.6572 -0.5436 -0.5221
vn -0.5986 -0.5297 -0.6010
vn -0.5463 -0.4872 -0.6813
vn -0.4453 -0.8904 -0.0940
vn -0.5121 -0.8461 -0.1479
vn -0.5805 -0.7728 -0.2565
vn -0.6233 -0.6453 -0.4416
vn -0.5916 -0.5506 -0.5890
vn -0.5353 -0.5609 -0.6315
vn -0.4858 -0.5683 -0.6641
vn -0.3787 -0.9156 -0.1351
vn -0.4139 -0.8910 -0.1867
vn -0.4537 -0.8391 -0.3001
vn -0.5014 -0.7062 -0.4999
vn -0.4941 -0.5683 -0.6579
vn -0.4697 -0.5769 -0.6683
vn -0.4333 -0.6148 -0.6590
vn -0.3136 -0.9318 -0.1827
vn -0.3235 -0.9152 -0.2405
vn -0.3174 -0.8851 -0.3404
vn -0.3230 -0.7859 -0.5273
vn -0.3372 -0.6493 -0.6817
vn -0.3693 -0.6272 -0.6857
vn -0.3728 -0.6555 -0.6567
vn -0.2584 -0.9384 -0.2293
vn -0.2621 -0.9198 -0.2921
vn -0.2424 -0.8963 -0.3713
vn -0.2212 -0.8389 -0.4973
vn -0.2285 -0.7501 -0.6206
vn -0.2841 -0.7037 -0.6513
vn -0.3127 -0.6987 -0.6434
vn -0.2158 -0.9396 -0.2656
vn -0.2263 -0.9184 -0.3245
vn -0.2252 -0.8925 -0.3909
vn -0.2201 -0.8526 -0.4739
vn -0.2253 -0.8009 -0.5548
vn -0.2484 -0.7623 -0.5977
vn -0.2603 -0.7392 -0.6211
vn 0.6442 -0.3355 -0.6873
vn 0.7082 -0.4181 -0.5689
vn 0.7412 -0.4919 -0.4568
vn 0.7447 -0.5735 -0.3414
vn 0.7149 -0.6579 -0.2367
vn 0.6512 -0.7441 -0.1494
vn 0.5609 -0.8252 -0.0667
vn 0.5630 -0.4767 -0.6751
vn 0.6171 -0.5190 -0.5915
vn 0.6685 -0.5527 -0.4976
vn 0.6847 -0.6323 -0.3624
vn 0.6490 -0.7170 -0.2544
vn 0.5839 -0.7927 -0.1754
vn 0.5044 -0.8575 -0.1016
vn 0.5070 -0.5616 -0.6539
vn 0.5543 -0.5479 -0.6266
vn 0.6032 -0.5699 -0.5580
vn 0.6136 -0.6867 -0.3898
vn 0.5708 -0.7763 -0.2675
vn 0.5161 -0.8332 -0.1985
vn 0.4534 -0.8819 -0.1292
vn 0.4625 -0.6115 -0.6420
vn 0.4772 -0.5897 -0.6516
vn 0.4672 -0.6189 -0.6314
vn 0.4773 -0.7680 -0.4270
vn 0.4645 -0.8342 -0.2973
vn 0.4434 -0.8662 -0.2306
vn 0.4014 -0.9011 -0.1639
vn 0.4037 -0.6640 -0.6294
vn 0.3801 -0.6786 -0.6285
vn 0.3525 -0.7437 -0.5681
vn 0.3679 -0.8225 -0.4337
vn 0.3802 -0.8626 -0.3337
vn 0.3797 -0.8859 -0.2665
vn 0.3511 -0.9143 -0.2020
vn 0.3405 -0.7170 -0.6083
vn 0.3442 -0.7456 -0.5707
vn 0.3330 -0.7892 -0.5160
vn 0.3344 -0.8365 -0.4342
vn 0.3365 -0.8705 -0.3593
vn 0.3305 -0.8959 -0.2970
vn 0.3060 -0.9224 -0.2356
vn 0.2881 -0.7567 -0.5869
vn 0.3007 -0.7844 -0.5424
vn 0.3028 -0.8152 -0.4937
vn 0.3020 -0.8494 -0.4328
vn 0.2969 -0.8794 -0.3720
vn 0.2853 -0.9045 -0.3168
vn 0.2652 -0.9277 -0.2629
vn -0.3908 -0.1980 -0.8989
vn -0.2440 -0.1432 -0.9591
vn -0.1068 -0.1005 -0.9892
vn 0.0049 -0.0794 -0.9968
vn 0.1178 -0.0959 -0.9884
vn 0.2549 -0.1328 -0.9578
vn 0.4039 -0.1855 -0.8958
vn -0.3410 -0.3487 -0.8730
vn -0.2160 -0.3003 -0.9291
vn -0.0960 -0.2646 -0.9596
vn 0.0056 -0.2478 -0.9688
vn 0.1082 -0.2612 -0.9592
vn 0.2292 -0.2919 -0.9286
vn 0.3578 -0.3371 -0.8708
vn -0.2992 -0.4608 -0.8355
vn -0.1907 -0.4215 -0.8865
vn -0.0868 -0.3945 -0.9148
vn 0.0061 -0.3825 -0.9239
vn 0.0995 -0.3916 -0.9147
vn 0.2046 -0.4151 -0.8865
vn 0.3171 -0.4510 -0.8343
vn -0.2632 -0.5442 -0.7966
vn -0.1673 -0.5157 -0.8403
vn -0.0775 -0.4982 -0.8636
vn 0.0062 -0.4909 -0.8712
vn 0.0905 -0.4957 -0.8638
vn 0.1814 -0.5107 -0.8404
vn 0.2804 -0.5369 -0.7957
vn -0.2296 -0.6084 -0.7597
vn -0.1449 -0.5894 -0.7948
vn -0.0680 -0.5790 -0.8125
vn 0.0058 -0.5755 -0.8178
vn 0.0808 -0.5778 -0.8122
vn 0.1591 -0.5871 -0.7937
vn 0.2455 -0.6058 -0.7568
vn -0.1973 -0.6601 -0.7248
vn -0.1243 -0.6486 -0.7509
vn -0.0587 -0.6435 -0.7632
vn 0.0058 -0.6427 -0.7661
vn 0.0719 -0.6445 -0.7612
vn 0.1392 -0.6504 -0.7468
vn 0.2130 -0.6635 -0.7172
vn -0.1684 -0.7031 -0.6909
vn -0.1084 -0.6975 -0.7083
vn -0.0513 -0.6944 -0.7177
vn 0.0068 -0.6948 -0.7192
vn 0.0665 -0.6979 -0.7131
vn 0.1254 -0.7034 -0.6996
vn 0.1860 -0.7113 -0.6779
vn -0.1980 0.4932 0.8470
vn -0.1403 0.4831 0.8643
vn -0.0781 0.4753 0.8763
vn -0.0117 0.4728 0.8811
vn 0.0547 0.4766 0.8774
vn 0.1169 0.4855 0.8664
vn 0.1748 0.4968 0.8501
vn -0.2173 0.5402 0.8130
vn -0.1538 0.5370 0.8294
vn -0.0851 0.5336 0.8415
vn -0.0120 0.5326 0.8463
vn 0.0612 0.5350 0.8427
vn 0.1300 0.5397 0.8317
vn 0.1937 0.5441 0.8163
vn -0.2314 0.5890 0.7743
vn -0.1647 0.5926 0.7885
vn -0.0908 0.5946 0.7989
vn -0.0122 0.5957 0.8031
vn 0.0664 0.5961 0.8002
vn 0.1405 0.5955 0.7910
vn 0.2074 0.5931 0.7779
vn -0.2366 0.6396 0.7314
vn -0.1689 0.6490 0.7418
vn -0.0930 0.6557 0.7493
vn -0.0124 0.6586 0.7524
vn 0.0683 0.6572 0.7506
vn 0.1443 0.6519 0.7444
vn 0.2124 0.6439 0.7350
vn -0.2316 0.6889 0.6868
vn -0.1649 0.7027 0.6921
vn -0.0911 0.7129 0.6953
vn -0.0125 0.7171 0.6968
vn 0.0661 0.7144 0.6966
vn 0.1402 0.7056 0.6946
vn 0.2072 0.6931 0.6904
vn -0.2178 0.7337 0.6436
vn -0.1543 0.7506 0.6425
vn -0.0856 0.7632 0.6405
vn -0.0125 0.7683 0.6400
vn 0.0606 0.7646 0.6417
vn 0.1295 0.7533 0.6448
vn 0.1932 0.7377 0.6469
vn -0.1987 0.7738 0.6015
vn -0.1410 0.7923 0.5936
vn -0.0789 0.8055 0.5873
vn -0.0125 0.8107 0.5853
vn 0.0540 0.8068 0.5884
vn 0.1162 0.7948 0.5956
vn 0.1741 0.7773 0.6045
vn -0.4130 -0.0752 0.9076
vn -0.2727 -0.1297 0.9533
vn -0.1376 -0.1589 0.9777
vn -0.0065 -0.1672 0.9859
vn 0.1246 -0.1564 0.9798
vn 0.2595 -0.1246 0.9577
vn 0.3995 -0.0675 0.9142
vn -0.3698 0.0371 0.9284
vn -0.2445 -0.0111 0.9696
vn -0.1242 -0.0364 0.9916
vn -0.0077 -0.0436 0.9990
vn 0.1086 -0.0342 0.9935
vn 0.2288 -0.0066 0.9734
vn 0.3538 0.0440 0.9343
vn -0.3288 0.1310 0.9353
vn -0.2173 0.0894 0.9720
vn -0.1110 0.0681 0.9915
vn -0.0087 0.0623 0.9980
vn 0.0935 0.0701 0.9932
vn 0.1997 0.0934 0.9754
vn 0.3109 0.1371 0.9405
vn -0.2907 0.2102 0.9334
vn -0.1918 0.1748 0.9657
vn -0.0985 0.1575 0.9826
vn -0.0095 0.1530 0.9882
vn 0.0794 0.1592 0.9840
vn 0.1726 0.1783 0.9687
vn 0.2714 0.2156 0.9380
vn -0.2555 0.2784 0.9259
vn -0.1683 0.2491 0.9537
vn -0.0872 0.2354 0.9680
vn -0.0101 0.2319 0.9727
vn 0.0669 0.2369 0.9692
vn 0.1479 0.2522 0.9563
vn 0.2351 0.2831 0.9299
vn -0.2238 0.3384 0.9140
vn -0.1481 0.3154 0.9373
vn -0.0781 0.3045 0.9493
vn -0.0107 0.3016 0.9534
vn 0.0568 0.3058 0.9504
vn 0.1267 0.3180 0.9396
vn 0.2023 0.3424 0.9175
vn -0.1974 0.3914 0.8988
vn -0.1342 0.3754 0.9171
vn -0.0730 0.3658 0.9278
vn -0.0111 0.3630 0.9317
vn 0.0508 0.3670 0.9288
vn 0.1120 0.3777 0.9191
vn 0.1752 0.3950 0.9018
vn 0.6464 0.1210 0.7534
vn 0.7175 0.2250 0.6592
vn 0.7556 0.3253 0.5686
vn 0.7673 0.4234 0.4816
vn 0.7551 0.5226 0.3959
vn 0.7166 0.6255 0.3086
vn 0.6449 0.7325 0.2181
vn 0.5745 0.2124 0.7905
vn 0.6379 0.3057 0.7069
vn 0.6715 0.3954 0.6267
vn 0.6818 0.4828 0.5497
vn 0.6711 0.5706 0.4733
vn 0.6370 0.6619 0.3951
vn 0.5732 0.7569 0.3139
vn 0.5075 0.2872 0.8124
vn 0.5630 0.3708 0.7386
vn 0.5919 0.4506 0.6683
vn 0.6005 0.5275 0.6009
vn 0.5915 0.6044 0.5337
vn 0.5623 0.6845 0.4639
vn 0.5064 0.7686 0.3910
vn 0.4461 0.3489 0.8242
vn 0.4940 0.4236 0.7593
vn 0.5181 0.4941 0.6981
vn 0.5252 0.5612 0.6397
vn 0.5178 0.6280 0.5809
vn 0.4933 0.6979 0.5192
vn 0.4451 0.7719 0.4539
vn 0.3893 0.4008 0.8293
vn 0.4297 0.4672 0.7727
vn 0.4494 0.5289 0.7200
vn 0.4551 0.5871 0.6695
vn 0.4491 0.6448 0.6184
vn 0.4291 0.7052 0.5644
vn 0.3885 0.7700 0.5062
vn 0.3360 0.4445 0.8304
vn 0.3687 0.5027 0.7819
vn 0.3847 0.5561 0.7367
vn 0.3896 0.6071 0.6925
vn 0.3845 0.6577 0.6478
vn 0.3682 0.7095 0.6009
vn 0.3352 0.7651 0.5497
vn 0.2858 0.4794 0.8297
vn 0.3099 0.5288 0.7902
vn 0.3241 0.5756 0.7507
vn 0.3289 0.6225 0.7102
vn 0.3239 0.6688 0.6692
vn 0.3094 0.7141 0.6280
vn 0.2851 0.7598 0.5844
vn -0.6622 0.7200 0.2074
vn -0.7333 0.6117 0.2967
vn -0.7713 0.5080 0.3835
vn -0.7830 0.4087 0.4690
vn -0.7708 0.3108 0.5561
vn -0.7324 0.2112 0.6473
vn -0.6608 0.1085 0.7427
vn -0.5925 0.7458 0.3043
vn -0.6559 0.6496 0.3845
vn -0.6894 0.5577 0.4622
vn -0.6997 0.4696 0.5384
vn -0.6890 0.3825 0.6156
vn -0.6550 0.2934 0.6963
vn -0.5913 0.2013 0.7809
vn -0.5272 0.7587 0.3826
vn -0.5827 0.6736 0.4546
vn -0.6115 0.5930 0.5239
vn -0.6202 0.5158 0.5910
vn -0.6112 0.4391 0.6585
vn -0.5820 0.3599 0.7292
vn -0.5261 0.2774 0.8039
vn -0.4671 0.7632 0.4465
vn -0.5149 0.6883 0.5110
vn -0.5391 0.6179 0.5723
vn -0.5462 0.5510 0.6309
vn -0.5388 0.4840 0.6895
vn -0.5143 0.4140 0.7510
vn -0.4660 0.3403 0.8167
vn -0.4112 0.7624 0.4996
vn -0.4516 0.6968 0.5572
vn -0.4713 0.6361 0.6109
vn -0.4771 0.5782 0.6619
vn -0.4711 0.5201 0.7125
vn -0.4511 0.4589 0.7655
vn -0.4104 0.3932 0.8228
vn -0.3587 0.7585 0.5440
vn -0.3914 0.7023 0.5947
vn -0.4075 0.6501 0.6413
vn -0.4123 0.5995 0.6860
vn -0.4072 0.5486 0.7303
vn -0.3909 0.4955 0.7757
vn -0.3579 0.4379 0.8247
vn -0.3090 0.7541 0.5795
vn -0.3332 0.7079 0.6227
vn -0.3474 0.6624 0.6637
vn -0.3522 0.6160 0.7047
vn -0.3472 0.5693 0.7452
vn -0.3327 0.5227 0.7849
vn -0.3084 0.4738 0.8249
vn 0.7682 -0.0298 -0.6396
vn 0.8011 0.1029 -0.5896
vn 0.8174 0.2154 -0.5342
vn 0.8235 0.3083 -0.4762
vn 0.8258 0.3790 -0.4177
vn 0.8296 0.4191 -0.3689
vn 0.8349 0.4336 -0.3390
vn 0.8555 -0.1417 -0.4980
vn 0.8951 -0.0169 -0.4455
vn 0.9161 0.0869 -0.3914
vn 0.9255 0.1729 -0.3370
vn 0.9282 0.2406 -0.2837
vn 0.9296 0.2800 -0.2397
vn 0.9314 0.2954 -0.2126
vn 0.8982 -0.2488 -0.3625
vn 0.9431 -0.1331 -0.3048
vn 0.9673 -0.0368 -0.2509
vn 0.9786 0.0409 -0.2015
vn 0.9824 0.1012 -0.1571
vn 0.9831 0.1372 -0.1215
vn 0.9832 0.1530 -0.0994
vn 0.9060 -0.3534 -0.2327
vn 0.9541 -0.2461 -0.1708
vn 0.9805 -0.1578 -0.1176
vn 0.9932 -0.0899 -0.0740
vn 0.9984 -0.0408 -0.0402
vn 0.9998 -0.0120 -0.0147
vn 1.0000 0.0041 0.0004
vn 0.8816 -0.4583 -0.1127
vn 0.9324 -0.3586 -0.0457
vn 0.9601 -0.2796 0.0066
vn 0.9739 -0.2229 0.0428
vn 0.9803 -0.1867 0.0642
vn 0.9828 -0.1657 0.0812
vn 0.9841 -0.1498 0.0950
vn 0.8233 -0.5676 -0.0033
vn 0.8766 -0.4764 0.0677
vn 0.9063 -0.4061 0.1169
vn 0.9220 -0.3596 0.1433
vn 0.9294 -0.3351 0.1550
vn 0.9326 -0.3182 0.1704
vn 0.9344 -0.3025 0.1880
vn 0.7205 -0.6858 0.1028
vn 0.7734 -0.6103 0.1714
vn 0.8069 -0.5515 0.2116
vn 0.8273 -0.5131 0.2287
vn 0.8370 -0.4907 0.2422
vn 0.8420 -0.4722 0.2609
vn 0.8447 -0.4550 0.2819
vn -0.7844 0.6198 -0.0254
vn -0.8180 0.5614 -0.1251
vn -0.8364 0.5092 -0.2028
vn -0.8464 0.4694 -0.2515
vn -0.8510 0.4465 -0.2763
vn -0.8509 0.4301 -0.3017
vn -0.8484 0.4192 -0.3233
vn -0.8675 0.4907 0.0817
vn -0.9042 0.4269 -0.0124
vn -0.9242 0.3718 -0.0871
vn -0.9341 0.3278 -0.1411
vn -0.9398 0.2963 -0.1702
vn -0.9413 0.2820 -0.1855
vn -0.9396 0.2774 -0.2004
vn -0.9114 0.3674 0.1854
vn -0.9495 0.2985 0.0965
vn -0.9703 0.2408 0.0249
vn -0.9803 0.1951 -0.0301
vn -0.9844 0.1623 -0.0673
vn -0.9863 0.1427 -0.0830
vn -0.9856 0.1395 -0.0953
vn -0.9249 0.2492 0.2872
vn -0.9634 0.1754 0.2030
vn -0.9844 0.1141 0.1337
vn -0.9947 0.0651 0.0802
vn -0.9987 0.0271 0.0425
vn -0.9999 0.0036 0.0168
vn -1.0000 -0.0052 -0.0001
vn -0.9109 0.1326 0.3908
vn -0.9494 0.0503 0.3099
vn -0.9699 -0.0225 0.2423
vn -0.9790 -0.0795 0.1880
vn -0.9820 -0.1174 0.1479
vn -0.9826 -0.1422 0.1199
vn -0.9820 -0.1594 0.1009
vn -0.8669 0.0099 0.4984
vn -0.9036 -0.0905 0.4186
vn -0.9225 -0.1733 0.3450
vn -0.9286 -0.2315 0.2899
vn -0.9303 -0.2663 0.2522
vn -0.9294 -0.2916 0.2261
vn -0.9278 -0.3119 0.2046
vn -0.7848 -0.1245 0.6071
vn -0.8191 -0.2381 0.5220
vn -0.8338 -0.3269 0.4448
vn -0.8389 -0.3798 0.3899
vn -0.8382 -0.4126 0.3566
vn -0.8362 -0.4389 0.3289
vn -0.8334 -0.4602 0.3060
vn -0.4441 -0.8464 0.2940
vn -0.3180 -0.9047 0.2835
vn -0.1847 -0.9464 0.2649
vn -0.0381 -0.9647 0.2607
vn 0.1330 -0.9608 0.2431
vn 0.3025 -0.9281 0.2173
vn 0.4418 -0.8723 0.2095
vn -0.4790 -0.8121 0.3333
vn -0.3475 -0.8752 0.3365
vn -0.1943 -0.9157 0.3517
vn -0.0389 -0.9311 0.3628
vn 0.1382 -0.9280 0.3460
vn 0.3228 -0.8942 0.3101
vn 0.4798 -0.8319 0.2789
vn -0.5003 -0.7919 0.3502
vn -0.3599 -0.8498 0.3851
vn -0.1975 -0.8848 0.4221
vn -0.0402 -0.9000 0.4339
vn 0.1416 -0.8948 0.4234
vn 0.3339 -0.8580 0.3904
vn 0.5014 -0.7953 0.3407
vn -0.5056 -0.7850 0.3579
vn -0.3570 -0.8336 0.4215
vn -0.1988 -0.8617 0.4668
vn -0.0404 -0.8758 0.4811
vn 0.1443 -0.8677 0.4757
vn 0.3366 -0.8317 0.4416
vn 0.5067 -0.7730 0.3818
vn -0.5008 -0.7779 0.3795
vn -0.3474 -0.8219 0.4514
vn -0.1998 -0.8475 0.4917
vn -0.0389 -0.8615 0.5062
vn 0.1465 -0.8505 0.5052
vn 0.3318 -0.8166 0.4723
vn 0.5048 -0.7588 0.4115
vn -0.4959 -0.7683 0.4049
vn -0.3363 -0.8200 0.4631
vn -0.1985 -0.8425 0.5008
vn -0.0356 -0.8532 0.5204
vn 0.1496 -0.8388 0.5235
vn 0.3233 -0.8068 0.4945
vn 0.4993 -0.7500 0.4338
vn -0.4972 -0.7598 0.4189
vn -0.3268 -0.8241 0.4628
vn -0.1905 -0.8444 0.5007
vn -0.0284 -0.8462 0.5320
vn 0.1501 -0.8319 0.5342
vn 0.3129 -0.8059 0.5027
vn 0.4956 -0.7423 0.4509
vn -0.4908 0.8439 -0.2168
vn -0.3234 0.9061 -0.2729
vn -0.1624 0.9391 -0.3027
vn -0.0065 0.9503 -0.3113
vn 0.1494 0.9421 -0.3002
vn 0.3105 0.9121 -0.2677
vn 0.4781 0.8531 -0.2089
vn -0.5113 0.7956 -0.3251
vn -0.3361 0.8606 -0.3826
vn -0.1679 0.8952 -0.4129
vn -0.0052 0.9068 -0.4215
vn 0.1576 0.8983 -0.4103
vn 0.3258 0.8669 -0.3772
vn 0.5013 0.8052 -0.3168
vn -0.5219 0.7500 -0.4063
vn -0.3423 0.8162 -0.4654
vn -0.1706 0.8512 -0.4963
vn -0.0041 0.8632 -0.5048
vn 0.1624 0.8544 -0.4936
vn 0.3347 0.8221 -0.4605
vn 0.5145 0.7587 -0.3995
vn -0.5248 0.7219 -0.4511
vn -0.3415 0.7868 -0.5142
vn -0.1689 0.8167 -0.5517
vn -0.0027 0.8254 -0.5645
vn 0.1631 0.8180 -0.5515
vn 0.3364 0.7900 -0.5125
vn 0.5200 0.7278 -0.4472
vn -0.5221 0.7065 -0.4777
vn -0.3347 0.7720 -0.5403
vn -0.1612 0.7987 -0.5798
vn -0.0012 0.8039 -0.5948
vn 0.1581 0.7992 -0.5799
vn 0.3311 0.7747 -0.5387
vn 0.5183 0.7129 -0.4724
vn -0.5200 0.6831 -0.5129
vn -0.3309 0.7541 -0.5673
vn -0.1555 0.7903 -0.5927
vn -0.0005 0.8006 -0.5993
vn 0.1537 0.7926 -0.5900
vn 0.3269 0.7609 -0.5605
vn 0.5152 0.6956 -0.5006
vn -0.5194 0.6630 -0.5391
vn -0.3339 0.7342 -0.5911
vn -0.1606 0.7783 -0.6071
vn -0.0007 0.7949 -0.6067
vn 0.1588 0.7815 -0.6034
vn 0.3283 0.7424 -0.5840
vn 0.5129 0.6765 -0.5284
vt 0.384855 0.429741
vt 0.416833 0.429698
vt 0.422922 0.445463
vt 0.393510 0.445485
vt 0.452060 0.429683
vt 0.455334 0.445468
vt 0.488983 0.429694
vt 0.489311 0.445486
vt 0.526048 0.429728
vt 0.523419 0.445509
vt 0.561704 0.429786
vt 0.556223 0.445544
vt 0.792548 0.349706
vt 0.759072 0.339811
vt 0.768859 0.325835
vt 0.799644 0.334887
vt 0.952962 0.293630
vt 0.926946 0.312618
vt 0.921810 0.298461
vt 0.945351 0.281420
vt 0.897235 0.326465
vt 0.894899 0.310877
vt 0.865201 0.334947
vt 0.865875 0.318510
vt 0.832214 0.337839
vt 0.835993 0.321181
vt 0.806508 0.318631
vt 0.778675 0.310577
vt 0.915890 0.283572
vt 0.936860 0.268678
vt 0.891861 0.294404
vt 0.865926 0.301118
vt 0.839239 0.303609
vt 0.812946 0.301580
vt 0.788198 0.294683
vt 0.909583 0.268437
vt 0.928003 0.255868
vt 0.888378 0.277559
vt 0.865460 0.283314
vt 0.841897 0.285690
vt 0.818755 0.284326
vt 0.797099 0.278767
vt 0.903298 0.253327
vt 0.919309 0.243326
vt 0.884708 0.260640
vt 0.864566 0.265449
vt 0.843888 0.267780
vt 0.823697 0.267252
vt 0.805025 0.263318
vt 0.897482 0.238397
vt 0.911420 0.231252
vt 0.881111 0.243881
vt 0.863331 0.247824
vt 0.845115 0.250178
vt 0.827474 0.250643
vt 0.811486 0.248733
vt 0.348374 0.412160
vt 0.377422 0.412080
vt 0.357678 0.429814
vt 0.411599 0.412032
vt 0.449247 0.412013
vt 0.488706 0.412023
vt 0.528318 0.412061
vt 0.566424 0.412125
vt 0.601365 0.412215
vt 0.594396 0.429868
vt 0.749638 0.351860
vt 0.717502 0.333904
vt 0.729007 0.323016
vt 0.741230 0.310424
vt 0.753748 0.296739
vt 0.766141 0.282572
vt 0.777994 0.268525
vt 0.788928 0.255169
vt 0.798466 0.243207
vt 0.805140 0.234664
vt 0.815296 0.235010
vt 0.829594 0.234604
vt 0.845460 0.233158
vt 0.861843 0.230742
vt 0.877867 0.227489
vt 0.892729 0.223560
vt 0.905535 0.219225
vt 0.921593 0.221669
vt 0.914247 0.215578
vt 0.931653 0.230202
vt 0.942558 0.239738
vt 0.953618 0.249777
vt 0.964265 0.259914
vt 0.973915 0.269721
vt 0.368533 0.445544
vt 0.618140 0.196574
vt 0.577829 0.196470
vt 0.577690 0.170530
vt 0.617925 0.170633
vt 0.533868 0.196396
vt 0.533810 0.170455
vt 0.488169 0.196352
vt 0.488196 0.170412
vt 0.442646 0.196341
vt 0.442758 0.170400
vt 0.399213 0.196362
vt 0.399406 0.170422
vt 0.359783 0.196419
vt 0.360050 0.170478
vt 0.577281 0.145069
vt 0.617312 0.145172
vt 0.533623 0.144995
vt 0.488240 0.144952
vt 0.443032 0.144940
vt 0.399900 0.144962
vt 0.360744 0.145018
vt 0.576466 0.120328
vt 0.616100 0.120431
vt 0.533241 0.120255
vt 0.488309 0.120212
vt 0.443549 0.120201
vt 0.400844 0.120222
vt 0.362076 0.120277
vt 0.575110 0.096547
vt 0.614090 0.096648
vt 0.532600 0.096475
vt 0.488409 0.096433
vt 0.444389 0.096422
vt 0.402389 0.096443
vt 0.364261 0.096497
vt 0.573079 0.073966
vt 0.611082 0.074065
vt 0.531634 0.073896
vt 0.488550 0.073855
vt 0.445632 0.073844
vt 0.404685 0.073865
vt 0.367512 0.073918
vt 0.570238 0.052825
vt 0.606878 0.052920
vt 0.530278 0.052758
vt 0.488740 0.052718
vt 0.447361 0.052708
vt 0.407882 0.052728
vt 0.372042 0.052779
vt 0.652909 0.222888
vt 0.618155 0.222755
vt 0.652885 0.196707
vt 0.577834 0.222651
vt 0.533860 0.222576
vt 0.488149 0.222533
vt 0.442614 0.222521
vt 0.399169 0.222543
vt 0.359729 0.222599
vt 0.326209 0.222691
vt 0.326271 0.196510
vt 0.326601 0.170570
vt 0.327464 0.145109
vt 0.329126 0.120368
vt 0.331856 0.096586
vt 0.335918 0.074004
vt 0.341581 0.052862
vt 0.349111 0.033399
vt 0.378064 0.033320
vt 0.412130 0.033271
vt 0.449655 0.033252
vt 0.488986 0.033262
vt 0.528468 0.033300
vt 0.566450 0.033364
vt 0.601277 0.033454
vt 0.638460 0.053041
vt 0.631296 0.033569
vt 0.643839 0.074190
vt 0.647688 0.096776
vt 0.650262 0.120561
vt 0.651816 0.145304
vt 0.652606 0.170766
vt 0.593893 0.461271
vt 0.561362 0.461230
vt 0.555774 0.445573
vt 0.585628 0.445628
vt 0.525882 0.461218
vt 0.523201 0.445544
vt 0.488998 0.461234
vt 0.489333 0.445550
vt 0.452257 0.461278
vt 0.455595 0.445599
vt 0.870058 0.351860
vt 0.901864 0.367154
vt 0.889646 0.379382
vt 0.860432 0.365384
vt 0.929645 0.387987
vt 0.915154 0.398453
vt 0.733618 0.364915
vt 0.764118 0.356191
vt 0.763808 0.372021
vt 0.736332 0.379756
vt 0.796317 0.353539
vt 0.792854 0.369747
vt 0.828871 0.356690
vt 0.822256 0.372647
vt 0.850792 0.380451
vt 0.877213 0.392972
vt 0.900261 0.410042
vt 0.764023 0.388708
vt 0.739720 0.395300
vt 0.789794 0.386932
vt 0.815954 0.389620
vt 0.841405 0.396467
vt 0.864984 0.407360
vt 0.885511 0.422234
vt 0.764550 0.405628
vt 0.743451 0.410901
vt 0.787070 0.404492
vt 0.810057 0.407034
vt 0.832524 0.412889
vt 0.853364 0.422036
vt 0.871438 0.434546
vt 0.765106 0.422372
vt 0.747146 0.426052
vt 0.784548 0.422041
vt 0.804600 0.424509
vt 0.824341 0.429392
vt 0.842699 0.436707
vt 0.858533 0.446630
vt 0.765339 0.438627
vt 0.750287 0.440337
vt 0.782072 0.439249
vt 0.799604 0.441712
vt 0.817039 0.445709
vt 0.833350 0.451192
vt 0.847377 0.458274
vt 0.631027 0.478918
vt 0.601008 0.478846
vt 0.621931 0.461339
vt 0.566181 0.478805
vt 0.528199 0.478795
vt 0.488716 0.478814
vt 0.449386 0.478860
vt 0.411861 0.478932
vt 0.417204 0.461348
vt 0.377795 0.479029
vt 0.385383 0.461441
vt 0.943189 0.379164
vt 0.967053 0.407115
vt 0.951935 0.414090
vt 0.935601 0.422365
vt 0.918682 0.431493
vt 0.901806 0.441025
vt 0.885588 0.450522
vt 0.870579 0.459577
vt 0.857458 0.467700
vt 0.848269 0.473502
vt 0.839036 0.469870
vt 0.825790 0.465544
vt 0.810813 0.461604
vt 0.795090 0.458309
vt 0.779459 0.455812
vt 0.764684 0.454255
vt 0.751647 0.453726
vt 0.737866 0.445606
vt 0.742545 0.453970
vt 0.731515 0.433886
vt 0.724724 0.420803
vt 0.717967 0.407061
vt 0.711640 0.393243
vt 0.706162 0.379977
vt 0.611339 0.445698
vt 0.359783 0.694515
vt 0.399213 0.694403
vt 0.399403 0.720346
vt 0.360045 0.720458
vt 0.442646 0.694319
vt 0.442757 0.720263
vt 0.488169 0.694266
vt 0.488197 0.720210
vt 0.533868 0.694245
vt 0.533813 0.720188
vt 0.577830 0.694257
vt 0.577695 0.720200
vt 0.618141 0.694304
vt 0.617932 0.720247
vt 0.399888 0.745813
vt 0.360725 0.745925
vt 0.443026 0.745731
vt 0.488241 0.745678
vt 0.533631 0.745656
vt 0.577295 0.745668
vt 0.617332 0.745715
vt 0.400813 0.770568
vt 0.362031 0.770678
vt 0.443533 0.770485
vt 0.488309 0.770433
vt 0.533258 0.770412
vt 0.576498 0.770424
vt 0.616146 0.770470
vt 0.402327 0.794370
vt 0.364172 0.794479
vt 0.444357 0.794290
vt 0.488408 0.794238
vt 0.532630 0.794217
vt 0.575171 0.794229
vt 0.614179 0.794274
vt 0.404576 0.816984
vt 0.367357 0.817090
vt 0.445575 0.816905
vt 0.488547 0.816855
vt 0.531685 0.816835
vt 0.573183 0.816846
vt 0.611235 0.816890
vt 0.407708 0.838171
vt 0.371793 0.838273
vt 0.447269 0.838095
vt 0.488734 0.838046
vt 0.530359 0.838027
vt 0.570401 0.838038
vt 0.607118 0.838080
vt 0.326209 0.668473
vt 0.359729 0.668334
vt 0.326271 0.694654
vt 0.399169 0.668222
vt 0.442614 0.668138
vt 0.488149 0.668085
vt 0.533860 0.668064
vt 0.577833 0.668076
vt 0.618154 0.668123
vt 0.652909 0.668206
vt 0.652886 0.694387
vt 0.652614 0.720330
vt 0.651842 0.745798
vt 0.650321 0.770552
vt 0.647801 0.794355
vt 0.644033 0.816969
vt 0.638766 0.838156
vt 0.631751 0.857679
vt 0.601634 0.857607
vt 0.566693 0.857566
vt 0.528587 0.857556
vt 0.488975 0.857574
vt 0.449516 0.857620
vt 0.411868 0.857693
vt 0.377691 0.857790
vt 0.341269 0.838400
vt 0.348643 0.857911
vt 0.335723 0.817221
vt 0.331744 0.794614
vt 0.329070 0.770815
vt 0.327441 0.746063
vt 0.326595 0.720597
vt 0.292193 0.705406
vt 0.291884 0.731347
vt 0.256577 0.731448
vt 0.256819 0.705508
vt 0.291052 0.756808
vt 0.255924 0.756909
vt 0.289435 0.781550
vt 0.254655 0.781651
vt 0.286771 0.805334
vt 0.252565 0.805432
vt 0.282799 0.827918
vt 0.249450 0.828015
vt 0.277257 0.849065
vt 0.245103 0.849157
vt 0.216029 0.731523
vt 0.216196 0.705582
vt 0.215581 0.756983
vt 0.214712 0.781724
vt 0.213283 0.805504
vt 0.211151 0.828085
vt 0.208178 0.849225
vt 0.172114 0.731568
vt 0.172199 0.705627
vt 0.171889 0.757028
vt 0.171453 0.781768
vt 0.170738 0.805548
vt 0.169673 0.828127
vt 0.168187 0.849266
vt 0.126706 0.731583
vt 0.126707 0.705642
vt 0.126711 0.757043
vt 0.126724 0.781783
vt 0.126747 0.805562
vt 0.126784 0.828141
vt 0.126836 0.849279
vt 0.081680 0.731566
vt 0.081596 0.705625
vt 0.081913 0.757026
vt 0.082370 0.781766
vt 0.083126 0.805546
vt 0.084255 0.828125
vt 0.085832 0.849264
vt 0.038909 0.731516
vt 0.038745 0.705576
vt 0.039359 0.756977
vt 0.040238 0.781718
vt 0.041689 0.805498
vt 0.043857 0.828079
vt 0.046882 0.849219
vt 0.320493 0.679096
vt 0.320439 0.705277
vt 0.292240 0.679225
vt 0.320077 0.731218
vt 0.319103 0.756680
vt 0.317207 0.781424
vt 0.314085 0.805209
vt 0.309428 0.827797
vt 0.302931 0.848948
vt 0.927880 0.693997
vt 0.917066 0.684873
vt 0.944242 0.659905
vt 0.956471 0.667729
vt 0.269882 0.868533
vt 0.239321 0.868621
vt 0.204223 0.868685
vt 0.166211 0.868724
vt 0.126907 0.868737
vt 0.087932 0.868722
vt 0.050910 0.868680
vt 0.017462 0.868607
vt 0.011693 0.849143
vt 0.007358 0.828000
vt 0.004253 0.805417
vt 0.002173 0.781635
vt 0.000912 0.756894
vt 0.000267 0.731433
vt 0.000031 0.705492
vt 0.038725 0.679395
vt -0.000000 0.679311
vt 0.081587 0.679445
vt 0.126710 0.679461
vt 0.172214 0.679447
vt 0.216222 0.679401
vt 0.256857 0.679327
vt 0.035732 0.190356
vt 0.035968 0.164712
vt 0.076841 0.162439
vt 0.076680 0.188079
vt 0.036571 0.139627
vt 0.077242 0.137366
vt 0.037726 0.115381
vt 0.078002 0.113142
vt 0.039617 0.092253
vt 0.079241 0.090050
vt 0.042427 0.070523
vt 0.081080 0.068374
vt 0.046340 0.050470
vt 0.083637 0.048396
vt 0.121075 0.161254
vt 0.120995 0.186891
vt 0.121256 0.136186
vt 0.121589 0.111973
vt 0.122124 0.088901
vt 0.122911 0.067253
vt 0.124001 0.047314
vt 0.166762 0.161138
vt 0.166765 0.186775
vt 0.166716 0.136071
vt 0.166608 0.111859
vt 0.166414 0.088788
vt 0.166116 0.067143
vt 0.165691 0.047208
vt 0.211994 0.162074
vt 0.212080 0.187713
vt 0.211724 0.137002
vt 0.211178 0.112782
vt 0.210265 0.089696
vt 0.208891 0.068028
vt 0.206966 0.048063
vt 0.254865 0.164045
vt 0.255029 0.189688
vt 0.254382 0.138964
vt 0.253422 0.114724
vt 0.251825 0.091607
vt 0.249433 0.069893
vt 0.246086 0.049862
vt 0.293466 0.167035
vt 0.293701 0.192683
vt 0.292792 0.141939
vt 0.291459 0.117670
vt 0.289247 0.094505
vt 0.285938 0.072720
vt 0.281310 0.052590
vt -0.000000 0.219663
vt 0.000061 0.193738
vt 0.035680 0.216279
vt 0.000362 0.168088
vt 0.001142 0.142987
vt 0.002641 0.118708
vt 0.005099 0.095526
vt 0.008755 0.073716
vt 0.013849 0.053551
vt 0.020621 0.035306
vt 0.051540 0.032374
vt 0.087033 0.030401
vt 0.125445 0.029371
vt 0.165119 0.029270
vt 0.204397 0.030083
vt 0.241625 0.031795
vt 0.275146 0.034391
vt 0.303303 0.037856
vt 0.310898 0.056231
vt 0.316601 0.076493
vt 0.320681 0.098373
vt 0.323409 0.121602
vt 0.325056 0.145909
vt 0.325891 0.171025
vt 0.326185 0.196681
vt 0.293716 0.218607
vt 0.326209 0.222606
vt 0.255034 0.215611
vt 0.212074 0.213636
vt 0.166747 0.212698
vt 0.120965 0.212814
vt 0.076639 0.214002
vt 0.818545 0.570003
vt 0.804529 0.567519
vt 0.805784 0.552717
vt 0.820483 0.556050
vt 0.789906 0.565145
vt 0.791285 0.549923
vt 0.775142 0.562569
vt 0.777039 0.547314
vt 0.760704 0.559750
vt 0.763107 0.544717
vt 0.746969 0.556885
vt 0.749469 0.542313
vt 0.734217 0.554424
vt 0.736037 0.540449
vt 0.807819 0.538037
vt 0.823020 0.541339
vt 0.793257 0.535195
vt 0.779179 0.532585
vt 0.765423 0.530053
vt 0.751777 0.527684
vt 0.738013 0.525634
vt 0.810308 0.523398
vt 0.825743 0.526194
vt 0.795674 0.520728
vt 0.781608 0.518140
vt 0.767877 0.515592
vt 0.754243 0.513040
vt 0.740469 0.510439
vt 0.813083 0.508790
vt 0.828475 0.511031
vt 0.798456 0.506306
vt 0.784371 0.503735
vt 0.770622 0.501164
vt 0.757041 0.498437
vt 0.743468 0.495326
vt 0.816303 0.494268
vt 0.831234 0.496309
vt 0.801753 0.491757
vt 0.787511 0.489124
vt 0.773574 0.486551
vt 0.759988 0.483864
vt 0.746789 0.480708
vt 0.820302 0.479873
vt 0.834296 0.482479
vt 0.805784 0.476916
vt 0.791070 0.474064
vt 0.776582 0.471521
vt 0.762743 0.469239
vt 0.749968 0.466900
vt 0.828522 0.583234
vt 0.818608 0.583383
vt 0.831649 0.574007
vt 0.804696 0.582750
vt 0.789304 0.581121
vt 0.773443 0.578597
vt 0.757950 0.575329
vt 0.743591 0.571461
vt 0.731219 0.567238
vt 0.722797 0.563702
vt 0.722282 0.553802
vt 0.722520 0.539782
vt 0.723877 0.524101
vt 0.726319 0.507747
vt 0.729733 0.491558
vt 0.733934 0.476360
vt 0.738605 0.463101
vt 0.847972 0.483306
vt 0.846860 0.497223
vt 0.844886 0.512832
vt 0.842214 0.529159
vt 0.839029 0.545375
vt 0.835446 0.560645
vt 0.967556 0.444985
vt 0.976496 0.479361
vt 0.958054 0.482232
vt 0.949901 0.450693
vt 0.979031 0.515697
vt 0.960333 0.515583
vt 0.975437 0.552473
vt 0.957013 0.549348
vt 0.965989 0.588167
vt 0.948358 0.582128
vt 0.950960 0.621258
vt 0.934607 0.612517
vt 0.930620 0.650224
vt 0.915992 0.639109
vt 0.938688 0.485399
vt 0.931477 0.456974
vt 0.940615 0.515498
vt 0.937557 0.546000
vt 0.929793 0.575632
vt 0.917506 0.603102
vt 0.900858 0.627117
vt 0.919056 0.488656
vt 0.912949 0.463487
vt 0.920502 0.515388
vt 0.917664 0.542539
vt 0.910862 0.568954
vt 0.900198 0.593443
vt 0.885717 0.614803
vt 0.899753 0.491781
vt 0.894940 0.469881
vt 0.900564 0.515186
vt 0.897873 0.539064
vt 0.892074 0.562362
vt 0.883164 0.583961
vt 0.871033 0.602719
vt 0.881143 0.494506
vt 0.877921 0.475780
vt 0.881137 0.514783
vt 0.878515 0.535640
vt 0.873704 0.556084
vt 0.866650 0.575040
vt 0.857116 0.591388
vt 0.863485 0.496499
vt 0.862269 0.480664
vt 0.862494 0.514050
vt 0.859869 0.532320
vt 0.855962 0.550341
vt 0.850782 0.567088
vt 0.844134 0.581434
vt 0.983782 0.440194
vt 0.090585 0.886301
vt 0.056004 0.886258
vt 0.126991 0.886317
vt 0.163707 0.886306
vt 0.992237 0.555264
vt 0.982120 0.593473
vt 0.966024 0.628896
vt 0.905242 0.673545
vt 0.892745 0.660500
vt 0.880010 0.646382
vt 0.867468 0.631832
vt 0.855541 0.617483
vt 0.844604 0.603912
vt 0.835120 0.591824
vt 0.058247 0.426610
vt 0.091293 0.424776
vt 0.096339 0.442324
vt 0.066015 0.443982
vt 0.127057 0.423821
vt 0.129171 0.441471
vt 0.163998 0.423729
vt 0.163090 0.441397
vt 0.200571 0.424484
vt 0.196675 0.442080
vt 0.235234 0.426075
vt 0.228501 0.443516
vt 0.266444 0.428488
vt 0.257146 0.445706
vt 0.101795 0.458181
vt 0.074448 0.459608
vt 0.131441 0.457478
vt 0.162089 0.457441
vt 0.192441 0.458028
vt 0.221194 0.459258
vt 0.247042 0.461165
vt 0.660156 0.582648
vt 0.652909 0.554219
vt 0.666253 0.550223
vt 0.672446 0.575402
vt 0.133736 0.471769
vt 0.107375 0.472259
vt 0.161031 0.471797
vt 0.188075 0.472259
vt 0.661768 0.463982
vt 0.674091 0.436516
vt 0.685112 0.445435
vt 0.674361 0.469914
vt 0.690776 0.412505
vt 0.699678 0.424085
vt 0.680262 0.546475
vt 0.685246 0.568395
vt 0.664721 0.523481
vt 0.679284 0.523050
vt 0.667520 0.496325
vt 0.681900 0.499164
vt 0.687774 0.475874
vt 0.696851 0.454295
vt 0.709152 0.435557
vt 0.694509 0.543237
vt 0.698047 0.562001
vt 0.694230 0.522926
vt 0.696729 0.502055
vt 0.701662 0.481626
vt 0.709003 0.462703
vt 0.718852 0.446392
vt 0.708656 0.540831
vt 0.710419 0.556731
vt 0.709205 0.523229
vt 0.711653 0.504938
vt 0.715737 0.486937
vt 0.721360 0.470242
vt 0.728554 0.455960
vt 0.020747 0.410517
vt 0.051565 0.407595
vt 0.029463 0.429338
vt 0.086943 0.405628
vt 0.125230 0.404602
vt 0.164774 0.404501
vt 0.203924 0.405312
vt 0.241031 0.407018
vt 0.274442 0.409605
vt 0.302507 0.413059
vt 0.292657 0.431712
vt 0.281186 0.448651
vt 0.682911 0.401367
vt 0.715528 0.569730
vt 0.705540 0.578221
vt 0.694676 0.587764
vt 0.683628 0.597869
vt 0.672968 0.608131
vt 0.039620 0.446472
vt 0.050697 0.461817
vt 0.875294 0.689997
vt 0.842044 0.699555
vt 0.834774 0.684285
vt 0.865284 0.675562
vt 0.806957 0.702492
vt 0.802564 0.686936
vt 0.526176 0.015720
vt 0.489293 0.015683
vt 0.489650 -0.000000
vt 0.523517 0.000041
vt 0.452552 0.015675
vt 0.455912 0.000001
vt 0.417498 0.015695
vt 0.423728 0.000037
vt 0.385677 0.015743
vt 0.394524 0.000099
vt 0.827789 0.667597
vt 0.855302 0.659866
vt 0.798707 0.669866
vt 0.770005 0.683784
vt 0.769289 0.666965
vt 0.738449 0.675091
vt 0.740769 0.659163
vt 0.709246 0.661094
vt 0.714385 0.646646
vt 0.683748 0.642024
vt 0.691372 0.629581
vt 0.821286 0.650171
vt 0.845675 0.643589
vt 0.795429 0.651937
vt 0.769231 0.649244
vt 0.743819 0.642402
vt 0.720325 0.631519
vt 0.699884 0.616654
vt 0.815465 0.632628
vt 0.836735 0.627375
vt 0.792777 0.633744
vt 0.769716 0.631193
vt 0.747324 0.625347
vt 0.726651 0.616220
vt 0.708748 0.603730
vt 0.810546 0.615371
vt 0.828821 0.611728
vt 0.790818 0.615669
vt 0.770644 0.613186
vt 0.751025 0.608317
vt 0.732953 0.601036
vt 0.717435 0.591150
vt 0.806803 0.598704
vt 0.822401 0.597057
vt 0.789627 0.598029
vt 0.771919 0.595545
vt 0.754660 0.591569
vt 0.738792 0.586139
vt 0.725311 0.579120
vt 0.885001 0.702492
vt 0.561656 0.015782
vt 0.594187 0.015869
vt 0.358634 0.015818
vt 0.006241 0.432937
vt 0.018350 0.449781
vt 0.663306 0.618112
vt 0.800001 0.131242
vt 0.814370 0.128595
vt 0.818165 0.143453
vt 0.802827 0.145492
vt 0.829364 0.125610
vt 0.833223 0.140937
vt 0.844618 0.122774
vt 0.848039 0.138319
vt 0.859674 0.120308
vt 0.862581 0.135801
vt 0.874070 0.118152
vt 0.876764 0.133202
vt 0.887346 0.115963
vt 0.890516 0.130152
vt 0.821227 0.158497
vt 0.805396 0.160695
vt 0.836394 0.156034
vt 0.851084 0.153484
vt 0.865467 0.150948
vt 0.879673 0.148273
vt 0.893824 0.145227
vt 0.823906 0.173645
vt 0.808010 0.176360
vt 0.839099 0.171027
vt 0.853785 0.168472
vt 0.868160 0.165944
vt 0.882424 0.163409
vt 0.896776 0.160832
vt 0.826370 0.188807
vt 0.810705 0.191989
vt 0.841487 0.186050
vt 0.856175 0.183487
vt 0.870560 0.180964
vt 0.884816 0.178583
vt 0.899134 0.176520
vt 0.828430 0.203954
vt 0.813285 0.207128
vt 0.843462 0.201279
vt 0.858291 0.198735
vt 0.872820 0.196143
vt 0.887030 0.193703
vt 0.900975 0.191788
vt 0.829732 0.219129
vt 0.815302 0.221421
vt 0.844855 0.216907
vt 0.860168 0.214419
vt 0.875165 0.211605
vt 0.889431 0.208686
vt 0.902647 0.206141
vt 0.786027 0.122018
vt 0.795494 0.118304
vt 0.786090 0.132068
vt 0.809112 0.113896
vt 0.824548 0.109915
vt 0.840786 0.106643
vt 0.856955 0.104246
vt 0.872247 0.102852
vt 0.885732 0.102518
vt 0.895134 0.102932
vt 0.899130 0.112294
vt 0.903849 0.125910
vt 0.908054 0.141532
vt 0.911414 0.158179
vt 0.913732 0.174991
vt 0.914909 0.191093
vt 0.914938 0.205460
vt 0.801899 0.225234
vt 0.797993 0.211545
vt 0.794361 0.195872
vt 0.791215 0.179206
vt 0.788684 0.162414
vt 0.786933 0.146362
vt 0.707487 0.035795
vt 0.735773 0.015097
vt 0.747451 0.027292
vt 0.721425 0.046281
vt 0.768062 -0.000000
vt 0.777172 0.013444
vt 0.452354 0.875287
vt 0.489277 0.875245
vt 0.489628 0.891036
vt 0.455650 0.891066
vt 0.526342 0.875226
vt 0.523736 0.891011
vt 0.561998 0.875233
vt 0.556540 0.890999
vt 0.594690 0.875269
vt 0.586606 0.891014
vt 0.759373 0.040842
vt 0.735799 0.057886
vt 0.786318 0.028423
vt 0.809210 0.004962
vt 0.815358 0.020789
vt 0.842193 0.002070
vt 0.845224 0.018119
vt 0.874753 0.005023
vt 0.874676 0.020673
vt 0.905528 0.014076
vt 0.902475 0.028729
vt 0.771142 0.055208
vt 0.750093 0.070110
vt 0.795251 0.044369
vt 0.821222 0.037652
vt 0.847873 0.035164
vt 0.874086 0.037200
vt 0.898755 0.044104
vt 0.782372 0.069902
vt 0.763794 0.082486
vt 0.803733 0.060767
vt 0.826721 0.055005
vt 0.850214 0.052636
vt 0.873200 0.054014
vt 0.894698 0.059587
vt 0.792713 0.084650
vt 0.776410 0.094677
vt 0.811570 0.077314
vt 0.831825 0.072494
vt 0.852390 0.070173
vt 0.872315 0.070725
vt 0.890694 0.074685
vt 0.801792 0.099288
vt 0.787348 0.106479
vt 0.818575 0.093767
vt 0.836519 0.089809
vt 0.854572 0.087471
vt 0.871801 0.087042
vt 0.887282 0.088997
vt 0.670138 0.054767
vt 0.694504 0.026927
vt 0.684691 0.061838
vt 0.417127 0.875352
vt 0.385149 0.875440
vt 0.622867 0.875335
vt 0.612501 0.891066
vt 0.933153 0.029487
vt 0.927386 0.042568
vt 0.920775 0.056218
vt 0.913730 0.069836
vt 0.906650 0.082847
vt 0.900023 0.094548
vt 0.776897 0.116087
vt 0.763924 0.107814
vt 0.749165 0.098623
vt 0.733298 0.089014
vt 0.716869 0.079394
vt 0.700467 0.070191
vt 0.267339 0.018343
vt 0.235975 0.015913
vt 0.229397 0.002193
vt 0.258246 0.004440
vt 0.201141 0.014309
vt 0.197345 0.000706
vt 0.164387 0.013548
vt 0.163522 0.000000
vt 0.127264 0.013643
vt 0.129362 0.000093
vt 0.091323 0.014608
vt 0.096297 0.000993
vt 0.058113 0.016456
vt 0.065756 0.002703
vt 0.956453 0.051235
vt 0.975014 0.078181
vt 0.965023 0.086597
vt 0.948352 0.062205
vt 0.988609 0.108908
vt 0.977229 0.114440
vt 0.997015 0.141999
vt 0.984800 0.144427
vt 1.000000 0.176038
vt 0.987548 0.175257
vt 0.997315 0.209612
vt 0.985222 0.205639
vt 0.988705 0.241310
vt 0.977550 0.234287
vt 0.953815 0.095377
vt 0.939213 0.073626
vt 0.964494 0.120260
vt 0.971168 0.147065
vt 0.973713 0.174589
vt 0.971848 0.201660
vt 0.965256 0.227111
vt 0.941866 0.104118
vt 0.929489 0.084973
vt 0.950912 0.126114
vt 0.956658 0.149818
vt 0.959055 0.174102
vt 0.957777 0.197892
vt 0.952421 0.220124
vt 0.929466 0.112427
vt 0.919520 0.095719
vt 0.936804 0.131769
vt 0.941642 0.152625
vt 0.943955 0.173913
vt 0.943411 0.194611
vt 0.939541 0.213711
vt 0.916805 0.119881
vt 0.909523 0.105226
vt 0.922438 0.136992
vt 0.926450 0.155430
vt 0.928744 0.174156
vt 0.929069 0.192160
vt 0.927030 0.208402
vt 0.293682 0.021586
vt 0.029187 0.019200
vt 0.998095 0.247846
vt 0.981979 0.278763
vt 0.937663 0.017586
vt 0.963039 0.041245
vt 0.703631 0.299357
vt 0.683406 0.270067
vt 0.699383 0.261729
vt 0.717934 0.288676
vt 0.668590 0.236677
vt 0.685797 0.231001
vt 0.659439 0.200720
vt 0.677397 0.197910
vt 0.656211 0.163727
vt 0.674407 0.163871
vt 0.659170 0.127228
vt 0.677082 0.130298
vt 0.668575 0.092755
vt 0.685682 0.098601
vt 0.716161 0.252706
vt 0.732798 0.277102
vt 0.703988 0.224860
vt 0.696433 0.194871
vt 0.693669 0.164043
vt 0.695962 0.133664
vt 0.703599 0.105019
vt 0.733218 0.243403
vt 0.747739 0.265161
vt 0.722618 0.218513
vt 0.715980 0.191705
vt 0.713399 0.164184
vt 0.715184 0.137121
vt 0.721696 0.111677
vt 0.750090 0.234222
vt 0.762307 0.253381
vt 0.741199 0.212212
vt 0.735523 0.188501
vt 0.733056 0.164223
vt 0.734179 0.140448
vt 0.739375 0.118230
vt 0.766545 0.225550
vt 0.776198 0.242284
vt 0.759473 0.206185
vt 0.754749 0.185318
vt 0.752322 0.164040
vt 0.752601 0.143366
vt 0.756178 0.124293
vt 0.782470 0.217805
vt 0.789245 0.232504
vt 0.777248 0.200657
vt 0.773400 0.182203
vt 0.770942 0.163493
vt 0.770205 0.145525
vt 0.771738 0.129329
vt 0.690374 0.308616
vt 0.668751 0.277313
vt 0.652909 0.241630
vt 0.204520 0.489924
vt 0.166383 0.489963
vt 0.163935 0.472295
vt 0.199620 0.472260
vt 0.126951 0.489976
vt 0.127038 0.472308
vt 0.087849 0.489961
vt 0.090452 0.472297
vt 0.050706 0.489918
vt 0.055700 0.472260
vt 0.652909 0.087815
vt 0.046287 0.387053
vt 0.042326 0.365162
vt 0.080930 0.363015
vt 0.083507 0.384983
vt 0.039493 0.342114
vt 0.079090 0.339913
vt 0.037602 0.318104
vt 0.077863 0.315865
vt 0.036463 0.293322
vt 0.077127 0.291061
vt 0.035888 0.267962
vt 0.076760 0.265690
vt 0.035690 0.242217
vt 0.076638 0.239940
vt 0.122708 0.361896
vt 0.123787 0.383904
vt 0.121941 0.338764
vt 0.121434 0.314697
vt 0.121135 0.289882
vt 0.120992 0.264504
vt 0.120953 0.238753
vt 0.165859 0.361786
vt 0.165390 0.383798
vt 0.166201 0.338652
vt 0.166437 0.314583
vt 0.166588 0.289766
vt 0.166677 0.264388
vt 0.166723 0.238636
vt 0.208580 0.362670
vt 0.206580 0.384651
vt 0.210020 0.339559
vt 0.210992 0.315505
vt 0.211590 0.290698
vt 0.211907 0.265325
vt 0.212037 0.239574
vt 0.249071 0.364532
vt 0.245618 0.386446
vt 0.251551 0.341469
vt 0.253220 0.317447
vt 0.254241 0.292659
vt 0.254776 0.267296
vt 0.254986 0.241549
vt 0.285529 0.367356
vt 0.280769 0.389168
vt 0.288946 0.344365
vt 0.291243 0.320392
vt 0.292645 0.295633
vt 0.293375 0.270285
vt 0.293658 0.244544
vt 0.013864 0.390127
vt 0.008697 0.368351
vt 0.005000 0.345385
vt 0.002530 0.321430
vt 0.001039 0.296681
vt 0.000284 0.271339
vt 0.000020 0.245600
vt 0.326141 0.248542
vt 0.325798 0.274275
vt 0.324904 0.299603
vt 0.323182 0.324322
vt 0.320357 0.348230
vt 0.316154 0.371124
vt 0.310296 0.392802
vt 0.277610 0.509287
vt 0.283033 0.530470
vt 0.249641 0.530566
vt 0.245390 0.509380
vt 0.286917 0.553081
vt 0.252686 0.553179
vt 0.289519 0.576881
vt 0.254727 0.576982
vt 0.291097 0.601634
vt 0.255963 0.601736
vt 0.291905 0.627101
vt 0.256596 0.627203
vt 0.292201 0.653044
vt 0.256827 0.653146
vt 0.211294 0.530636
vt 0.208388 0.509448
vt 0.213376 0.553251
vt 0.214770 0.577055
vt 0.215614 0.601809
vt 0.216046 0.627277
vt 0.216203 0.653220
vt 0.169763 0.530679
vt 0.168313 0.509489
vt 0.170801 0.553295
vt 0.171495 0.577099
vt 0.171915 0.601854
vt 0.172129 0.627322
vt 0.172206 0.653266
vt 0.126820 0.530693
vt 0.126877 0.509503
vt 0.126779 0.553309
vt 0.126750 0.577114
vt 0.126731 0.601869
vt 0.126720 0.627337
vt 0.126713 0.653280
vt 0.084238 0.530677
vt 0.085788 0.509488
vt 0.083126 0.553293
vt 0.082380 0.577097
vt 0.081926 0.601852
vt 0.081691 0.627320
vt 0.081603 0.653264
vt 0.043788 0.530630
vt 0.046757 0.509442
vt 0.041660 0.553245
vt 0.040232 0.577049
vt 0.039365 0.601803
vt 0.038918 0.627271
vt 0.038751 0.653214
vt 0.707042 0.342628
vt 0.678535 0.316055
vt 0.303338 0.509170
vt 0.309695 0.530349
vt 0.314250 0.552956
vt 0.317301 0.576755
vt 0.319151 0.601506
vt 0.320099 0.626973
vt 0.320446 0.652915
vt 0.000037 0.653130
vt 0.000274 0.627187
vt 0.000913 0.601720
vt 0.002154 0.576966
vt 0.004197 0.553164
vt 0.007243 0.530551
vt 0.011493 0.509366
vt 0.017148 0.489846
vt 0.239732 0.489859
vt 0.270394 0.489771
vt 0.371801 0.498496
vt 0.407640 0.498394
vt 0.404474 0.519536
vt 0.367301 0.519642
vt 0.447119 0.498318
vt 0.445421 0.519457
vt 0.488498 0.498270
vt 0.488338 0.519407
vt 0.530037 0.498250
vt 0.531422 0.519387
vt 0.569996 0.498261
vt 0.572868 0.519398
vt 0.606637 0.498304
vt 0.610871 0.519442
vt 0.402210 0.542118
vt 0.364082 0.542226
vt 0.444209 0.542037
vt 0.488230 0.541985
vt 0.532420 0.541965
vt 0.574931 0.541976
vt 0.613910 0.542022
vt 0.400699 0.565899
vt 0.361931 0.566009
vt 0.443403 0.565817
vt 0.488163 0.565764
vt 0.533096 0.565743
vt 0.576320 0.565755
vt 0.615954 0.565801
vt 0.399789 0.590640
vt 0.360633 0.590751
vt 0.442922 0.590557
vt 0.488130 0.590504
vt 0.533513 0.590483
vt 0.577170 0.590495
vt 0.617201 0.590541
vt 0.399332 0.616101
vt 0.359976 0.616212
vt 0.442684 0.616017
vt 0.488122 0.615964
vt 0.533736 0.615943
vt 0.577616 0.615955
vt 0.617851 0.616001
vt 0.399175 0.642041
vt 0.359746 0.642153
vt 0.442608 0.641958
vt 0.488131 0.641905
vt 0.533830 0.641883
vt 0.577792 0.641895
vt 0.618102 0.641942
vt 0.348842 0.479149
vt 0.341340 0.498623
vt 0.638219 0.498380
vt 0.643628 0.519521
vt 0.647509 0.542102
vt 0.650117 0.565883
vt 0.651706 0.590624
vt 0.652531 0.616085
vt 0.652847 0.642025
vt 0.326234 0.642293
vt 0.326527 0.616351
vt 0.327353 0.590889
vt 0.328981 0.566146
vt 0.331676 0.542361
vt 0.335707 0.519773
vt 0.606877 0.392697
vt 0.570160 0.392602
vt 0.572972 0.371414
vt 0.611023 0.371513
vt 0.530118 0.392534
vt 0.531474 0.371344
vt 0.488492 0.392495
vt 0.488336 0.371303
vt 0.447028 0.392484
vt 0.445364 0.371292
vt 0.407466 0.392504
vt 0.404365 0.371313
vt 0.371552 0.392555
vt 0.367145 0.371366
vt 0.574992 0.348800
vt 0.614000 0.348901
vt 0.532452 0.348728
vt 0.488229 0.348686
vt 0.444178 0.348675
vt 0.402148 0.348696
vt 0.363993 0.348750
vt 0.576352 0.324997
vt 0.616001 0.325099
vt 0.533113 0.324924
vt 0.488164 0.324881
vt 0.443388 0.324870
vt 0.400668 0.324891
vt 0.361886 0.324946
vt 0.577185 0.300243
vt 0.617222 0.300346
vt 0.533521 0.300169
vt 0.488131 0.300125
vt 0.442917 0.300114
vt 0.399778 0.300136
vt 0.360615 0.300191
vt 0.577621 0.274775
vt 0.617858 0.274879
vt 0.533739 0.274701
vt 0.488123 0.274657
vt 0.442683 0.274646
vt 0.399329 0.274667
vt 0.359972 0.274723
vt 0.577793 0.248832
vt 0.618104 0.248936
vt 0.533831 0.248757
vt 0.488132 0.248714
vt 0.442609 0.248702
vt 0.399176 0.248724
vt 0.359746 0.248780
vt 0.631482 0.412331
vt 0.638525 0.392818
vt 0.341028 0.392638
vt 0.335511 0.371452
vt 0.331564 0.348839
vt 0.328924 0.325036
vt 0.327330 0.300282
vt 0.326521 0.274815
vt 0.326234 0.248872
vt 0.652849 0.249069
vt 0.652540 0.275011
vt 0.651732 0.300478
vt 0.650176 0.325230
vt 0.647622 0.349029
vt 0.643821 0.371638
s 1
usemtl Material.001
f 273/1/273 274/2/274 281/3/281 280/4/280
f 274/2/274 275/5/275 282/6/282 281/3/281
f 275/5/275 276/7/276 283/8/283 282/6/282
f 276/7/276 277/9/277 284/10/284 283/8/283
f 277/9/277 278/11/278 285/12/285 284/10/284
f 278/13/278 279/14/279 286/15/286 285/16/285
f 280/17/280 281/18/281 288/19/288 287/20/287
f 281/18/281 282/21/282 289/22/289 288/19/288
f 282/21/282 283/23/283 290/24/290 289/22/289
f 283/23/283 284/25/284 291/26/291 290/24/290
f 284/25/284 285/16/285 292/27/292 291/26/291
f 285/16/285 286/15/286 293/28/293 292/27/292
f 287/20/287 288/19/288 295/29/295 294/30/294
f 288/19/288 289/22/289 296/31/296 295/29/295
f 289/22/289 290/24/290 297/32/297 296/31/296
f 290/24/290 291/26/291 298/33/298 297/32/297
f 291/26/291 292/27/292 299/34/299 298/33/298
f 292/27/292 293/28/293 300/35/300 299/34/299
f 294/30/294 295/29/295 302/36/302 301/37/301
f 295/29/295 296/31/296 303/38/303 302/36/302
f 296/31/296 297/32/297 304/39/304 303/38/303
f 297/32/297 298/33/298 305/40/305 304/39/304
f 298/33/298 299/34/299 306/41/306 305/40/305
f 299/34/299 300/35/300 307/42/307 306/41/306
f 301/37/301 302/36/302 309/43/309 308/44/308
f 302/36/302 303/38/303 310/45/310 309/43/309
f 303/38/303 304/39/304 311/46/311 310/45/310
f 304/39/304 305/40/305 312/47/312 311/46/311
f 305/40/305 306/41/306 313/48/313 312/47/312
f 306/41/306 307/42/307 314/49/314 313/48/313
f 308/44/308 309/43/309 316/50/316 315/51/315
f 309/43/309 310/45/310 317/52/317 316/50/316
f 310/45/310 311/46/311 318/53/318 317/52/317
f 311/46/311 312/47/312 319/54/319 318/53/318
f 312/47/312 313/48/313 320/55/320 319/54/319
f 313/48/313 314/49/314 321/56/321 320/55/320
f 4/57/4 42/58/42 273/1/273 202/59/202
f 42/58/42 43/60/43 274/2/274 273/1/273
f 43/60/43 44/61/44 275/5/275 274/2/274
f 44/61/44 45/62/45 276/7/276 275/5/275
f 45/62/45 46/63/46 277/9/277 276/7/276
f 46/63/46 47/64/47 278/11/278 277/9/277
f 47/64/47 48/65/48 279/66/279 278/11/278
f 48/67/48 3/68/3 189/69/189 279/14/279
f 279/14/279 189/69/189 190/70/190 286/15/286
f 286/15/286 190/70/190 191/71/191 293/28/293
f 293/28/293 191/71/191 192/72/192 300/35/300
f 300/35/300 192/72/192 193/73/193 307/42/307
f 307/42/307 193/73/193 194/74/194 314/49/314
f 314/49/314 194/74/194 195/75/195 321/56/321
f 321/56/321 195/75/195 13/76/13 188/77/188
f 320/55/320 321/56/321 188/77/188 187/78/187
f 319/54/319 320/55/320 187/78/187 186/79/186
f 318/53/318 319/54/319 186/79/186 185/80/185
f 317/52/317 318/53/318 185/80/185 184/81/184
f 316/50/316 317/52/317 184/81/184 183/82/183
f 315/51/315 316/50/316 183/82/183 182/83/182
f 196/84/196 315/51/315 182/83/182 16/85/16
f 197/86/197 308/44/308 315/51/315 196/84/196
f 198/87/198 301/37/301 308/44/308 197/86/197
f 199/88/199 294/30/294 301/37/301 198/87/198
f 200/89/200 287/20/287 294/30/294 199/88/199
f 201/90/201 280/17/280 287/20/287 200/89/200
f 202/59/202 273/1/273 280/4/280 201/91/201
f 322/92/322 323/93/323 330/94/330 329/95/329
f 323/93/323 324/96/324 331/97/331 330/94/330
f 324/96/324 325/98/325 332/99/332 331/97/331
f 325/98/325 326/100/326 333/101/333 332/99/332
f 326/100/326 327/102/327 334/103/334 333/101/333
f 327/102/327 328/104/328 335/105/335 334/103/334
f 329/95/329 330/94/330 337/106/337 336/107/336
f 330/94/330 331/97/331 338/108/338 337/106/337
f 331/97/331 332/99/332 339/109/339 338/108/338
f 332/99/332 333/101/333 340/110/340 339/109/339
f 333/101/333 334/103/334 341/111/341 340/110/340
f 334/103/334 335/105/335 342/112/342 341/111/341
f 336/107/336 337/106/337 344/113/344 343/114/343
f 337/106/337 338/108/338 345/115/345 344/113/344
f 338/108/338 339/109/339 346/116/346 345/115/345
f 339/109/339 340/110/340 347/117/347 346/116/346
f 340/110/340 341/111/341 348/118/348 347/117/347
f 341/111/341 342/112/342 349/119/349 348/118/348
f 343/114/343 344/113/344 351/120/351 350/121/350
f 344/113/344 345/115/345 352/122/352 351/120/351
f 345/115/345 346/116/346 353/123/353 352/122/352
f 346/116/346 347/117/347 354/124/354 353/123/353
f 347/117/347 348/118/348 355/125/355 354/124/354
f 348/118/348 349/119/349 356/126/356 355/125/355
f 350/121/350 351/120/351 358/127/358 357/128/357
f 351/120/351 352/122/352 359/129/359 358/127/358
f 352/122/352 353/123/353 360/130/360 359/129/359
f 353/123/353 354/124/354 361/131/361 360/130/360
f 354/124/354 355/125/355 362/132/362 361/131/361
f 355/125/355 356/126/356 363/133/363 362/132/362
f 357/128/357 358/127/358 365/134/365 364/135/364
f 358/127/358 359/129/359 366/136/366 365/134/365
f 359/129/359 360/130/360 367/137/367 366/136/366
f 360/130/360 361/131/361 368/138/368 367/137/367
f 361/131/361 362/132/362 369/139/369 368/138/368
f 362/132/362 363/133/363 370/140/370 369/139/369
f 17/141/17 272/142/272 322/92/322 223/143/223
f 272/142/272 271/144/271 323/93/323 322/92/322
f 271/144/271 270/145/270 324/96/324 323/93/323
f 270/145/270 269/146/269 325/98/325 324/96/324
f 269/146/269 268/147/268 326/100/326 325/98/325
f 268/147/268 267/148/267 327/102/327 326/100/326
f 267/148/267 266/149/266 328/104/328 327/102/327
f 266/149/266 18/150/18 56/151/56 328/104/328
f 328/104/328 56/151/56 57/152/57 335/105/335
f 335/105/335 57/152/57 58/153/58 342/112/342
f 342/112/342 58/153/58 59/154/59 349/119/349
f 349/119/349 59/154/59 60/155/60 356/126/356
f 356/126/356 60/155/60 61/156/61 363/133/363
f 363/133/363 61/156/61 62/157/62 370/140/370
f 370/140/370 62/157/62 8/158/8 63/159/63
f 369/139/369 370/140/370 63/159/63 64/160/64
f 368/138/368 369/139/369 64/160/64 65/161/65
f 367/137/367 368/138/368 65/161/65 66/162/66
f 366/136/366 367/137/367 66/162/66 67/163/67
f 365/134/365 366/136/366 67/163/67 68/164/68
f 364/135/364 365/134/365 68/164/68 69/165/69
f 217/166/217 364/135/364 69/165/69 7/167/7
f 218/168/218 357/128/357 364/135/364 217/166/217
f 219/169/219 350/121/350 357/128/357 218/168/218
f 220/170/220 343/114/343 350/121/350 219/169/219
f 221/171/221 336/107/336 343/114/343 220/170/220
f 222/172/222 329/95/329 336/107/336 221/171/221
f 223/143/223 322/92/322 329/95/329 222/172/222
f 371/173/371 372/174/372 379/175/379 378/176/378
f 372/174/372 373/177/373 380/178/380 379/175/379
f 373/177/373 374/179/374 381/180/381 380/178/380
f 374/179/374 375/181/375 382/182/382 381/180/381
f 375/183/375 376/184/376 383/185/383 382/186/382
f 376/184/376 377/187/377 384/188/384 383/185/383
f 378/189/378 379/190/379 386/191/386 385/192/385
f 379/190/379 380/193/380 387/194/387 386/191/386
f 380/193/380 381/195/381 388/196/388 387/194/387
f 381/195/381 382/186/382 389/197/389 388/196/388
f 382/186/382 383/185/383 390/198/390 389/197/389
f 383/185/383 384/188/384 391/199/391 390/198/390
f 385/192/385 386/191/386 393/200/393 392/201/392
f 386/191/386 387/194/387 394/202/394 393/200/393
f 387/194/387 388/196/388 395/203/395 394/202/394
f 388/196/388 389/197/389 396/204/396 395/203/395
f 389/197/389 390/198/390 397/205/397 396/204/396
f 390/198/390 391/199/391 398/206/398 397/205/397
f 392/201/392 393/200/393 400/207/400 399/208/399
f 393/200/393 394/202/394 401/209/401 400/207/400
f 394/202/394 395/203/395 402/210/402 401/209/401
f 395/203/395 396/204/396 403/211/403 402/210/402
f 396/204/396 397/205/397 404/212/404 403/211/403
f 397/205/397 398/206/398 405/213/405 404/212/404
f 399/208/399 400/207/400 407/214/407 406/215/406
f 400/207/400 401/209/401 408/216/408 407/214/407
f 401/209/401 402/210/402 409/217/409 408/216/408
f 402/210/402 403/211/403 410/218/410 409/217/409
f 403/211/403 404/212/404 411/219/411 410/218/410
f 404/212/404 405/213/405 412/220/412 411/219/411
f 406/215/406 407/214/407 414/221/414 413/222/413
f 407/214/407 408/216/408 415/223/415 414/221/414
f 408/216/408 409/217/409 416/224/416 415/223/415
f 409/217/409 410/218/410 417/225/417 416/224/416
f 410/218/410 411/219/411 418/226/418 417/225/417
f 411/219/411 412/220/412 419/227/419 418/226/418
f 6/228/6 84/229/84 371/173/371 146/230/146
f 84/229/84 85/231/85 372/174/372 371/173/371
f 85/231/85 86/232/86 373/177/373 372/174/372
f 86/232/86 87/233/87 374/179/374 373/177/373
f 87/233/87 88/234/88 375/181/375 374/179/374
f 88/234/88 89/235/89 376/236/376 375/181/375
f 89/235/89 90/237/90 377/238/377 376/236/376
f 90/239/90 5/240/5 133/241/133 377/187/377
f 377/187/377 133/241/133 134/242/134 384/188/384
f 384/188/384 134/242/134 135/243/135 391/199/391
f 391/199/391 135/243/135 136/244/136 398/206/398
f 398/206/398 136/244/136 137/245/137 405/213/405
f 405/213/405 137/245/137 138/246/138 412/220/412
f 412/220/412 138/246/138 139/247/139 419/227/419
f 419/227/419 139/247/139 11/248/11 132/249/132
f 418/226/418 419/227/419 132/249/132 131/250/131
f 417/225/417 418/226/418 131/250/131 130/251/130
f 416/224/416 417/225/417 130/251/130 129/252/129
f 415/223/415 416/224/416 129/252/129 128/253/128
f 414/221/414 415/223/415 128/253/128 127/254/127
f 413/222/413 414/221/414 127/254/127 126/255/126
f 140/256/140 413/222/413 126/255/126 12/257/12
f 141/258/141 406/215/406 413/222/413 140/256/140
f 142/259/142 399/208/399 406/215/406 141/258/141
f 143/260/143 392/201/392 399/208/399 142/259/142
f 144/261/144 385/192/385 392/201/392 143/260/143
f 145/262/145 378/189/378 385/192/385 144/261/144
f 146/230/146 371/173/371 378/176/378 145/263/145
f 420/264/420 421/265/421 428/266/428 427/267/427
f 421/265/421 422/268/422 429/269/429 428/266/428
f 422/268/422 423/270/423 430/271/430 429/269/429
f 423/270/423 424/272/424 431/273/431 430/271/430
f 424/272/424 425/274/425 432/275/432 431/273/431
f 425/274/425 426/276/426 433/277/433 432/275/432
f 427/267/427 428/266/428 435/278/435 434/279/434
f 428/266/428 429/269/429 436/280/436 435/278/435
f 429/269/429 430/271/430 437/281/437 436/280/436
f 430/271/430 431/273/431 438/282/438 437/281/437
f 431/273/431 432/275/432 439/283/439 438/282/438
f 432/275/432 433/277/433 440/284/440 439/283/439
f 434/279/434 435/278/435 442/285/442 441/286/441
f 435/278/435 436/280/436 443/287/443 442/285/442
f 436/280/436 437/281/437 444/288/444 443/287/443
f 437/281/437 438/282/438 445/289/445 444/288/444
f 438/282/438 439/283/439 446/290/446 445/289/445
f 439/283/439 440/284/440 447/291/447 446/290/446
f 441/286/441 442/285/442 449/292/449 448/293/448
f 442/285/442 443/287/443 450/294/450 449/292/449
f 443/287/443 444/288/444 451/295/451 450/294/450
f 444/288/444 445/289/445 452/296/452 451/295/451
f 445/289/445 446/290/446 453/297/453 452/296/452
f 446/290/446 447/291/447 454/298/454 453/297/453
f 448/293/448 449/292/449 456/299/456 455/300/455
f 449/292/449 450/294/450 457/301/457 456/299/456
f 450/294/450 451/295/451 458/302/458 457/301/457
f 451/295/451 452/296/452 459/303/459 458/302/458
f 452/296/452 453/297/453 460/304/460 459/303/459
f 453/297/453 454/298/454 461/305/461 460/304/460
f 455/300/455 456/299/456 463/306/463 462/307/462
f 456/299/456 457/301/457 464/308/464 463/306/463
f 457/301/457 458/302/458 465/309/465 464/308/464
f 458/302/458 459/303/459 466/310/466 465/309/465
f 459/303/459 460/304/460 467/311/467 466/310/466
f 460/304/460 461/305/461 468/312/468 467/311/467
f 19/313/19 265/314/265 420/264/420 237/315/237
f 265/314/265 264/316/264 421/265/421 420/264/420
f 264/316/264 263/317/263 422/268/422 421/265/421
f 263/317/263 262/318/262 423/270/423 422/268/422
f 262/318/262 261/319/261 424/272/424 423/270/423
f 261/319/261 260/320/260 425/274/425 424/272/424
f 260/320/260 259/321/259 426/276/426 425/274/425
f 259/321/259 20/322/20 98/323/98 426/276/426
f 426/276/426 98/323/98 99/324/99 433/277/433
f 433/277/433 99/324/99 100/325/100 440/284/440
f 440/284/440 100/325/100 101/326/101 447/291/447
f 447/291/447 101/326/101 102/327/102 454/298/454
f 454/298/454 102/327/102 103/328/103 461/305/461
f 461/305/461 103/328/103 104/329/104 468/312/468
f 468/312/468 104/329/104 2/330/2 34/331/34
f 467/311/467 468/312/468 34/331/34 33/332/33
f 466/310/466 467/311/467 33/332/33 32/333/32
f 465/309/465 466/310/466 32/333/32 31/334/31
f 464/308/464 465/309/465 31/334/31 30/335/30
f 463/306/463 464/308/464 30/335/30 29/336/29
f 462/307/462 463/306/463 29/336/29 28/337/28
f 231/338/231 462/307/462 28/337/28 1/339/1
f 232/340/232 455/300/455 462/307/462 231/338/231
f 233/341/233 448/293/448 455/300/455 232/340/232
f 234/342/234 441/286/441 448/293/448 233/341/233
f 235/343/235 434/279/434 441/286/441 234/342/234
f 236/344/236 427/267/427 434/279/434 235/343/235
f 237/315/237 420/264/420 427/267/427 236/344/236
f 469/345/469 470/346/470 477/347/477 476/348/476
f 470/346/470 471/349/471 478/350/478 477/347/477
f 471/349/471 472/351/472 479/352/479 478/350/478
f 472/351/472 473/353/473 480/354/480 479/352/479
f 473/353/473 474/355/474 481/356/481 480/354/480
f 474/355/474 475/357/475 482/358/482 481/356/481
f 476/348/476 477/347/477 484/359/484 483/360/483
f 477/347/477 478/350/478 485/361/485 484/359/484
f 478/350/478 479/352/479 486/362/486 485/361/485
f 479/352/479 480/354/480 487/363/487 486/362/486
f 480/354/480 481/356/481 488/364/488 487/363/487
f 481/356/481 482/358/482 489/365/489 488/364/488
f 483/360/483 484/359/484 491/366/491 490/367/490
f 484/359/484 485/361/485 492/368/492 491/366/491
f 485/361/485 486/362/486 493/369/493 492/368/492
f 486/362/486 487/363/487 494/370/494 493/369/493
f 487/363/487 488/364/488 495/371/495 494/370/494
f 488/364/488 489/365/489 496/372/496 495/371/495
f 490/367/490 491/366/491 498/373/498 497/374/497
f 491/366/491 492/368/492 499/375/499 498/373/498
f 492/368/492 493/369/493 500/376/500 499/375/499
f 493/369/493 494/370/494 501/377/501 500/376/500
f 494/370/494 495/371/495 502/378/502 501/377/501
f 495/371/495 496/372/496 503/379/503 502/378/502
f 497/374/497 498/373/498 505/380/505 504/381/504
f 498/373/498 499/375/499 506/382/506 505/380/505
f 499/375/499 500/376/500 507/383/507 506/382/506
f 500/376/500 501/377/501 508/384/508 507/383/507
f 501/377/501 502/378/502 509/385/509 508/384/508
f 502/378/502 503/379/503 510/386/510 509/385/509
f 504/381/504 505/380/505 512/387/512 511/388/511
f 505/380/505 506/382/506 513/389/513 512/387/512
f 506/382/506 507/383/507 514/390/514 513/389/513
f 507/383/507 508/384/508 515/391/515 514/390/514
f 508/384/508 509/385/509 516/392/516 515/391/515
f 509/385/509 510/386/510 517/393/517 516/392/516
f 17/394/17 223/395/223 469/345/469 252/396/252
f 223/395/223 222/397/222 470/346/470 469/345/469
f 222/397/222 221/398/221 471/349/471 470/346/470
f 221/398/221 220/399/220 472/351/472 471/349/471
f 220/399/220 219/400/219 473/353/473 472/351/472
f 219/400/219 218/401/218 474/355/474 473/353/473
f 218/401/218 217/402/217 475/357/475 474/355/474
f 217/403/217 7/404/7 76/405/76 475/406/475
f 475/357/475 76/407/76 75/408/75 482/358/482
f 482/358/482 75/408/75 74/409/74 489/365/489
f 489/365/489 74/409/74 73/410/73 496/372/496
f 496/372/496 73/410/73 72/411/72 503/379/503
f 503/379/503 72/411/72 71/412/71 510/386/510
f 510/386/510 71/412/71 70/413/70 517/393/517
f 517/393/517 70/413/70 5/414/5 97/415/97
f 516/392/516 517/393/517 97/415/97 96/416/96
f 515/391/515 516/392/516 96/416/96 95/417/95
f 514/390/514 515/391/515 95/417/95 94/418/94
f 513/389/513 514/390/514 94/418/94 93/419/93
f 512/387/512 513/389/513 93/419/93 92/420/92
f 511/388/511 512/387/512 92/420/92 91/421/91
f 258/422/258 511/388/511 91/421/91 19/423/19
f 257/424/257 504/381/504 511/388/511 258/422/258
f 256/425/256 497/374/497 504/381/504 257/424/257
f 255/426/255 490/367/490 497/374/497 256/425/256
f 254/427/254 483/360/483 490/367/490 255/426/255
f 253/428/253 476/348/476 483/360/483 254/427/254
f 252/396/252 469/345/469 476/348/476 253/428/253
f 518/429/518 519/430/519 526/431/526 525/432/525
f 519/430/519 520/433/520 527/434/527 526/431/526
f 520/433/520 521/435/521 528/436/528 527/434/527
f 521/435/521 522/437/522 529/438/529 528/436/528
f 522/437/522 523/439/523 530/440/530 529/438/529
f 523/439/523 524/441/524 531/442/531 530/440/530
f 525/432/525 526/431/526 533/443/533 532/444/532
f 526/431/526 527/434/527 534/445/534 533/443/533
f 527/434/527 528/436/528 535/446/535 534/445/534
f 528/436/528 529/438/529 536/447/536 535/446/535
f 529/438/529 530/440/530 537/448/537 536/447/536
f 530/440/530 531/442/531 538/449/538 537/448/537
f 532/444/532 533/443/533 540/450/540 539/451/539
f 533/443/533 534/445/534 541/452/541 540/450/540
f 534/445/534 535/446/535 542/453/542 541/452/541
f 535/446/535 536/447/536 543/454/543 542/453/542
f 536/447/536 537/448/537 544/455/544 543/454/543
f 537/448/537 538/449/538 545/456/545 544/455/544
f 539/451/539 540/450/540 547/457/547 546/458/546
f 540/450/540 541/452/541 548/459/548 547/457/547
f 541/452/541 542/453/542 549/460/549 548/459/548
f 542/453/542 543/454/543 550/461/550 549/460/549
f 543/454/543 544/455/544 551/462/551 550/461/550
f 544/455/544 545/456/545 552/463/552 551/462/551
f 546/458/546 547/457/547 554/464/554 553/465/553
f 547/457/547 548/459/548 555/466/555 554/464/554
f 548/459/548 549/460/549 556/467/556 555/466/555
f 549/460/549 550/461/550 557/468/557 556/467/556
f 550/461/550 551/462/551 558/469/558 557/468/557
f 551/462/551 552/463/552 559/470/559 558/469/558
f 553/465/553 554/464/554 561/471/561 560/472/560
f 554/464/554 555/466/555 562/473/562 561/471/561
f 555/466/555 556/467/556 563/474/563 562/473/562
f 556/467/556 557/468/557 564/475/564 563/474/563
f 557/468/557 558/469/558 565/476/565 564/475/564
f 558/469/558 559/470/559 566/477/566 565/476/565
f 18/478/18 230/479/230 518/429/518 245/480/245
f 230/479/230 229/481/229 519/430/519 518/429/518
f 229/481/229 228/482/228 520/433/520 519/430/519
f 228/482/228 227/483/227 521/435/521 520/433/520
f 227/483/227 226/484/226 522/437/522 521/435/521
f 226/484/226 225/485/225 523/439/523 522/437/522
f 225/485/225 224/486/224 524/441/524 523/439/523
f 224/486/224 4/487/4 41/488/41 524/441/524
f 524/441/524 41/488/41 40/489/40 531/442/531
f 531/442/531 40/489/40 39/490/39 538/449/538
f 538/449/538 39/490/39 38/491/38 545/456/545
f 545/456/545 38/491/38 37/492/37 552/463/552
f 552/463/552 37/492/37 36/493/36 559/470/559
f 559/470/559 36/493/36 35/494/35 566/477/566
f 566/477/566 35/494/35 2/495/2 104/496/104
f 565/476/565 566/477/566 104/496/104 103/497/103
f 564/475/564 565/476/565 103/497/103 102/498/102
f 563/474/563 564/475/564 102/498/102 101/499/101
f 562/473/562 563/474/563 101/499/101 100/500/100
f 561/471/561 562/473/562 100/500/100 99/501/99
f 560/472/560 561/471/561 99/501/99 98/502/98
f 251/503/251 560/472/560 98/502/98 20/504/20
f 250/505/250 553/465/553 560/472/560 251/503/251
f 249/506/249 546/458/546 553/465/553 250/505/250
f 248/507/248 539/451/539 546/458/546 249/506/249
f 247/508/247 532/444/532 539/451/539 248/507/248
f 246/509/246 525/432/525 532/444/532 247/508/247
f 245/480/245 518/429/518 525/432/525 246/509/246
f 567/510/567 568/511/568 575/512/575 574/513/574
f 568/511/568 569/514/569 576/515/576 575/512/575
f 569/514/569 570/516/570 577/517/577 576/515/576
f 570/516/570 571/518/571 578/519/578 577/517/577
f 571/518/571 572/520/572 579/521/579 578/519/578
f 572/520/572 573/522/573 580/523/580 579/521/579
f 574/513/574 575/512/575 582/524/582 581/525/581
f 575/512/575 576/515/576 583/526/583 582/524/582
f 576/515/576 577/517/577 584/527/584 583/526/583
f 577/517/577 578/519/578 585/528/585 584/527/584
f 578/519/578 579/521/579 586/529/586 585/528/585
f 579/521/579 580/523/580 587/530/587 586/529/586
f 581/525/581 582/524/582 589/531/589 588/532/588
f 582/524/582 583/526/583 590/533/590 589/531/589
f 583/526/583 584/527/584 591/534/591 590/533/590
f 584/527/584 585/528/585 592/535/592 591/534/591
f 585/528/585 586/529/586 593/536/593 592/535/592
f 586/529/586 587/530/587 594/537/594 593/536/593
f 588/532/588 589/531/589 596/538/596 595/539/595
f 589/531/589 590/533/590 597/540/597 596/538/596
f 590/533/590 591/534/591 598/541/598 597/540/597
f 591/534/591 592/535/592 599/542/599 598/541/598
f 592/535/592 593/536/593 600/543/600 599/542/599
f 593/536/593 594/537/594 601/544/601 600/543/600
f 595/539/595 596/538/596 603/545/603 602/546/602
f 596/538/596 597/540/597 604/547/604 603/545/603
f 597/540/597 598/541/598 605/548/605 604/547/604
f 598/541/598 599/542/599 606/549/606 605/548/605
f 599/542/599 600/543/600 607/550/607 606/549/606
f 600/543/600 601/544/601 608/551/608 607/550/607
f 602/546/602 603/545/603 610/552/610 609/553/609
f 603/545/603 604/547/604 611/554/611 610/552/610
f 604/547/604 605/548/605 612/555/612 611/554/611
f 605/548/605 606/549/606 613/556/613 612/555/612
f 606/549/606 607/550/607 614/557/614 613/556/613
f 607/550/607 608/551/608 615/558/615 614/557/614
f 10/559/10 111/560/111 567/510/567 118/561/118
f 111/560/111 110/562/110 568/511/568 567/510/567
f 110/562/110 109/563/109 569/514/569 568/511/568
f 109/563/109 108/564/108 570/516/570 569/514/569
f 108/564/108 107/565/107 571/518/571 570/516/570
f 107/565/107 106/566/106 572/520/572 571/518/571
f 106/566/106 105/567/105 573/522/573 572/520/572
f 105/567/105 9/568/9 119/569/119 573/522/573
f 573/522/573 119/569/119 120/570/120 580/523/580
f 580/523/580 120/570/120 121/571/121 587/530/587
f 587/530/587 121/571/121 122/572/122 594/537/594
f 594/537/594 122/572/122 123/573/123 601/544/601
f 601/544/601 123/573/123 124/574/124 608/551/608
f 608/551/608 124/574/124 125/575/125 615/558/615
f 615/558/615 125/575/125 12/257/12 126/255/126
f 614/557/614 615/558/615 126/255/126 127/254/127
f 613/556/613 614/557/614 127/254/127 128/253/128
f 612/555/612 613/556/613 128/253/128 129/252/129
f 611/554/611 612/555/612 129/252/129 130/251/130
f 610/552/610 611/554/611 130/251/130 131/250/131
f 609/553/609 610/552/610 131/250/131 132/249/132
f 112/576/112 609/553/609 132/249/132 11/248/11
f 113/577/113 602/546/602 609/553/609 112/576/112
f 114/578/114 595/539/595 602/546/602 113/577/113
f 115/579/115 588/532/588 595/539/595 114/578/114
f 116/580/116 581/525/581 588/532/588 115/579/115
f 117/581/117 574/513/574 581/525/581 116/580/116
f 118/561/118 567/510/567 574/513/574 117/581/117
f 616/582/616 617/583/617 624/584/624 623/585/623
f 617/583/617 618/586/618 625/587/625 624/584/624
f 618/586/618 619/588/619 626/589/626 625/587/625
f 619/588/619 620/590/620 627/591/627 626/589/626
f 620/590/620 621/592/621 628/593/628 627/591/627
f 621/592/621 622/594/622 629/595/629 628/593/628
f 623/585/623 624/584/624 631/596/631 630/597/630
f 624/584/624 625/587/625 632/598/632 631/596/631
f 625/587/625 626/589/626 633/599/633 632/598/632
f 626/589/626 627/591/627 634/600/634 633/599/633
f 627/591/627 628/593/628 635/601/635 634/600/634
f 628/593/628 629/595/629 636/602/636 635/601/635
f 630/597/630 631/596/631 638/603/638 637/604/637
f 631/596/631 632/598/632 639/605/639 638/603/638
f 632/598/632 633/599/633 640/606/640 639/605/639
f 633/599/633 634/600/634 641/607/641 640/606/640
f 634/600/634 635/601/635 642/608/642 641/607/641
f 635/601/635 636/602/636 643/609/643 642/608/642
f 637/604/637 638/603/638 645/610/645 644/611/644
f 638/603/638 639/605/639 646/612/646 645/610/645
f 639/605/639 640/606/640 647/613/647 646/612/646
f 640/606/640 641/607/641 648/614/648 647/613/647
f 641/607/641 642/608/642 649/615/649 648/614/648
f 642/608/642 643/609/643 650/616/650 649/615/649
f 644/611/644 645/610/645 652/617/652 651/618/651
f 645/610/645 646/612/646 653/619/653 652/617/652
f 646/612/646 647/613/647 654/620/654 653/619/653
f 647/613/647 648/614/648 655/621/655 654/620/654
f 648/614/648 649/615/649 656/622/656 655/621/655
f 649/615/649 650/616/650 657/623/657 656/622/656
f 651/618/651 652/617/652 659/624/659 658/625/658
f 652/617/652 653/619/653 660/626/660 659/624/659
f 653/619/653 654/620/654 661/627/661 660/626/660
f 654/620/654 655/621/655 662/628/662 661/627/661
f 655/621/655 656/622/656 663/629/663 662/628/662
f 656/622/656 657/623/657 664/630/664 663/629/663
f 5/240/5 70/631/70 616/582/616 133/241/133
f 70/413/70 71/412/71 617/632/617 616/633/616
f 71/412/71 72/411/72 618/634/618 617/632/617
f 72/411/72 73/410/73 619/635/619 618/634/618
f 73/636/73 74/637/74 620/590/620 619/588/619
f 74/637/74 75/638/75 621/592/621 620/590/620
f 75/638/75 76/405/76 622/594/622 621/592/621
f 76/405/76 7/404/7 147/639/147 622/594/622
f 622/594/622 147/639/147 148/640/148 629/595/629
f 629/595/629 148/640/148 149/641/149 636/602/636
f 636/602/636 149/641/149 150/642/150 643/609/643
f 643/609/643 150/642/150 151/643/151 650/616/650
f 650/616/650 151/643/151 152/644/152 657/623/657
f 657/623/657 152/644/152 153/645/153 664/630/664
f 664/630/664 153/645/153 10/559/10 118/561/118
f 663/629/663 664/630/664 118/561/118 117/581/117
f 662/628/662 663/629/663 117/581/117 116/580/116
f 661/627/661 662/628/662 116/580/116 115/579/115
f 660/626/660 661/627/661 115/579/115 114/578/114
f 659/624/659 660/626/660 114/578/114 113/577/113
f 658/625/658 659/624/659 113/577/113 112/576/112
f 139/247/139 658/625/658 112/576/112 11/248/11
f 138/246/138 651/618/651 658/625/658 139/247/139
f 137/245/137 644/611/644 651/618/651 138/246/138
f 136/244/136 637/604/637 644/611/644 137/245/137
f 135/243/135 630/597/630 637/604/637 136/244/136
f 134/242/134 623/585/623 630/597/630 135/243/135
f 133/241/133 616/582/616 623/585/623 134/242/134
f 665/646/665 666/647/666 673/648/673 672/649/672
f 666/647/666 667/650/667 674/651/674 673/648/673
f 667/650/667 668/652/668 675/653/675 674/651/674
f 668/652/668 669/654/669 676/655/676 675/653/675
f 669/654/669 670/656/670 677/657/677 676/655/676
f 670/656/670 671/658/671 678/659/678 677/657/677
f 672/649/672 673/648/673 680/660/680 679/661/679
f 673/648/673 674/651/674 681/662/681 680/660/680
f 674/651/674 675/653/675 682/663/682 681/662/681
f 675/653/675 676/655/676 683/664/683 682/663/682
f 676/655/676 677/657/677 684/665/684 683/664/683
f 677/657/677 678/659/678 685/666/685 684/665/684
f 679/667/679 680/668/680 687/669/687 686/670/686
f 680/660/680 681/662/681 688/671/688 687/672/687
f 681/662/681 682/663/682 689/673/689 688/671/688
f 682/663/682 683/664/683 690/674/690 689/673/689
f 683/675/683 684/676/684 691/677/691 690/678/690
f 684/676/684 685/679/685 692/680/692 691/677/691
f 686/670/686 687/669/687 694/681/694 693/682/693
f 687/669/687 688/683/688 695/684/695 694/681/694
f 688/683/688 689/685/689 696/686/696 695/684/695
f 689/685/689 690/678/690 697/687/697 696/686/696
f 690/678/690 691/677/691 698/688/698 697/687/697
f 691/677/691 692/680/692 699/689/699 698/688/698
f 693/682/693 694/681/694 701/690/701 700/691/700
f 694/681/694 695/684/695 702/692/702 701/690/701
f 695/684/695 696/686/696 703/693/703 702/692/702
f 696/686/696 697/687/697 704/694/704 703/693/703
f 697/687/697 698/688/698 705/695/705 704/694/704
f 698/688/698 699/689/699 706/696/706 705/695/705
f 700/691/700 701/690/701 708/697/708 707/698/707
f 701/690/701 702/692/702 709/699/709 708/697/708
f 702/692/702 703/693/703 710/700/710 709/699/709
f 703/693/703 704/694/704 711/701/711 710/700/710
f 704/694/704 705/695/705 712/702/712 711/701/711
f 705/695/705 706/696/706 713/703/713 712/702/712
f 8/704/8 77/705/77 665/646/665 160/706/160
f 77/705/77 78/707/78 666/647/666 665/646/665
f 78/707/78 79/708/79 667/650/667 666/647/666
f 79/708/79 80/709/80 668/652/668 667/650/667
f 80/709/80 81/710/81 669/654/669 668/652/668
f 81/710/81 82/711/82 670/656/670 669/654/669
f 82/711/82 83/712/83 671/658/671 670/656/670
f 83/712/83 6/713/6 146/714/146 671/658/671
f 671/658/671 146/714/146 145/715/145 678/659/678
f 678/716/678 145/262/145 144/261/144 685/679/685
f 685/679/685 144/261/144 143/260/143 692/680/692
f 692/680/692 143/260/143 142/259/142 699/689/699
f 699/689/699 142/259/142 141/258/141 706/696/706
f 706/696/706 141/258/141 140/256/140 713/703/713
f 713/703/713 140/256/140 12/257/12 125/575/125
f 712/702/712 713/703/713 125/575/125 124/574/124
f 711/701/711 712/702/712 124/574/124 123/573/123
f 710/700/710 711/701/711 123/573/123 122/572/122
f 709/699/709 710/700/710 122/572/122 121/571/121
f 708/697/708 709/699/709 121/571/121 120/570/120
f 707/698/707 708/697/708 120/570/120 119/569/119
f 154/717/154 707/698/707 119/569/119 9/568/9
f 155/718/155 700/691/700 707/698/707 154/717/154
f 156/719/156 693/682/693 700/691/700 155/718/155
f 157/720/157 686/670/686 693/682/693 156/719/156
f 158/721/158 679/667/679 686/670/686 157/720/157
f 159/722/159 672/649/672 679/661/679 158/723/158
f 160/706/160 665/646/665 672/649/672 159/722/159
f 714/724/714 715/725/715 722/726/722 721/727/721
f 715/725/715 716/728/716 723/729/723 722/726/722
f 716/730/716 717/731/717 724/732/724 723/733/723
f 717/731/717 718/734/718 725/735/725 724/732/724
f 718/734/718 719/736/719 726/737/726 725/735/725
f 719/736/719 720/738/720 727/739/727 726/737/726
f 721/727/721 722/726/722 729/740/729 728/741/728
f 722/726/722 723/729/723 730/742/730 729/740/729
f 723/729/723 724/743/724 731/744/731 730/742/730
f 724/743/724 725/745/725 732/746/732 731/744/731
f 725/745/725 726/747/726 733/748/733 732/746/732
f 726/747/726 727/749/727 734/750/734 733/748/733
f 728/741/728 729/740/729 736/751/736 735/752/735
f 729/740/729 730/742/730 737/753/737 736/751/736
f 730/742/730 731/744/731 738/754/738 737/753/737
f 731/744/731 732/746/732 739/755/739 738/754/738
f 732/746/732 733/748/733 740/756/740 739/755/739
f 733/748/733 734/750/734 741/757/741 740/756/740
f 735/752/735 736/751/736 743/758/743 742/759/742
f 736/751/736 737/753/737 744/760/744 743/758/743
f 737/753/737 738/754/738 745/761/745 744/760/744
f 738/754/738 739/755/739 746/762/746 745/761/745
f 739/755/739 740/756/740 747/763/747 746/762/746
f 740/756/740 741/757/741 748/764/748 747/763/747
f 742/759/742 743/758/743 750/765/750 749/766/749
f 743/758/743 744/760/744 751/767/751 750/765/750
f 744/760/744 745/761/745 752/768/752 751/767/751
f 745/761/745 746/762/746 753/769/753 752/768/752
f 746/762/746 747/763/747 754/770/754 753/769/753
f 747/763/747 748/764/748 755/771/755 754/770/754
f 749/766/749 750/765/750 757/772/757 756/773/756
f 750/765/750 751/767/751 758/774/758 757/772/757
f 751/767/751 752/768/752 759/775/759 758/774/758
f 752/768/752 753/769/753 760/776/760 759/775/759
f 753/769/753 754/770/754 761/777/761 760/776/760
f 754/770/754 755/771/755 762/778/762 761/777/761
f 7/404/7 69/779/69 714/724/714 147/639/147
f 69/165/69 68/164/68 715/780/715 714/781/714
f 68/164/68 67/163/67 716/730/716 715/780/715
f 67/163/67 66/162/66 717/731/717 716/730/716
f 66/162/66 65/161/65 718/734/718 717/731/717
f 65/161/65 64/160/64 719/736/719 718/734/718
f 64/160/64 63/159/63 720/738/720 719/736/719
f 63/159/63 8/158/8 160/782/160 720/738/720
f 720/783/720 160/706/160 159/722/159 727/784/727
f 727/749/727 159/785/159 158/721/158 734/750/734
f 734/750/734 158/721/158 157/720/157 741/757/741
f 741/757/741 157/720/157 156/719/156 748/764/748
f 748/764/748 156/719/156 155/718/155 755/771/755
f 755/771/755 155/718/155 154/717/154 762/778/762
f 762/778/762 154/717/154 9/568/9 105/567/105
f 761/777/761 762/778/762 105/567/105 106/566/106
f 760/776/760 761/777/761 106/566/106 107/565/107
f 759/775/759 760/776/760 107/565/107 108/564/108
f 758/774/758 759/775/759 108/564/108 109/563/109
f 757/772/757 758/774/758 109/563/109 110/562/110
f 756/773/756 757/772/757 110/562/110 111/560/111
f 153/645/153 756/773/756 111/560/111 10/559/10
f 152/644/152 749/766/749 756/773/756 153/645/153
f 151/643/151 742/759/742 749/766/749 152/644/152
f 150/642/150 735/752/735 742/759/742 151/643/151
f 149/641/149 728/741/728 735/752/735 150/642/150
f 148/640/148 721/727/721 728/741/728 149/641/149
f 147/639/147 714/724/714 721/727/721 148/640/148
f 763/786/763 764/787/764 771/788/771 770/789/770
f 764/787/764 765/790/765 772/791/772 771/788/771
f 765/790/765 766/792/766 773/793/773 772/791/772
f 766/792/766 767/794/767 774/795/774 773/793/773
f 767/794/767 768/796/768 775/797/775 774/795/774
f 768/796/768 769/798/769 776/799/776 775/797/775
f 770/789/770 771/788/771 778/800/778 777/801/777
f 771/788/771 772/791/772 779/802/779 778/800/778
f 772/791/772 773/793/773 780/803/780 779/802/779
f 773/793/773 774/795/774 781/804/781 780/803/780
f 774/795/774 775/797/775 782/805/782 781/804/781
f 775/797/775 776/799/776 783/806/783 782/805/782
f 777/801/777 778/800/778 785/807/785 784/808/784
f 778/800/778 779/802/779 786/809/786 785/807/785
f 779/802/779 780/803/780 787/810/787 786/809/786
f 780/803/780 781/804/781 788/811/788 787/810/787
f 781/804/781 782/805/782 789/812/789 788/811/788
f 782/805/782 783/806/783 790/813/790 789/812/789
f 784/808/784 785/807/785 792/814/792 791/815/791
f 785/807/785 786/809/786 793/816/793 792/814/792
f 786/809/786 787/810/787 794/817/794 793/816/793
f 787/810/787 788/811/788 795/818/795 794/817/794
f 788/811/788 789/812/789 796/819/796 795/818/795
f 789/812/789 790/813/790 797/820/797 796/819/796
f 791/815/791 792/814/792 799/821/799 798/822/798
f 792/814/792 793/816/793 800/823/800 799/821/799
f 793/816/793 794/817/794 801/824/801 800/823/800
f 794/817/794 795/818/795 802/825/802 801/824/801
f 795/818/795 796/819/796 803/826/803 802/825/802
f 796/819/796 797/820/797 804/827/804 803/826/803
f 798/822/798 799/821/799 806/828/806 805/829/805
f 799/821/799 800/823/800 807/830/807 806/828/806
f 800/823/800 801/824/801 808/831/808 807/830/807
f 801/824/801 802/825/802 809/832/809 808/831/808
f 802/825/802 803/826/803 810/833/810 809/832/809
f 803/826/803 804/827/804 811/834/811 810/833/810
f 14/835/14 168/836/168 763/786/763 167/837/167
f 168/836/168 169/838/169 764/787/764 763/786/763
f 169/838/169 170/839/170 765/790/765 764/787/764
f 170/839/170 171/840/171 766/792/766 765/790/765
f 171/840/171 172/841/172 767/794/767 766/792/766
f 172/841/172 173/842/173 768/796/768 767/794/767
f 173/842/173 174/843/174 769/798/769 768/796/768
f 174/843/174 15/844/15 175/845/175 769/798/769
f 769/798/769 175/845/175 176/846/176 776/799/776
f 776/799/776 176/846/176 177/847/177 783/806/783
f 783/806/783 177/847/177 178/848/178 790/813/790
f 790/813/790 178/848/178 179/849/179 797/820/797
f 797/820/797 179/849/179 180/850/180 804/827/804
f 804/827/804 180/850/180 181/851/181 811/834/811
f 811/834/811 181/851/181 16/85/16 182/83/182
f 810/833/810 811/834/811 182/83/182 183/82/183
f 809/832/809 810/833/810 183/82/183 184/81/184
f 808/831/808 809/832/809 184/81/184 185/80/185
f 807/830/807 808/831/808 185/80/185 186/79/186
f 806/828/806 807/830/807 186/79/186 187/78/187
f 805/829/805 806/828/806 187/78/187 188/77/188
f 161/852/161 805/829/805 188/77/188 13/76/13
f 162/853/162 798/822/798 805/829/805 161/852/161
f 163/854/163 791/815/791 798/822/798 162/853/162
f 164/855/164 784/808/784 791/815/791 163/854/163
f 165/856/165 777/801/777 784/808/784 164/855/164
f 166/857/166 770/789/770 777/801/777 165/856/165
f 167/837/167 763/786/763 770/789/770 166/857/166
f 812/858/812 813/859/813 820/860/820 819/861/819
f 813/859/813 814/862/814 821/863/821 820/860/820
f 814/864/814 815/865/815 822/866/822 821/867/821
f 815/865/815 816/868/816 823/869/823 822/866/822
f 816/868/816 817/870/817 824/871/824 823/869/823
f 817/870/817 818/872/818 825/873/825 824/871/824
f 819/861/819 820/860/820 827/874/827 826/875/826
f 820/860/820 821/863/821 828/876/828 827/874/827
f 821/863/821 822/877/822 829/878/829 828/876/828
f 822/877/822 823/879/823 830/880/830 829/878/829
f 823/879/823 824/881/824 831/882/831 830/880/830
f 824/881/824 825/883/825 832/884/832 831/882/831
f 826/875/826 827/874/827 834/885/834 833/886/833
f 827/874/827 828/876/828 835/887/835 834/885/834
f 828/876/828 829/878/829 836/888/836 835/887/835
f 829/878/829 830/880/830 837/889/837 836/888/836
f 830/880/830 831/882/831 838/890/838 837/889/837
f 831/882/831 832/884/832 839/891/839 838/890/838
f 833/886/833 834/885/834 841/892/841 840/893/840
f 834/885/834 835/887/835 842/894/842 841/892/841
f 835/887/835 836/888/836 843/895/843 842/894/842
f 836/888/836 837/889/837 844/896/844 843/895/843
f 837/889/837 838/890/838 845/897/845 844/896/844
f 838/890/838 839/891/839 846/898/846 845/897/845
f 840/893/840 841/892/841 848/899/848 847/900/847
f 841/892/841 842/894/842 849/901/849 848/899/848
f 842/894/842 843/895/843 850/902/850 849/901/849
f 843/895/843 844/896/844 851/903/851 850/902/850
f 844/896/844 845/897/845 852/904/852 851/903/851
f 845/897/845 846/898/846 853/905/853 852/904/852
f 847/900/847 848/899/848 855/906/855 854/907/854
f 848/899/848 849/901/849 856/908/856 855/906/855
f 849/901/849 850/902/850 857/909/857 856/908/856
f 850/902/850 851/903/851 858/910/858 857/909/857
f 851/903/851 852/904/852 859/911/859 858/910/858
f 852/904/852 853/905/853 860/912/860 859/911/859
f 1/913/1 28/914/28 812/858/812 216/915/216
f 28/337/28 29/336/29 813/916/813 812/917/812
f 29/336/29 30/335/30 814/864/814 813/916/813
f 30/335/30 31/334/31 815/865/815 814/864/814
f 31/334/31 32/333/32 816/868/816 815/865/815
f 32/333/32 33/332/33 817/870/817 816/868/816
f 33/332/33 34/331/34 818/872/818 817/870/817
f 34/331/34 2/330/2 203/918/203 818/872/818
f 818/872/818 203/918/203 204/919/204 825/873/825
f 825/883/825 204/920/204 205/921/205 832/884/832
f 832/884/832 205/921/205 206/922/206 839/891/839
f 839/891/839 206/922/206 207/923/207 846/898/846
f 846/898/846 207/923/207 208/924/208 853/905/853
f 853/905/853 208/924/208 209/925/209 860/912/860
f 860/912/860 209/925/209 15/844/15 174/843/174
f 859/911/859 860/912/860 174/843/174 173/842/173
f 858/910/858 859/911/859 173/842/173 172/841/172
f 857/909/857 858/910/858 172/841/172 171/840/171
f 856/908/856 857/909/857 171/840/171 170/839/170
f 855/906/855 856/908/856 170/839/170 169/838/169
f 854/907/854 855/906/855 169/838/169 168/836/168
f 210/926/210 854/907/854 168/836/168 14/835/14
f 211/927/211 847/900/847 854/907/854 210/926/210
f 212/928/212 840/893/840 847/900/847 211/927/211
f 213/929/213 833/886/833 840/893/840 212/928/212
f 214/930/214 826/875/826 833/886/833 213/929/213
f 215/931/215 819/861/819 826/875/826 214/930/214
f 216/915/216 812/858/812 819/861/819 215/931/215
f 861/932/861 862/933/862 869/934/869 868/935/868
f 862/933/862 863/936/863 870/937/870 869/934/869
f 863/936/863 864/938/864 871/939/871 870/937/870
f 864/938/864 865/940/865 872/941/872 871/939/871
f 865/940/865 866/942/866 873/943/873 872/941/872
f 866/942/866 867/944/867 874/945/874 873/943/873
f 868/946/868 869/947/869 876/948/876 875/949/875
f 869/947/869 870/950/870 877/951/877 876/948/876
f 870/950/870 871/952/871 878/953/878 877/951/877
f 871/952/871 872/954/872 879/955/879 878/953/878
f 872/954/872 873/956/873 880/957/880 879/955/879
f 873/956/873 874/958/874 881/959/881 880/957/880
f 875/949/875 876/948/876 883/960/883 882/961/882
f 876/948/876 877/951/877 884/962/884 883/960/883
f 877/951/877 878/953/878 885/963/885 884/962/884
f 878/953/878 879/955/879 886/964/886 885/963/885
f 879/955/879 880/957/880 887/965/887 886/964/886
f 880/957/880 881/959/881 888/966/888 887/965/887
f 882/961/882 883/960/883 890/967/890 889/968/889
f 883/960/883 884/962/884 891/969/891 890/967/890
f 884/962/884 885/963/885 892/970/892 891/969/891
f 885/963/885 886/964/886 893/971/893 892/970/892
f 886/964/886 887/965/887 894/972/894 893/971/893
f 887/965/887 888/966/888 895/973/895 894/972/894
f 889/968/889 890/967/890 897/974/897 896/975/896
f 890/967/890 891/969/891 898/976/898 897/974/897
f 891/969/891 892/970/892 899/977/899 898/976/898
f 892/970/892 893/971/893 900/978/900 899/977/899
f 893/971/893 894/972/894 901/979/901 900/978/900
f 894/972/894 895/973/895 902/980/902 901/979/901
f 896/975/896 897/974/897 904/981/904 903/982/903
f 897/974/897 898/976/898 905/983/905 904/981/904
f 898/976/898 899/977/899 906/984/906 905/983/905
f 899/977/899 900/978/900 907/985/907 906/984/906
f 900/978/900 901/979/901 908/986/908 907/985/907
f 901/979/901 902/980/902 909/987/909 908/986/908
f 2/495/2 35/494/35 861/932/861 203/988/203
f 35/494/35 36/493/36 862/933/862 861/932/861
f 36/493/36 37/492/37 863/936/863 862/933/862
f 37/492/37 38/491/38 864/938/864 863/936/863
f 38/491/38 39/490/39 865/940/865 864/938/864
f 39/490/39 40/489/40 866/942/866 865/940/865
f 40/489/40 41/488/41 867/944/867 866/942/866
f 41/488/41 4/487/4 202/989/202 867/944/867
f 867/990/867 202/991/202 201/90/201 874/958/874
f 874/958/874 201/90/201 200/89/200 881/959/881
f 881/959/881 200/89/200 199/88/199 888/966/888
f 888/966/888 199/88/199 198/87/198 895/973/895
f 895/973/895 198/87/198 197/86/197 902/980/902
f 902/980/902 197/86/197 196/84/196 909/987/909
f 909/987/909 196/84/196 16/85/16 181/851/181
f 908/986/908 909/987/909 181/851/181 180/850/180
f 907/985/907 908/986/908 180/850/180 179/849/179
f 906/984/906 907/985/907 179/849/179 178/848/178
f 905/983/905 906/984/906 178/848/178 177/847/177
f 904/981/904 905/983/905 177/847/177 176/846/176
f 903/982/903 904/981/904 176/846/176 175/845/175
f 209/925/209 903/982/903 175/845/175 15/844/15
f 208/924/208 896/975/896 903/982/903 209/925/209
f 207/923/207 889/968/889 896/975/896 208/924/208
f 206/922/206 882/961/882 889/968/889 207/923/207
f 205/921/205 875/949/875 882/961/882 206/922/206
f 204/920/204 868/946/868 875/949/875 205/921/205
f 203/992/203 861/993/861 868/946/868 204/920/204
f 910/994/910 911/995/911 918/996/918 917/997/917
f 911/995/911 912/998/912 919/999/919 918/996/918
f 912/998/912 913/1000/913 920/1001/920 919/999/919
f 913/1000/913 914/1002/914 921/1003/921 920/1001/920
f 914/1002/914 915/1004/915 922/1005/922 921/1003/921
f 915/1004/915 916/1006/916 923/1007/923 922/1005/922
f 917/997/917 918/996/918 925/1008/925 924/1009/924
f 918/996/918 919/999/919 926/1010/926 925/1008/925
f 919/999/919 920/1001/920 927/1011/927 926/1010/926
f 920/1001/920 921/1003/921 928/1012/928 927/1011/927
f 921/1003/921 922/1005/922 929/1013/929 928/1012/928
f 922/1005/922 923/1007/923 930/1014/930 929/1013/929
f 924/1009/924 925/1008/925 932/1015/932 931/1016/931
f 925/1008/925 926/1010/926 933/1017/933 932/1015/932
f 926/1010/926 927/1011/927 934/1018/934 933/1017/933
f 927/1011/927 928/1012/928 935/1019/935 934/1018/934
f 928/1012/928 929/1013/929 936/1020/936 935/1019/935
f 929/1013/929 930/1014/930 937/1021/937 936/1020/936
f 931/1016/931 932/1015/932 939/1022/939 938/1023/938
f 932/1015/932 933/1017/933 940/1024/940 939/1022/939
f 933/1017/933 934/1018/934 941/1025/941 940/1024/940
f 934/1018/934 935/1019/935 942/1026/942 941/1025/941
f 935/1019/935 936/1020/936 943/1027/943 942/1026/942
f 936/1020/936 937/1021/937 944/1028/944 943/1027/943
f 938/1023/938 939/1022/939 946/1029/946 945/1030/945
f 939/1022/939 940/1024/940 947/1031/947 946/1029/946
f 940/1024/940 941/1025/941 948/1032/948 947/1031/947
f 941/1025/941 942/1026/942 949/1033/949 948/1032/948
f 942/1026/942 943/1027/943 950/1034/950 949/1033/949
f 943/1027/943 944/1028/944 951/1035/951 950/1034/950
f 945/1030/945 946/1029/946 953/1036/953 952/1037/952
f 946/1029/946 947/1031/947 954/1038/954 953/1036/953
f 947/1031/947 948/1032/948 955/1039/955 954/1038/954
f 948/1032/948 949/1033/949 956/1040/956 955/1039/955
f 949/1033/949 950/1034/950 957/1041/957 956/1040/956
f 950/1034/950 951/1035/951 958/1042/958 957/1041/957
f 3/68/3 21/1043/21 910/994/910 189/69/189
f 21/1043/21 22/1044/22 911/995/911 910/994/910
f 22/1044/22 23/1045/23 912/998/912 911/995/911
f 23/1046/23 24/1047/24 913/1048/913 912/1049/912
f 24/1047/24 25/1050/25 914/1051/914 913/1048/913
f 25/1050/25 26/1052/26 915/1053/915 914/1051/914
f 26/1052/26 27/1054/27 916/1055/916 915/1053/915
f 27/1056/27 1/913/1 216/915/216 916/1006/916
f 916/1006/916 216/915/216 215/931/215 923/1007/923
f 923/1007/923 215/931/215 214/930/214 930/1014/930
f 930/1014/930 214/930/214 213/929/213 937/1021/937
f 937/1021/937 213/929/213 212/928/212 944/1028/944
f 944/1028/944 212/928/212 211/927/211 951/1035/951
f 951/1035/951 211/927/211 210/926/210 958/1042/958
f 958/1042/958 210/926/210 14/835/14 167/837/167
f 957/1041/957 958/1042/958 167/837/167 166/857/166
f 956/1040/956 957/1041/957 166/857/166 165/856/165
f 955/1039/955 956/1040/956 165/856/165 164/855/164
f 954/1038/954 955/1039/955 164/855/164 163/854/163
f 953/1036/953 954/1038/954 163/854/163 162/853/162
f 952/1037/952 953/1036/953 162/853/162 161/852/161
f 195/75/195 952/1037/952 161/852/161 13/76/13
f 194/74/194 945/1030/945 952/1037/952 195/75/195
f 193/73/193 938/1023/938 945/1030/945 194/74/194
f 192/72/192 931/1016/931 938/1023/938 193/73/193
f 191/71/191 924/1009/924 931/1016/931 192/72/192
f 190/70/190 917/997/917 924/1009/924 191/71/191
f 189/69/189 910/994/910 917/997/917 190/70/190
f 959/1057/959 960/1058/960 967/1059/967 966/1060/966
f 960/1058/960 961/1061/961 968/1062/968 967/1059/967
f 961/1061/961 962/1063/962 969/1064/969 968/1062/968
f 962/1063/962 963/1065/963 970/1066/970 969/1064/969
f 963/1065/963 964/1067/964 971/1068/971 970/1066/970
f 964/1067/964 965/1069/965 972/1070/972 971/1068/971
f 966/1060/966 967/1059/967 974/1071/974 973/1072/973
f 967/1059/967 968/1062/968 975/1073/975 974/1071/974
f 968/1062/968 969/1064/969 976/1074/976 975/1073/975
f 969/1064/969 970/1066/970 977/1075/977 976/1074/976
f 970/1066/970 971/1068/971 978/1076/978 977/1075/977
f 971/1068/971 972/1070/972 979/1077/979 978/1076/978
f 973/1072/973 974/1071/974 981/1078/981 980/1079/980
f 974/1071/974 975/1073/975 982/1080/982 981/1078/981
f 975/1073/975 976/1074/976 983/1081/983 982/1080/982
f 976/1074/976 977/1075/977 984/1082/984 983/1081/983
f 977/1075/977 978/1076/978 985/1083/985 984/1082/984
f 978/1076/978 979/1077/979 986/1084/986 985/1083/985
f 980/1079/980 981/1078/981 988/1085/988 987/1086/987
f 981/1078/981 982/1080/982 989/1087/989 988/1085/988
f 982/1080/982 983/1081/983 990/1088/990 989/1087/989
f 983/1081/983 984/1082/984 991/1089/991 990/1088/990
f 984/1082/984 985/1083/985 992/1090/992 991/1089/991
f 985/1083/985 986/1084/986 993/1091/993 992/1090/992
f 987/1086/987 988/1085/988 995/1092/995 994/1093/994
f 988/1085/988 989/1087/989 996/1094/996 995/1092/995
f 989/1087/989 990/1088/990 997/1095/997 996/1094/996
f 990/1088/990 991/1089/991 998/1096/998 997/1095/997
f 991/1089/991 992/1090/992 999/1097/999 998/1096/998
f 992/1090/992 993/1091/993 1000/1098/1000 999/1097/999
f 994/1093/994 995/1092/995 1002/1099/1002 1001/1100/1001
f 995/1092/995 996/1094/996 1003/1101/1003 1002/1099/1002
f 996/1094/996 997/1095/997 1004/1102/1004 1003/1101/1003
f 997/1095/997 998/1096/998 1005/1103/1005 1004/1102/1004
f 998/1096/998 999/1097/999 1006/1104/1006 1005/1103/1005
f 999/1097/999 1000/1098/1000 1007/1105/1007 1006/1104/1006
f 8/704/8 62/1106/62 959/1057/959 77/705/77
f 62/1106/62 61/1107/61 960/1058/960 959/1057/959
f 61/1107/61 60/1108/60 961/1061/961 960/1058/960
f 60/1108/60 59/1109/59 962/1063/962 961/1061/961
f 59/1109/59 58/1110/58 963/1065/963 962/1063/962
f 58/1110/58 57/1111/57 964/1067/964 963/1065/963
f 57/1111/57 56/1112/56 965/1069/965 964/1067/964
f 56/1112/56 18/478/18 245/480/245 965/1069/965
f 965/1069/965 245/480/245 246/509/246 972/1070/972
f 972/1070/972 246/509/246 247/508/247 979/1077/979
f 979/1077/979 247/508/247 248/507/248 986/1084/986
f 986/1084/986 248/507/248 249/506/249 993/1091/993
f 993/1091/993 249/506/249 250/505/250 1000/1098/1000
f 1000/1098/1000 250/505/250 251/503/251 1007/1105/1007
f 1007/1105/1007 251/503/251 20/504/20 244/1113/244
f 1006/1104/1006 1007/1105/1007 244/1113/244 243/1114/243
f 1005/1103/1005 1006/1104/1006 243/1114/243 242/1115/242
f 1004/1102/1004 1005/1103/1005 242/1115/242 241/1116/241
f 1003/1101/1003 1004/1102/1004 241/1116/241 240/1117/240
f 1002/1099/1002 1003/1101/1003 240/1117/240 239/1118/239
f 1001/1100/1001 1002/1099/1002 239/1118/239 238/1119/238
f 83/712/83 1001/1100/1001 238/1119/238 6/713/6
f 82/711/82 994/1093/994 1001/1100/1001 83/712/83
f 81/710/81 987/1086/987 994/1093/994 82/711/82
f 80/709/80 980/1079/980 987/1086/987 81/710/81
f 79/708/79 973/1072/973 980/1079/980 80/709/80
f 78/707/78 966/1060/966 973/1072/973 79/708/79
f 77/705/77 959/1057/959 966/1060/966 78/707/78
f 1008/1120/1008 1009/1121/1009 1016/1122/1016 1015/1123/1015
f 1009/1121/1009 1010/1124/1010 1017/1125/1017 1016/1122/1016
f 1010/1124/1010 1011/1126/1011 1018/1127/1018 1017/1125/1017
f 1011/1126/1011 1012/1128/1012 1019/1129/1019 1018/1127/1018
f 1012/1128/1012 1013/1130/1013 1020/1131/1020 1019/1129/1019
f 1013/1130/1013 1014/1132/1014 1021/1133/1021 1020/1131/1020
f 1015/1123/1015 1016/1122/1016 1023/1134/1023 1022/1135/1022
f 1016/1122/1016 1017/1125/1017 1024/1136/1024 1023/1134/1023
f 1017/1125/1017 1018/1127/1018 1025/1137/1025 1024/1136/1024
f 1018/1127/1018 1019/1129/1019 1026/1138/1026 1025/1137/1025
f 1019/1129/1019 1020/1131/1020 1027/1139/1027 1026/1138/1026
f 1020/1131/1020 1021/1133/1021 1028/1140/1028 1027/1139/1027
f 1022/1135/1022 1023/1134/1023 1030/1141/1030 1029/1142/1029
f 1023/1134/1023 1024/1136/1024 1031/1143/1031 1030/1141/1030
f 1024/1136/1024 1025/1137/1025 1032/1144/1032 1031/1143/1031
f 1025/1137/1025 1026/1138/1026 1033/1145/1033 1032/1144/1032
f 1026/1138/1026 1027/1139/1027 1034/1146/1034 1033/1145/1033
f 1027/1139/1027 1028/1140/1028 1035/1147/1035 1034/1146/1034
f 1029/1142/1029 1030/1141/1030 1037/1148/1037 1036/1149/1036
f 1030/1141/1030 1031/1143/1031 1038/1150/1038 1037/1148/1037
f 1031/1143/1031 1032/1144/1032 1039/1151/1039 1038/1150/1038
f 1032/1144/1032 1033/1145/1033 1040/1152/1040 1039/1151/1039
f 1033/1145/1033 1034/1146/1034 1041/1153/1041 1040/1152/1040
f 1034/1146/1034 1035/1147/1035 1042/1154/1042 1041/1153/1041
f 1036/1149/1036 1037/1148/1037 1044/1155/1044 1043/1156/1043
f 1037/1148/1037 1038/1150/1038 1045/1157/1045 1044/1155/1044
f 1038/1150/1038 1039/1151/1039 1046/1158/1046 1045/1157/1045
f 1039/1151/1039 1040/1152/1040 1047/1159/1047 1046/1158/1046
f 1040/1152/1040 1041/1153/1041 1048/1160/1048 1047/1159/1047
f 1041/1153/1041 1042/1154/1042 1049/1161/1049 1048/1160/1048
f 1043/1156/1043 1044/1155/1044 1051/1162/1051 1050/1163/1050
f 1044/1155/1044 1045/1157/1045 1052/1164/1052 1051/1162/1051
f 1045/1157/1045 1046/1158/1046 1053/1165/1053 1052/1164/1052
f 1046/1158/1046 1047/1159/1047 1054/1166/1054 1053/1165/1053
f 1047/1159/1047 1048/1160/1048 1055/1167/1055 1054/1166/1054
f 1048/1160/1048 1049/1161/1049 1056/1168/1056 1055/1167/1055
f 3/68/3 55/1169/55 1008/1170/1008 21/1043/21
f 55/1171/55 54/1172/54 1009/1121/1009 1008/1120/1008
f 54/1172/54 53/1173/53 1010/1124/1010 1009/1121/1009
f 53/1173/53 52/1174/52 1011/1126/1011 1010/1124/1010
f 52/1174/52 51/1175/51 1012/1128/1012 1011/1126/1011
f 51/1175/51 50/1176/50 1013/1130/1013 1012/1128/1012
f 50/1176/50 49/1177/49 1014/1132/1014 1013/1130/1013
f 49/1177/49 17/394/17 252/396/252 1014/1132/1014
f 1014/1132/1014 252/396/252 253/428/253 1021/1133/1021
f 1021/1133/1021 253/428/253 254/427/254 1028/1140/1028
f 1028/1140/1028 254/427/254 255/426/255 1035/1147/1035
f 1035/1147/1035 255/426/255 256/425/256 1042/1154/1042
f 1042/1154/1042 256/425/256 257/424/257 1049/1161/1049
f 1049/1161/1049 257/424/257 258/422/258 1056/1168/1056
f 1056/1168/1056 258/422/258 19/423/19 237/1178/237
f 1055/1167/1055 1056/1168/1056 237/1178/237 236/1179/236
f 1054/1166/1054 1055/1167/1055 236/1179/236 235/1180/235
f 1053/1165/1053 1054/1166/1054 235/1180/235 234/1181/234
f 1052/1164/1052 1053/1165/1053 234/1181/234 233/1182/233
f 1051/1162/1051 1052/1164/1052 233/1182/233 232/1183/232
f 1050/1163/1050 1051/1162/1051 232/1183/232 231/1184/231
f 27/1054/27 1050/1163/1050 231/1184/231 1/1185/1
f 26/1052/26 1043/1156/1043 1050/1163/1050 27/1054/27
f 25/1050/25 1036/1149/1036 1043/1156/1043 26/1052/26
f 24/1047/24 1029/1142/1029 1036/1149/1036 25/1050/25
f 23/1046/23 1022/1135/1022 1029/1142/1029 24/1047/24
f 22/1186/22 1015/1123/1015 1022/1135/1022 23/1046/23
f 21/1187/21 1008/1120/1008 1015/1123/1015 22/1186/22
f 1057/1188/1057 1058/1189/1058 1065/1190/1065 1064/1191/1064
f 1058/1189/1058 1059/1192/1059 1066/1193/1066 1065/1190/1065
f 1059/1192/1059 1060/1194/1060 1067/1195/1067 1066/1193/1066
f 1060/1194/1060 1061/1196/1061 1068/1197/1068 1067/1195/1067
f 1061/1196/1061 1062/1198/1062 1069/1199/1069 1068/1197/1068
f 1062/1198/1062 1063/1200/1063 1070/1201/1070 1069/1199/1069
f 1064/1191/1064 1065/1190/1065 1072/1202/1072 1071/1203/1071
f 1065/1190/1065 1066/1193/1066 1073/1204/1073 1072/1202/1072
f 1066/1193/1066 1067/1195/1067 1074/1205/1074 1073/1204/1073
f 1067/1195/1067 1068/1197/1068 1075/1206/1075 1074/1205/1074
f 1068/1197/1068 1069/1199/1069 1076/1207/1076 1075/1206/1075
f 1069/1199/1069 1070/1201/1070 1077/1208/1077 1076/1207/1076
f 1071/1203/1071 1072/1202/1072 1079/1209/1079 1078/1210/1078
f 1072/1202/1072 1073/1204/1073 1080/1211/1080 1079/1209/1079
f 1073/1204/1073 1074/1205/1074 1081/1212/1081 1080/1211/1080
f 1074/1205/1074 1075/1206/1075 1082/1213/1082 1081/1212/1081
f 1075/1206/1075 1076/1207/1076 1083/1214/1083 1082/1213/1082
f 1076/1207/1076 1077/1208/1077 1084/1215/1084 1083/1214/1083
f 1078/1210/1078 1079/1209/1079 1086/1216/1086 1085/1217/1085
f 1079/1209/1079 1080/1211/1080 1087/1218/1087 1086/1216/1086
f 1080/1211/1080 1081/1212/1081 1088/1219/1088 1087/1218/1087
f 1081/1212/1081 1082/1213/1082 1089/1220/1089 1088/1219/1088
f 1082/1213/1082 1083/1214/1083 1090/1221/1090 1089/1220/1089
f 1083/1214/1083 1084/1215/1084 1091/1222/1091 1090/1221/1090
f 1085/1217/1085 1086/1216/1086 1093/1223/1093 1092/1224/1092
f 1086/1216/1086 1087/1218/1087 1094/1225/1094 1093/1223/1093
f 1087/1218/1087 1088/1219/1088 1095/1226/1095 1094/1225/1094
f 1088/1219/1088 1089/1220/1089 1096/1227/1096 1095/1226/1095
f 1089/1220/1089 1090/1221/1090 1097/1228/1097 1096/1227/1096
f 1090/1221/1090 1091/1222/1091 1098/1229/1098 1097/1228/1097
f 1092/1224/1092 1093/1223/1093 1100/1230/1100 1099/1231/1099
f 1093/1223/1093 1094/1225/1094 1101/1232/1101 1100/1230/1100
f 1094/1225/1094 1095/1226/1095 1102/1233/1102 1101/1232/1101
f 1095/1226/1095 1096/1227/1096 1103/1234/1103 1102/1233/1102
f 1096/1227/1096 1097/1228/1097 1104/1235/1104 1103/1234/1103
f 1097/1228/1097 1098/1229/1098 1105/1236/1105 1104/1235/1104
f 5/1237/5 90/237/90 1057/1188/1057 97/1238/97
f 90/237/90 89/235/89 1058/1189/1058 1057/1188/1057
f 89/235/89 88/234/88 1059/1192/1059 1058/1189/1058
f 88/234/88 87/233/87 1060/1194/1060 1059/1192/1059
f 87/233/87 86/232/86 1061/1196/1061 1060/1194/1060
f 86/232/86 85/231/85 1062/1198/1062 1061/1196/1061
f 85/231/85 84/229/84 1063/1200/1063 1062/1198/1062
f 84/229/84 6/228/6 238/1239/238 1063/1200/1063
f 1063/1200/1063 238/1239/238 239/1240/239 1070/1201/1070
f 1070/1201/1070 239/1240/239 240/1241/240 1077/1208/1077
f 1077/1208/1077 240/1241/240 241/1242/241 1084/1215/1084
f 1084/1215/1084 241/1242/241 242/1243/242 1091/1222/1091
f 1091/1222/1091 242/1243/242 243/1244/243 1098/1229/1098
f 1098/1229/1098 243/1244/243 244/1245/244 1105/1236/1105
f 1105/1236/1105 244/1245/244 20/322/20 259/321/259
f 1104/1235/1104 1105/1236/1105 259/321/259 260/320/260
f 1103/1234/1103 1104/1235/1104 260/320/260 261/319/261
f 1102/1233/1102 1103/1234/1103 261/319/261 262/318/262
f 1101/1232/1101 1102/1233/1102 262/318/262 263/317/263
f 1100/1230/1100 1101/1232/1101 263/317/263 264/316/264
f 1099/1231/1099 1100/1230/1100 264/316/264 265/314/265
f 91/1246/91 1099/1231/1099 265/314/265 19/313/19
f 92/1247/92 1092/1224/1092 1099/1231/1099 91/1246/91
f 93/1248/93 1085/1217/1085 1092/1224/1092 92/1247/92
f 94/1249/94 1078/1210/1078 1085/1217/1085 93/1248/93
f 95/1250/95 1071/1203/1071 1078/1210/1078 94/1249/94
f 96/1251/96 1064/1191/1064 1071/1203/1071 95/1250/95
f 97/1238/97 1057/1188/1057 1064/1191/1064 96/1251/96
f 1106/1252/1106 1107/1253/1107 1114/1254/1114 1113/1255/1113
f 1107/1253/1107 1108/1256/1108 1115/1257/1115 1114/1254/1114
f 1108/1256/1108 1109/1258/1109 1116/1259/1116 1115/1257/1115
f 1109/1258/1109 1110/1260/1110 1117/1261/1117 1116/1259/1116
f 1110/1260/1110 1111/1262/1111 1118/1263/1118 1117/1261/1117
f 1111/1262/1111 1112/1264/1112 1119/1265/1119 1118/1263/1118
f 1113/1255/1113 1114/1254/1114 1121/1266/1121 1120/1267/1120
f 1114/1254/1114 1115/1257/1115 1122/1268/1122 1121/1266/1121
f 1115/1257/1115 1116/1259/1116 1123/1269/1123 1122/1268/1122
f 1116/1259/1116 1117/1261/1117 1124/1270/1124 1123/1269/1123
f 1117/1261/1117 1118/1263/1118 1125/1271/1125 1124/1270/1124
f 1118/1263/1118 1119/1265/1119 1126/1272/1126 1125/1271/1125
f 1120/1267/1120 1121/1266/1121 1128/1273/1128 1127/1274/1127
f 1121/1266/1121 1122/1268/1122 1129/1275/1129 1128/1273/1128
f 1122/1268/1122 1123/1269/1123 1130/1276/1130 1129/1275/1129
f 1123/1269/1123 1124/1270/1124 1131/1277/1131 1130/1276/1130
f 1124/1270/1124 1125/1271/1125 1132/1278/1132 1131/1277/1131
f 1125/1271/1125 1126/1272/1126 1133/1279/1133 1132/1278/1132
f 1127/1274/1127 1128/1273/1128 1135/1280/1135 1134/1281/1134
f 1128/1273/1128 1129/1275/1129 1136/1282/1136 1135/1280/1135
f 1129/1275/1129 1130/1276/1130 1137/1283/1137 1136/1282/1136
f 1130/1276/1130 1131/1277/1131 1138/1284/1138 1137/1283/1137
f 1131/1277/1131 1132/1278/1132 1139/1285/1139 1138/1284/1138
f 1132/1278/1132 1133/1279/1133 1140/1286/1140 1139/1285/1139
f 1134/1281/1134 1135/1280/1135 1142/1287/1142 1141/1288/1141
f 1135/1280/1135 1136/1282/1136 1143/1289/1143 1142/1287/1142
f 1136/1282/1136 1137/1283/1137 1144/1290/1144 1143/1289/1143
f 1137/1283/1137 1138/1284/1138 1145/1291/1145 1144/1290/1144
f 1138/1284/1138 1139/1285/1139 1146/1292/1146 1145/1291/1145
f 1139/1285/1139 1140/1286/1140 1147/1293/1147 1146/1292/1146
f 1141/1288/1141 1142/1287/1142 1149/1294/1149 1148/1295/1148
f 1142/1287/1142 1143/1289/1143 1150/1296/1150 1149/1294/1149
f 1143/1289/1143 1144/1290/1144 1151/1297/1151 1150/1296/1150
f 1144/1290/1144 1145/1291/1145 1152/1298/1152 1151/1297/1151
f 1145/1291/1145 1146/1292/1146 1153/1299/1153 1152/1298/1152
f 1146/1292/1146 1147/1293/1147 1154/1300/1154 1153/1299/1153
f 3/1301/3 48/65/48 1106/1252/1106 55/1302/55
f 48/65/48 47/64/47 1107/1253/1107 1106/1252/1106
f 47/64/47 46/63/46 1108/1256/1108 1107/1253/1107
f 46/63/46 45/62/45 1109/1258/1109 1108/1256/1108
f 45/62/45 44/61/44 1110/1260/1110 1109/1258/1109
f 44/61/44 43/60/43 1111/1262/1111 1110/1260/1110
f 43/60/43 42/58/42 1112/1264/1112 1111/1262/1111
f 42/58/42 4/57/4 224/1303/224 1112/1264/1112
f 1112/1264/1112 224/1303/224 225/1304/225 1119/1265/1119
f 1119/1265/1119 225/1304/225 226/1305/226 1126/1272/1126
f 1126/1272/1126 226/1305/226 227/1306/227 1133/1279/1133
f 1133/1279/1133 227/1306/227 228/1307/228 1140/1286/1140
f 1140/1286/1140 228/1307/228 229/1308/229 1147/1293/1147
f 1147/1293/1147 229/1308/229 230/1309/230 1154/1300/1154
f 1154/1300/1154 230/1309/230 18/150/18 266/149/266
f 1153/1299/1153 1154/1300/1154 266/149/266 267/148/267
f 1152/1298/1152 1153/1299/1153 267/148/267 268/147/268
f 1151/1297/1151 1152/1298/1152 268/147/268 269/146/269
f 1150/1296/1150 1151/1297/1151 269/146/269 270/145/270
f 1149/1294/1149 1150/1296/1150 270/145/270 271/144/271
f 1148/1295/1148 1149/1294/1149 271/144/271 272/142/272
f 49/1310/49 1148/1295/1148 272/142/272 17/141/17
f 50/1311/50 1141/1288/1141 1148/1295/1148 49/1310/49
f 51/1312/51 1134/1281/1134 1141/1288/1141 50/1311/50
f 52/1313/52 1127/1274/1127 1134/1281/1134 51/1312/51
f 53/1314/53 1120/1267/1120 1127/1274/1127 52/1313/52
f 54/1315/54 1113/1255/1113 1120/1267/1120 53/1314/53
f 55/1302/55 1106/1252/1106 1113/1255/1113 54/1315/54
o Cube.001
v -0.591236 -2.717489 -0.111559
v -0.590923 -2.750018 -0.029604
v -0.482491 -2.714788 -0.100901
v -0.486238 -2.752118 -0.006502
v -0.607195 -0.728041 0.174041
v -0.630386 -0.818552 -0.089699
v -0.342058 -1.023654 -0.049215
v -0.345531 -0.899257 0.278172
v -0.628852 -1.619919 0.432368
v -0.646332 -1.672315 0.288434
v -0.449227 -1.683256 0.280951
v -0.448442 -1.624982 0.444566
v -0.631629 -1.842178 0.436177
v -0.660627 -1.800495 0.309647
v -0.496221 -1.801432 0.285312
v -0.479144 -1.852008 0.426558
v -0.672885 -1.172718 0.067563
v -0.369248 -1.211914 0.074934
v -0.368911 -1.127823 0.310974
v -0.646450 -1.089681 0.298505
v -0.656572 -2.305833 0.224871
v -0.698192 -2.225657 0.063456
v -0.484115 -2.209723 0.059193
v -0.461566 -2.292849 0.221520
v -0.653576 -1.744565 0.335802
v -0.472831 -1.759147 0.324873
v -0.469160 -1.729601 0.472689
v -0.634632 -1.719660 0.468233
v -0.534489 -2.711040 -0.128803
v -0.542364 -2.759793 -0.008093
v -0.487327 -0.795442 0.274296
v -0.487646 -0.959678 -0.097323
v -0.547710 -1.607028 0.479959
v -0.548747 -1.695167 0.243558
v -0.559705 -1.861061 0.467681
v -0.584805 -1.786497 0.258007
v -0.518679 -1.211813 0.024648
v -0.518011 -1.087984 0.360052
v -0.563113 -2.314366 0.255491
v -0.598937 -2.195949 0.009035
v -0.565759 -1.760305 0.290686
v -0.560068 -1.716024 0.512397
v -0.612664 -2.733124 -0.074427
v -0.460084 -2.733461 -0.048359
v -0.302111 -0.981955 0.120503
v -0.654119 -0.752977 0.026053
v -0.416825 -1.657112 0.362925
v -0.665155 -1.647401 0.355736
v -0.458752 -1.826946 0.352099
v -0.671309 -1.819088 0.371940
v -0.696924 -1.129524 0.175777
v -0.326282 -1.176052 0.192686
v -0.438920 -2.249352 0.140125
v -0.706785 -2.266790 0.143220
v -0.670066 -1.730383 0.402452
v -0.440499 -1.745853 0.402523
v -0.467939 -2.860640 -0.198910
v -0.440528 -3.069621 0.200962
v -0.440771 -3.023148 0.221785
v -0.468847 -2.894179 -0.201200
v -0.467043 -2.800598 -0.164232
v -0.637946 -3.078961 0.182756
v -0.645858 -3.032851 0.202871
v -0.557491 -2.898282 -0.208749
v -0.567359 -2.805498 -0.171567
v -0.439666 -2.961792 -0.018635
v -0.457838 -2.843154 0.022313
v -0.608808 -2.969795 -0.034234
v -0.598653 -2.848065 0.007492
v -0.439332 -2.819883 -0.078772
v -0.583835 -2.937557 -0.135179
v -0.448704 -2.931161 -0.122722
v -0.602945 -2.826388 -0.095887
v -0.510442 -2.897118 -0.211316
v -0.513928 -2.798646 -0.186027
v -0.539497 -3.081233 0.198236
v -0.544108 -3.029293 0.221588
v -0.531846 -2.838742 0.030770
v -0.523699 -2.972827 -0.028666
v -0.515609 -2.941853 -0.132261
v -0.434398 -3.051130 0.221527
v -0.562228 -2.865777 -0.206371
v -0.649431 -3.061303 0.201697
v -0.626905 -2.940976 -0.024938
v -0.426348 -2.931487 -0.006442
v -0.598588 -2.906312 -0.127337
v -0.438617 -2.898740 -0.112593
v -0.543366 -3.064579 0.231653
v -0.512023 -2.855918 -0.215385
v -0.436286 -3.023618 0.096526
v -0.637308 -2.960257 0.105879
v -0.438237 -2.950839 0.124239
v -0.627345 -3.032658 0.078905
v -0.538751 -2.945316 0.120435
v -0.531284 -3.035887 0.085914
v -0.421081 -2.997888 0.110900
v -0.647256 -3.008590 0.090042
v -0.684730 -2.008162 0.180502
v -0.486556 -1.999925 0.164586
v -0.464763 -2.076218 0.323295
v -0.646593 -2.079049 0.331127
v -0.593475 -1.982392 0.124290
v -0.559715 -2.094717 0.362828
v -0.694228 -2.043144 0.254988
v -0.442776 -2.037113 0.241882
v -0.621922 -2.559154 0.079930
v -0.643626 -2.499988 -0.048145
v -0.473736 -2.490275 -0.044555
v -0.464107 -2.553578 0.090760
v -0.547166 -2.568885 0.107470
v -0.561416 -2.481110 -0.085678
v -0.438169 -2.520931 0.025889
v -0.659726 -2.529770 0.013314
v -0.645343 -1.339095 0.363048
v -0.667952 -1.409981 0.168240
v -0.408475 -1.435685 0.168886
v -0.407926 -1.361658 0.376052
v -0.537410 -1.442320 0.123004
v -0.536716 -1.331372 0.419630
v -0.690261 -1.374182 0.259307
v -0.369421 -1.403447 0.272468
vn -0.9749 -0.2215 0.0202
vn -0.9891 -0.1048 -0.1032
vn -0.8033 -0.1519 0.5759
vn -0.6602 -0.4432 0.6064
vn -0.9801 0.0835 -0.1802
vn -0.7913 0.3992 0.4631
vn -0.0007 0.2581 -0.9661
vn 0.0410 0.3969 -0.9170
vn -0.7056 0.1382 -0.6950
vn -0.7591 0.0622 -0.6480
vn 0.9973 -0.0291 -0.0668
vn 0.9944 0.1044 0.0131
vn 0.7397 0.3105 -0.5970
vn 0.7104 0.2091 -0.6720
vn -0.0568 -0.5030 0.8624
vn -0.1705 -0.0273 0.9850
vn 0.6342 -0.0145 0.7730
vn 0.6798 -0.3585 0.6398
vn -0.0644 0.2221 0.9729
vn -0.0611 0.2433 0.9680
vn 0.7104 0.0700 0.7003
vn 0.7044 0.0788 0.7054
vn 0.9841 -0.1694 0.0525
vn 0.9762 -0.2105 0.0520
vn 0.6775 -0.4493 -0.5823
vn 0.6875 -0.3792 -0.6193
vn -0.0384 -0.4221 -0.9057
vn -0.0376 -0.5018 -0.8642
vn -0.7598 -0.3067 -0.5733
vn -0.7651 -0.2810 -0.5793
vn -0.9948 -0.0297 0.0973
vn -0.9968 0.0052 0.0795
vn -0.7389 0.2032 0.6425
vn -0.7395 0.1521 0.6557
vn -0.0667 0.0039 0.9978
vn -0.0110 -0.3551 0.9348
vn 0.7327 -0.2772 0.6216
vn 0.6785 -0.1108 0.7262
vn 0.9708 -0.2155 0.1051
vn 0.9960 -0.0058 -0.0887
vn 0.6206 0.4253 -0.6588
vn 0.7861 -0.1752 -0.5927
vn -0.0637 0.1113 -0.9917
vn -0.1279 0.5995 -0.7901
vn -0.8126 0.3797 -0.4422
vn -0.8728 0.0619 -0.4841
vn -0.9782 0.0306 0.2056
vn -0.9810 -0.0129 0.1934
vn -0.6703 -0.2425 0.7013
vn -0.7091 0.0400 0.7040
vn -0.9851 0.1715 0.0120
vn -0.9960 0.0619 0.0650
vn -0.7437 0.2308 0.6274
vn -0.7343 0.3536 0.5794
vn -0.2157 -0.4602 -0.8612
vn -0.0664 -0.4238 -0.9033
vn -0.7710 -0.2178 -0.5984
vn -0.7774 -0.1497 -0.6109
vn 0.9948 -0.0924 0.0436
vn 0.9866 -0.1535 0.0545
vn 0.6906 -0.3952 -0.6057
vn 0.6697 -0.4243 -0.6095
vn -0.1956 0.3103 0.9303
vn -0.0861 0.2533 0.9635
vn 0.7110 0.0813 0.6984
vn 0.6908 0.1322 0.7108
vn 0.0203 -0.4130 0.9105
vn 0.0004 -0.4626 0.8866
vn 0.7413 -0.2956 0.6025
vn 0.7708 -0.2490 0.5864
vn 0.9919 0.0920 -0.0878
vn 0.9946 0.0493 -0.0912
vn 0.6849 0.3069 -0.6609
vn 0.6712 0.3773 -0.6380
vn -0.0984 0.5162 -0.8508
vn -0.0829 0.3958 -0.9146
vn -0.8393 0.1822 -0.5123
vn -0.8440 0.3178 -0.4321
vn -0.9792 -0.0209 0.2019
vn -0.9818 -0.1307 0.1376
vn -0.6543 -0.3734 0.6576
vn -0.6607 -0.2889 0.6929
vn -0.1192 0.5380 0.8345
vn 0.6765 0.4574 0.5771
vn 0.9740 0.2251 -0.0233
vn 0.9821 -0.0276 -0.1863
vn 0.6958 0.1494 -0.7026
vn 0.7285 0.3981 -0.5575
vn 0.0709 0.2423 -0.9676
vn -0.5977 0.1137 -0.7936
vn -0.6433 0.3134 -0.6986
vn 0.0722 0.5178 -0.8524
vn -0.9762 -0.1322 -0.1720
vn -0.7693 -0.3652 0.5241
vn -0.6456 0.4290 0.6317
vn -0.7472 0.5581 0.3608
vn -0.0640 -0.4152 0.9075
vn 0.6915 -0.2961 0.6589
vn 0.4764 0.4821 0.7352
vn -0.1030 0.4919 0.8645
vn 0.0823 -0.8986 -0.4309
vn 0.0379 -0.9943 0.0996
vn -0.4312 -0.9014 -0.0395
vn -0.4703 -0.7679 -0.4349
vn -0.0993 0.7302 0.6760
vn 0.6225 0.6050 0.4964
vn 0.0794 -0.9185 -0.3873
vn 0.0792 -0.9186 -0.3872
vn -0.5094 -0.7404 -0.4385
vn -0.5229 -0.7157 -0.4630
vn -0.9410 -0.0807 -0.3285
vn -0.9739 -0.0759 -0.2141
vn 0.9986 -0.0530 0.0085
vn 0.9987 -0.0256 -0.0430
vn 0.1029 -0.5049 -0.8570
vn -0.4217 -0.4692 -0.7759
vn 0.5884 -0.4214 -0.6901
vn 0.6654 -0.6522 -0.3631
vn 0.6479 -0.6857 -0.3318
vn 0.6115 -0.7168 -0.3351
vn 0.5136 -0.8567 0.0477
s 1
usemtl Material
f 1267//1155 1197//1156 1156//1157 1260//1158
f 1156//1157 1197//1156 1227//1159 1223//1160
f 1265//1161 1183//1162 1155//1163 1261//1164
f 1266//1165 1198//1166 1157//1167 1262//1168
f 1264//1169 1184//1170 1158//1171 1263//1172
f 1273//1173 1187//1174 1166//1175 1271//1176
f 1275//1177 1201//1178 1165//1179 1270//1180
f 1272//1181 1188//1182 1164//1183 1269//1184
f 1274//1185 1202//1186 1163//1187 1268//1188
f 1196//1189 1189//1190 1170//1191 1181//1192
f 1210//1193 1203//1194 1169//1195 1180//1196
f 1195//1197 1190//1198 1168//1199 1179//1200
f 1209//1201 1204//1202 1167//1203 1182//1204
f 1200//1205 1205//1206 1174//1207 1159//1208
f 1186//1209 1191//1210 1171//1211 1160//1212
f 1199//1213 1206//1214 1172//1215 1161//1216
f 1185//1217 1192//1218 1173//1219 1162//1220
f 1257//1221 1193//1222 1178//1223 1254//1224
f 1259//1225 1207//1226 1177//1227 1253//1228
f 1256//1229 1194//1230 1176//1231 1252//1232
f 1258//1233 1208//1234 1175//1235 1255//1236
f 1202//1186 1209//1201 1182//1204 1163//1187
f 1188//1182 1195//1197 1179//1200 1164//1183
f 1201//1178 1210//1193 1180//1196 1165//1179
f 1187//1174 1196//1189 1181//1192 1166//1175
f 1163//1187 1182//1204 1196//1189 1187//1174
f 1165//1179 1180//1196 1195//1197 1188//1182
f 1253//1228 1177//1227 1194//1230 1256//1229
f 1255//1236 1175//1235 1193//1222 1257//1221
f 1159//1208 1174//1207 1192//1218 1185//1217
f 1161//1216 1172//1215 1191//1210 1186//1209
f 1180//1196 1169//1195 1190//1198 1195//1197
f 1182//1204 1167//1203 1189//1190 1196//1189
f 1270//1180 1165//1179 1188//1182 1272//1181
f 1268//1188 1163//1187 1187//1174 1273//1173
f 1260//1158 1156//1157 1184//1170 1264//1169
f 1262//1168 1157//1167 1183//1162 1265//1161
f 1184//1170 1156//1157 1223//1160 1232//1237
f 1158//1171 1184//1170 1232//1237 1221//1238
f 1166//1175 1181//1192 1210//1193 1201//1178
f 1164//1183 1179//1200 1209//1201 1202//1186
f 1252//1232 1176//1231 1208//1234 1258//1233
f 1254//1224 1178//1223 1207//1226 1259//1225
f 1162//1220 1173//1219 1206//1214 1199//1213
f 1160//1212 1171//1211 1205//1206 1200//1205
f 1179//1200 1168//1199 1204//1202 1209//1201
f 1181//1192 1170//1191 1203//1194 1210//1193
f 1269//1184 1164//1183 1202//1186 1274//1185
f 1271//1176 1166//1175 1201//1178 1275//1177
f 1263//1172 1158//1171 1198//1166 1266//1165
f 1198//1166 1158//1171 1221//1238 1224//1239
f 1261//1164 1155//1163 1197//1156 1267//1155
f 1241//1240 1211//1241 1215//1242 1224//1239
f 1243//1243 1236//1244 1219//1245 1229//1246
f 1251//1247 1237//1248 1217//1249 1245//1250
f 1242//1251 1235//1252 1213//1253 1231//1254
f 1249//1255 1230//1256 1216//1257 1247//1258
f 1248//1259 1231//1254 1213//1253 1246//1260
f 1157//1167 1198//1166 1224//1239 1215//1242
f 1234//1261 1233//1262 1222//1263 1225//1264
f 1240//1265 1238//1266 1223//1160 1227//1159
f 1250//1267 1239//1268 1221//1238 1246//1260
f 1236//1244 1240//1265 1227//1159 1219//1245
f 1228//1269 1234//1261 1225//1264 1218//1270
f 1183//1162 1157//1167 1215//1242 1229//1246
f 1239//1268 1241//1240 1224//1239 1221//1238
f 1155//1163 1183//1162 1229//1246 1219//1245
f 1214//1271 1226//1272 1234//1261 1228//1269
f 1226//1272 1220//1273 1233//1262 1234//1261
f 1197//1156 1155//1163 1219//1245 1227//1159
f 1245//1250 1217//1249 1231//1254 1248//1259
f 1244//1274 1212//1275 1230//1256 1249//1255
f 1237//1248 1242//1251 1231//1254 1217//1249
f 1211//1241 1243//1243 1229//1246 1215//1242
f 1214//1271 1228//1269 1243//1243 1211//1241
f 1216//1257 1230//1256 1242//1251 1237//1248
f 1220//1273 1226//1272 1241//1240 1239//1268
f 1218//1270 1225//1264 1240//1265 1236//1244
f 1244//1274 1220//1273 1239//1268 1250//1267
f 1225//1264 1222//1263 1238//1266 1240//1265
f 1230//1256 1212//1275 1235//1252 1242//1251
f 1247//1258 1216//1257 1237//1248 1251//1247
f 1228//1269 1218//1270 1236//1244 1243//1243
f 1226//1272 1214//1271 1211//1241 1241//1240
f 1222//1263 1247//1258 1251//1247 1238//1266
f 1212//1275 1244//1274 1250//1267 1235//1252
f 1220//1273 1244//1274 1249//1255 1233//1262
f 1223//1160 1245//1250 1248//1259 1232//1237
f 1235//1252 1250//1267 1246//1260 1213//1253
f 1232//1237 1248//1259 1246//1260 1221//1238
f 1233//1262 1249//1255 1247//1258 1222//1263
f 1238//1266 1251//1247 1245//1250 1223//1160
f 1170//1191 1254//1224 1259//1225 1203//1194
f 1168//1199 1252//1232 1258//1233 1204//1202
f 1167//1203 1255//1236 1257//1221 1189//1190
f 1169//1195 1253//1228 1256//1229 1190//1198
f 1204//1202 1258//1233 1255//1236 1167//1203
f 1190//1198 1256//1229 1252//1232 1168//1199
f 1203//1194 1259//1225 1253//1228 1169//1195
f 1189//1190 1257//1221 1254//1224 1170//1191
f 1176//1231 1261//1164 1267//1155 1208//1234
f 1178//1223 1263//1172 1266//1165 1207//1226
f 1177//1227 1262//1168 1265//1161 1194//1230
f 1175//1235 1260//1158 1264//1169 1193//1222
f 1193//1222 1264//1169 1263//1172 1178//1223
f 1207//1226 1266//1165 1262//1168 1177//1227
f 1194//1230 1265//1161 1261//1164 1176//1231
f 1208//1234 1267//1155 1260//1158 1175//1235
f 1173//1219 1271//1176 1275//1177 1206//1214
f 1171//1211 1269//1184 1274//1185 1205//1206
f 1174//1207 1268//1188 1273//1173 1192//1218
f 1172//1215 1270//1180 1272//1181 1191//1210
f 1205//1206 1274//1185 1268//1188 1174//1207
f 1191//1210 1272//1181 1269//1184 1171//1211
f 1206//1214 1275//1177 1270//1180 1172//1215
f 1192//1218 1273//1173 1271//1176 1173//1219
o Cube.002
v -0.980223 -0.230866 1.026945
v -0.916816 -0.111494 0.631447
v -0.815412 0.066253 0.976043
v -0.815970 -0.269322 1.105105
v -0.805802 -0.590443 0.766946
v -0.802689 -0.010122 0.538484
v -0.819411 -0.096132 1.068796
v -0.959660 -0.041137 0.769729
v -0.959660 -0.361242 0.893708
v -0.807038 -0.457146 0.946007
v -0.805871 0.058272 0.769282
v -0.977293 -0.022640 0.932778
v -0.899180 -0.447771 0.731108
v -0.991211 -0.123135 1.001036
v -0.940649 -0.286524 0.647965
v -1.049509 -0.094483 0.616863
v -1.105757 -0.069734 0.796406
v -1.055725 -0.414501 0.739410
v -1.112323 -0.277085 0.894282
v -1.127190 -0.171127 0.861837
v -0.968153 -0.332424 0.514772
v -0.972260 -0.449967 0.592056
v -0.979264 -0.166375 0.507321
v -1.458995 -0.883707 0.763148
v -1.296164 -0.489238 0.029326
v -1.355986 -0.456103 0.042934
v -1.284874 -0.526536 0.120860
v -1.355232 -0.482111 0.121989
v -1.375054 -0.457679 0.080906
v -1.191250 -0.499759 0.071718
v -1.202913 -0.493590 0.115581
v -1.221066 -0.468568 0.013456
v -1.469027 -0.563625 0.404491
v -1.528085 -0.866491 0.737997
v -1.497516 -0.740828 0.792064
v -1.546983 -0.761563 0.755282
v -1.552486 -0.824769 0.746666
v -1.418721 -0.775890 0.793524
v -1.437729 -0.724999 0.796822
v -1.422988 -0.844484 0.776123
v -1.399331 -0.540044 0.465956
v -1.315976 -0.572403 0.480582
v -1.303692 -0.653772 0.455406
v -1.477303 -0.627270 0.381907
v -1.462893 -0.668423 0.356103
v -1.393538 -0.721305 0.378522
v -1.322530 -0.729820 0.401524
v -1.242282 -0.277289 0.566462
v -1.045172 -0.498034 0.385229
v -1.223999 -0.365906 0.604392
v -1.146403 -0.476901 0.497367
v -1.226096 -0.188052 0.505948
v -1.155905 -0.202595 0.367480
v -1.067189 -0.256649 0.288955
v -1.042643 -0.397812 0.310180
v -1.444030 -0.928192 1.248733
v -1.430504 -0.737353 0.862874
v -1.466908 -1.102809 1.106821
v -1.462915 -0.920218 0.766200
v -1.464675 -0.932502 1.251338
v -1.526351 -0.737597 0.840276
v -1.485408 -1.106673 1.109158
v -1.537682 -0.902827 0.756389
v -1.556917 -0.840652 1.041435
v -1.557999 -1.061715 0.944291
v -1.589108 -1.057795 0.940531
v -1.591631 -0.836277 1.037239
v -1.515265 -1.105541 1.054205
v -1.540070 -1.105208 1.053886
v -1.542082 -0.881499 1.136681
v -1.514404 -0.881870 1.137037
v -1.511622 -0.759103 0.928001
v -1.542763 -0.999900 0.840825
v -1.594955 -0.993984 0.835152
v -1.599191 -0.776243 0.935517
v -1.434184 -1.083778 1.202818
v -1.434913 -1.011896 1.242350
v -1.417176 -0.803608 0.839834
v -1.427779 -0.863036 0.784255
v -1.472664 -1.019781 1.247115
v -1.471938 -1.091665 1.207585
v -1.577313 -0.846900 0.768779
v -1.571015 -0.780371 0.800785
v -1.605927 -0.977113 0.977138
v -1.605927 -0.905794 1.006324
v -1.542454 -0.913792 1.013995
v -1.542454 -0.985111 0.984809
v -1.502871 -0.956585 1.109578
v -1.502104 -1.012243 1.083563
v -1.553483 -1.030469 1.081322
v -1.553483 -0.955907 1.108927
v -1.623182 -0.911057 0.872048
v -1.623182 -0.842291 0.902477
v -1.492280 -0.836633 0.904632
v -1.516678 -0.923123 0.883620
v -1.432692 -0.865939 1.175332
v -1.432314 -0.790330 1.049006
v -1.422827 -0.903377 1.165010
v -1.419778 -0.831543 1.028329
v -1.457544 -0.868238 1.177537
v -1.484582 -0.796191 1.054627
v -1.458727 -0.901119 1.162844
v -1.481513 -0.837404 1.033950
v -1.343913 -0.404536 0.215006
v -1.158091 -0.528446 0.157552
v -1.248501 -0.531343 0.218386
v -1.323675 -0.463883 0.254595
v -1.324813 -0.338901 0.165084
v -1.259791 -0.339548 0.092131
v -1.178007 -0.366920 0.057090
v -1.148342 -0.464726 0.093372
v -1.403945 -0.452772 0.197767
v -1.235413 -0.478482 0.263201
v -1.402558 -0.574199 0.138059
v -1.327295 -0.623063 0.156630
v -1.250601 -0.632823 0.180826
v -1.320959 -0.438703 0.251273
v -1.223103 -0.559297 0.237095
v -1.420884 -0.507386 0.169955
vn -0.4808 -0.7232 0.4959
vn -0.4413 -0.6915 0.5720
vn -0.3773 -0.2713 0.8855
vn -0.5653 -0.2124 0.7971
vn -0.5826 0.3199 0.7471
vn -0.3540 0.3348 0.8733
vn -0.3611 0.9021 -0.2362
vn -0.3735 0.9052 -0.2027
vn -0.4469 0.6707 -0.5920
vn -0.2812 0.7004 -0.6560
vn -0.5607 0.7415 0.3685
vn -0.3944 0.8292 0.3960
vn -0.5518 -0.8338 0.0131
vn -0.5671 -0.8016 0.1895
vn -0.9776 0.1154 0.1760
vn -0.9451 0.2494 -0.2113
vn -0.8607 0.5080 -0.0320
vn -0.8070 -0.4969 0.3192
vn -0.7008 0.6682 -0.2497
vn -0.6712 0.1522 -0.7255
vn -0.2642 -0.9567 0.1222
vn -0.4834 -0.2620 -0.8353
vn 0.8575 -0.4397 -0.2672
vn 0.4511 -0.8541 -0.2591
vn -0.8502 0.2294 0.4738
vn -0.7201 -0.3602 0.5930
vn -0.0808 0.9375 -0.3385
vn -0.6369 0.7603 0.1273
vn 0.6816 0.5487 -0.4841
vn 0.2173 -0.2328 -0.9479
vn 0.9422 -0.0703 -0.3275
vn 0.6344 -0.7716 -0.0453
vn -0.3342 -0.8628 0.3794
vn -0.7230 -0.5438 -0.4261
vn -0.4755 -0.4844 -0.7343
vn -0.8797 -0.0264 -0.4747
vn -0.9725 -0.0091 -0.2329
vn -0.1848 0.8887 0.4197
vn -0.2972 0.9410 0.1621
vn 0.5514 0.7627 0.3379
vn 0.6475 0.5618 0.5150
vn -0.8122 0.5763 0.0907
vn -0.8194 0.5659 -0.0911
vn 0.9891 0.0273 0.1447
vn 0.9520 -0.1228 0.2804
vn -0.2096 0.7413 -0.6376
vn -0.2209 -0.2310 -0.9475
vn 0.4115 0.4596 -0.7870
vn 0.2986 -0.1060 -0.9485
vn 0.7832 -0.3104 -0.5387
vn 0.7748 -0.4901 -0.3994
vn -0.3284 -0.3943 -0.8583
vn -0.8216 0.0042 -0.5700
vn -0.8065 0.5133 -0.2934
vn -0.3801 0.9246 0.0242
vn 0.5868 0.7966 0.1451
vn -0.0967 -0.9053 -0.4135
vn 0.3331 -0.5965 -0.7302
vn 0.6538 -0.7501 -0.0994
vn 0.8942 -0.4259 -0.1379
vn 0.9678 -0.2019 0.1502
vn 0.5325 -0.7716 -0.3480
vn -0.1586 -0.7880 -0.5949
vn -0.6877 -0.4389 -0.5784
vn -0.9168 0.2693 -0.2948
vn -0.4492 0.8846 -0.1253
vn 0.6932 0.6866 0.2193
vn 0.0291 0.9969 0.0726
vn 0.6061 -0.7912 -0.0820
vn 0.9184 -0.1147 -0.3787
vn 0.6236 0.5757 -0.5288
vn -0.1094 0.9187 -0.3796
vn -0.7204 0.6926 -0.0364
vn -0.8096 -0.4285 0.4012
vn -0.2712 -0.9128 0.3054
vn -0.9529 0.1372 0.2705
vn 0.8937 -0.3633 0.2634
vn 0.4871 -0.7769 -0.3990
vn 0.5949 -0.6460 -0.4783
vn 0.9168 -0.3785 -0.1277
vn -0.6037 -0.5767 -0.5504
vn -0.9710 0.2347 -0.0451
vn -0.6326 0.7359 0.2413
vn -0.1295 0.8861 0.4451
vn 0.8505 -0.0657 0.5219
vn 0.6989 0.5458 0.4621
vn -0.3333 0.3849 0.8607
vn -0.4077 -0.2558 0.8766
vn 0.9720 -0.1841 0.1461
vn -0.5772 0.5747 0.5801
vn 0.5961 0.8008 0.0584
vn 0.5493 0.7353 0.3969
vn -0.6587 0.5548 0.5083
vn -0.8873 -0.0953 0.4511
vn -0.9558 -0.0172 0.2936
vn 0.5798 -0.7140 -0.3924
vn -0.5417 -0.8392 0.0481
vn -0.6559 -0.7287 -0.1969
vn 0.5271 -0.7434 -0.4118
vn 0.9090 0.1411 -0.3921
vn 0.9866 -0.0901 -0.1361
vn 0.8280 -0.5179 0.2149
vn 0.7469 -0.5835 -0.3189
vn -0.2585 -0.9477 0.1871
vn 0.9980 0.0639 -0.0029
vn 0.6539 -0.6601 0.3696
vn -0.9627 -0.1931 0.1894
vn -0.9734 -0.0753 -0.2164
vn -0.3174 -0.7335 0.6010
vn -0.8779 -0.2955 0.3769
vn 0.9118 0.2060 -0.3551
vn 0.4879 0.3644 0.7932
vn 0.6374 -0.6947 0.3332
vn 0.8627 -0.4935 -0.1106
vn 0.5746 0.7525 0.3220
vn -0.5187 -0.7980 0.3069
vn -0.6659 -0.7413 -0.0844
vn -0.5315 0.2154 0.8192
vn -0.7143 0.5829 0.3873
s 1
usemtl Material
f 1284//1276 1285//1277 1279//1278 1276//1279
f 1289//1280 1276//1279 1279//1278 1282//1281
f 1283//1282 1286//1283 1281//1284 1277//1285
f 1287//1286 1289//1280 1282//1281 1278//1287
f 1287//1286 1278//1287 1286//1283 1283//1282
f 1288//1288 1280//1289 1285//1277 1284//1276
f 1379//1290 1304//1291 1303//1292 1382//1293
f 1383//1294 1301//1295 1304//1291 1379//1290
f 1381//1296 1302//1297 1306//1298 1380//1299
f 1382//1293 1303//1292 1302//1297 1381//1296
f 1289//1280 1295//1300 1294//1301 1276//1279
f 1283//1282 1291//1302 1292//1303 1287//1286
f 1277//1285 1298//1304 1291//1302 1283//1282
f 1290//1305 1296//1306 1298//1304 1277//1285
f 1288//1288 1297//1307 1296//1306 1290//1305
f 1276//1279 1294//1301 1293//1308 1284//1276
f 1284//1276 1293//1308 1297//1307 1288//1288
f 1287//1286 1292//1303 1295//1300 1289//1280
f 1320//1309 1309//1310 1312//1311 1319//1312
f 1316//1313 1310//1314 1314//1315 1317//1316
f 1308//1317 1311//1318 1310//1314 1316//1313
f 1317//1316 1314//1315 1313//1319 1318//1320
f 1384//1321 1300//1322 1301//1295 1383//1294
f 1385//1323 1307//1324 1300//1322 1384//1321
f 1386//1325 1305//1326 1307//1324 1385//1323
f 1380//1299 1306//1298 1305//1326 1386//1325
f 1312//1311 1309//1310 1338//1327 1357//1328
f 1311//1318 1312//1311 1357//1328 1358//1329
f 1310//1314 1311//1318 1358//1329 1336//1330
f 1314//1315 1310//1314 1336//1330 1332//1331
f 1319//1312 1312//1311 1311//1318 1308//1317
f 1321//1332 1299//1333 1309//1310 1320//1309
f 1322//1334 1315//1335 1299//1333 1321//1332
f 1318//1320 1313//1319 1315//1335 1322//1334
f 1393//1336 1318//1320 1322//1334 1391//1337
f 1391//1337 1322//1334 1321//1332 1390//1338
f 1390//1338 1321//1332 1320//1309 1389//1339
f 1394//1340 1319//1312 1308//1317 1387//1341
f 1388//1342 1317//1316 1318//1320 1393//1336
f 1387//1341 1308//1317 1316//1313 1392//1343
f 1392//1343 1316//1313 1317//1316 1388//1342
f 1389//1339 1320//1309 1319//1312 1394//1340
f 1297//1307 1324//1344 1330//1345 1296//1306
f 1296//1306 1330//1345 1329//1346 1298//1304
f 1298//1304 1329//1346 1328//1347 1291//1302
f 1291//1302 1328//1347 1327//1348 1292//1303
f 1294//1301 1325//1349 1326//1350 1293//1308
f 1293//1308 1326//1350 1324//1344 1297//1307
f 1292//1303 1327//1348 1323//1351 1295//1300
f 1295//1300 1323//1351 1325//1349 1294//1301
f 1370//1352 1348//1353 1334//1354 1354//1355
f 1348//1353 1349//1356 1338//1327 1334//1354
f 1368//1357 1350//1358 1336//1330 1358//1329
f 1350//1358 1347//1359 1332//1331 1336//1330
f 1352//1360 1331//1361 1335//1362 1355//1363
f 1313//1319 1314//1315 1332//1331 1353//1364
f 1345//1365 1346//1366 1339//1367 1342//1368
f 1366//1369 1345//1365 1342//1368 1360//1370
f 1343//1371 1344//1372 1341//1373 1340//1374
f 1364//1375 1343//1371 1340//1374 1362//1376
f 1351//1377 1333//1378 1343//1371 1364//1375
f 1333//1378 1337//1379 1344//1372 1343//1371
f 1355//1363 1335//1362 1345//1365 1366//1369
f 1335//1362 1331//1361 1346//1366 1345//1365
f 1342//1368 1339//1367 1347//1359 1350//1358
f 1360//1370 1342//1368 1350//1358 1368//1357
f 1340//1374 1341//1373 1349//1356 1348//1353
f 1362//1376 1340//1374 1348//1353 1370//1352
f 1339//1367 1361//1380 1369//1381 1347//1359
f 1361//1380 1362//1376 1370//1352 1369//1381
f 1341//1373 1359//1382 1367//1383 1349//1356
f 1359//1382 1360//1370 1368//1357 1367//1383
f 1337//1379 1356//1384 1365//1385 1344//1372
f 1356//1384 1355//1363 1366//1369 1365//1385
f 1331//1361 1352//1360 1363//1386 1346//1366
f 1352//1360 1351//1377 1364//1375 1363//1386
f 1346//1366 1363//1386 1361//1380 1339//1367
f 1363//1386 1364//1375 1362//1376 1361//1380
f 1344//1372 1365//1385 1359//1382 1341//1373
f 1365//1385 1366//1369 1360//1370 1359//1382
f 1315//1335 1313//1319 1353//1364 1354//1355
f 1299//1333 1315//1335 1354//1355 1334//1354
f 1333//1378 1351//1377 1356//1384 1337//1379
f 1351//1377 1352//1360 1355//1363 1356//1384
f 1349//1356 1367//1383 1357//1328 1338//1327
f 1367//1383 1368//1357 1358//1329 1357//1328
f 1369//1381 1370//1352 1354//1355 1353//1364
f 1371//1387 1373//1388 1374//1389 1372//1390
f 1373//1388 1377//1391 1378//1392 1374//1389
f 1377//1391 1375//1393 1376//1394 1378//1392
f 1375//1393 1371//1387 1372//1390 1376//1394
f 1373//1388 1371//1387 1375//1393 1377//1391
f 1378//1392 1369//1381 1353//1364 1374//1389
f 1309//1310 1299//1333 1334//1354 1338//1327
f 1376//1394 1347//1359 1369//1381 1378//1392
f 1374//1389 1353//1364 1332//1331 1372//1390
f 1372//1390 1332//1331 1347//1359 1376//1394
f 1324//1344 1380//1299 1386//1325 1330//1345
f 1330//1345 1386//1325 1385//1323 1329//1346
f 1329//1346 1385//1323 1384//1321 1328//1347
f 1328//1347 1384//1321 1383//1294 1327//1348
f 1325//1349 1382//1293 1381//1296 1326//1350
f 1326//1350 1381//1296 1380//1299 1324//1344
f 1327//1348 1383//1294 1379//1290 1323//1351
f 1323//1351 1379//1290 1382//1293 1325//1349
f 1301//1295 1389//1339 1394//1340 1304//1291
f 1302//1297 1392//1343 1388//1342 1306//1298
f 1303//1292 1387//1341 1392//1343 1302//1297
f 1306//1298 1388//1342 1393//1336 1305//1326
f 1304//1291 1394//1340 1387//1341 1303//1292
f 1300//1322 1390//1338 1389//1339 1301//1295
f 1307//1324 1391//1337 1390//1338 1300//1322
f 1305//1326 1393//1336 1391//1337 1307//1324
o Cube.004
v 0.694825 -2.710596 -0.108065
v 0.704915 -2.744162 -0.027160
v 0.587726 -2.721060 -0.088925
v 0.603396 -2.759096 0.003951
v 0.637429 -0.745820 0.148667
v 0.662328 -0.842355 -0.112764
v 0.374101 -1.046978 -0.069254
v 0.375430 -0.915047 0.255178
v 0.659014 -1.630938 0.426985
v 0.677135 -1.687927 0.283548
v 0.480308 -1.696422 0.280438
v 0.478548 -1.638821 0.442517
v 0.674079 -1.848127 0.452264
v 0.688409 -1.798309 0.325575
v 0.523549 -1.820638 0.315685
v 0.523242 -1.869945 0.456540
v 0.704468 -1.192715 0.052895
v 0.400859 -1.232272 0.059370
v 0.398987 -1.142751 0.293390
v 0.676530 -1.104415 0.281687
v 0.737942 -2.299216 0.232260
v 0.756758 -2.212214 0.070118
v 0.542646 -2.221891 0.082903
v 0.543131 -2.309559 0.244397
v 0.682785 -1.757863 0.336632
v 0.501983 -1.771885 0.330652
v 0.500899 -1.745406 0.477328
v 0.666531 -1.726882 0.468763
v 0.636516 -2.710706 -0.120682
v 0.659727 -2.759990 -0.002185
v 0.517078 -0.811101 0.249741
v 0.519865 -0.983872 -0.117968
v 0.577629 -1.618333 0.475490
v 0.579830 -1.710386 0.241495
v 0.607209 -1.872933 0.489480
v 0.607600 -1.794085 0.280632
v 0.550584 -1.233063 0.009980
v 0.547725 -1.101527 0.342416
v 0.648899 -2.319310 0.269833
v 0.650652 -2.193750 0.024323
v 0.594103 -1.773328 0.295279
v 0.592786 -1.727343 0.515233
v 0.720851 -2.724118 -0.073105
v 0.571957 -2.743066 -0.035272
v 0.333079 -1.001438 0.099211
v 0.685269 -0.774082 0.001578
v 0.447427 -1.670636 0.362198
v 0.695686 -1.660490 0.350489
v 0.494507 -1.848720 0.385341
v 0.705870 -1.817772 0.385957
v 0.727794 -1.146992 0.160217
v 0.357137 -1.193776 0.176002
v 0.509069 -2.267851 0.166102
v 0.776500 -2.253227 0.147940
v 0.700688 -1.739563 0.401828
v 0.470961 -1.760789 0.407994
v 0.582655 -2.866105 -0.189051
v 0.612189 -3.082882 0.206482
v 0.608621 -3.037036 0.228357
v 0.587320 -2.899256 -0.192229
v 0.577470 -2.807130 -0.152946
v 0.807231 -3.068306 0.172756
v 0.811243 -3.021893 0.193322
v 0.674941 -2.892628 -0.206746
v 0.676754 -2.799906 -0.168176
v 0.581034 -2.972621 -0.009667
v 0.588322 -2.853299 0.032646
v 0.748141 -2.960133 -0.038560
v 0.727092 -2.841133 0.006805
v 0.559164 -2.830878 -0.066089
v 0.711535 -2.929585 -0.136433
v 0.578028 -2.939559 -0.113355
v 0.720499 -2.817541 -0.096027
v 0.628026 -2.897055 -0.205616
v 0.621902 -2.799265 -0.178265
v 0.711295 -3.082554 0.195783
v 0.711610 -3.030794 0.219976
v 0.661730 -2.840207 0.035429
v 0.664706 -2.973391 -0.026466
v 0.644749 -2.942040 -0.128327
v 0.605590 -3.065569 0.227909
v 0.675987 -2.859830 -0.203943
v 0.818036 -3.049692 0.191174
v 0.763402 -2.929504 -0.029994
v 0.565258 -2.944312 0.004268
v 0.723088 -2.896927 -0.128998
v 0.565039 -2.908735 -0.101678
v 0.715842 -3.066062 0.229197
v 0.624413 -2.855902 -0.208781
v 0.594202 -3.036141 0.103855
v 0.786453 -2.949381 0.099103
v 0.589774 -2.964080 0.133112
v 0.782961 -3.022034 0.071214
v 0.688310 -2.946538 0.121640
v 0.688823 -3.036820 0.085592
v 0.577271 -3.012631 0.119994
v 0.800729 -2.995933 0.081359
v 0.727182 -1.999676 0.193157
v 0.528787 -2.014922 0.192899
v 0.528923 -2.095660 0.350898
v 0.709856 -2.076879 0.344500
v 0.629318 -1.984141 0.144859
v 0.628251 -2.103286 0.382465
v 0.746674 -2.034396 0.265795
v 0.496027 -2.058233 0.272428
v 0.721883 -2.552641 0.084282
v 0.726129 -2.489379 -0.043598
v 0.557118 -2.500077 -0.026576
v 0.565892 -2.566114 0.107478
v 0.651243 -2.571644 0.117302
v 0.639526 -2.479887 -0.074153
v 0.531174 -2.535819 0.045643
v 0.750499 -2.517950 0.015672
v 0.675445 -1.352273 0.351972
v 0.699324 -1.427597 0.158997
v 0.439889 -1.453740 0.158700
v 0.437993 -1.374951 0.364086
v 0.569105 -1.461206 0.113748
v 0.566474 -1.343439 0.407717
v 0.721033 -1.389667 0.249338
v 0.400171 -1.419188 0.261272
vn 0.9927 -0.1038 -0.0611
vn 0.7543 -0.3703 0.5421
vn 0.8591 -0.0636 0.5078
vn 0.9831 0.0157 -0.1823
vn 0.7733 0.4838 0.4099
vn 0.9458 0.2027 -0.2537
vn -0.1071 0.2710 -0.9566
vn 0.6921 0.1622 -0.7033
vn 0.6265 0.2320 -0.7441
vn -0.1608 0.4030 -0.9010
vn -0.9891 -0.1469 0.0103
vn -0.7817 0.1330 -0.6094
vn -0.8166 0.2289 -0.5299
vn -0.9956 -0.0153 0.0930
vn 0.1846 -0.5056 0.8428
vn -0.5793 -0.4467 0.6818
vn -0.5641 -0.1018 0.8194
vn 0.2508 -0.0216 0.9678
vn 0.0614 0.2465 0.9672
vn -0.7081 0.0972 0.6994
vn -0.7117 0.0985 0.6956
vn 0.0611 0.2860 0.9563
vn -0.9842 -0.1704 0.0490
vn -0.6833 -0.3977 -0.6123
vn -0.6736 -0.4727 -0.5682
vn -0.9767 -0.2086 0.0505
vn 0.0392 -0.4454 -0.8945
vn 0.7677 -0.2936 -0.5695
vn 0.7502 -0.3462 -0.5633
vn 0.0303 -0.5445 -0.8382
vn 0.9943 -0.0259 0.1038
vn 0.7365 0.1679 0.6553
vn 0.7410 0.2340 0.6294
vn 0.9973 0.0038 0.0737
vn 0.0841 0.0976 0.9917
vn -0.6713 -0.0636 0.7385
vn -0.6568 -0.2939 0.6945
vn 0.0989 -0.2892 0.9521
vn -0.9666 -0.2323 0.1078
vn -0.7520 -0.3232 -0.5745
vn -0.7386 0.1794 -0.6498
vn -0.9906 -0.1357 0.0191
vn -0.0049 -0.1537 -0.9881
vn 0.8438 0.0076 -0.5366
vn 0.7670 0.3851 -0.5133
vn 0.0330 0.4879 -0.8723
vn 0.9828 0.0869 0.1631
vn 0.7244 0.1442 0.6741
vn 0.7284 -0.1280 0.6731
vn 0.9859 0.0826 0.1452
vn 0.9847 0.1734 0.0139
vn 0.7303 0.3682 0.5754
vn 0.7396 0.2465 0.6263
vn 0.9955 0.0651 0.0695
vn 0.2216 -0.4796 -0.8490
vn 0.7812 -0.1625 -0.6027
vn 0.7749 -0.2302 -0.5886
vn 0.0725 -0.4445 -0.8928
vn -0.9949 -0.0931 0.0398
vn -0.6653 -0.4395 -0.6035
vn -0.6864 -0.4103 -0.6005
vn -0.9867 -0.1539 0.0522
vn 0.1895 0.3321 0.9240
vn -0.6952 0.1474 0.7035
vn -0.7153 0.0962 0.6922
vn 0.0799 0.2757 0.9579
vn 0.1010 -0.4212 0.9013
vn -0.6851 -0.3475 0.6402
vn -0.6506 -0.3911 0.6509
vn 0.1251 -0.4727 0.8723
vn -0.9996 -0.0281 -0.0089
vn -0.7602 0.3011 -0.5757
vn -0.7670 0.2329 -0.5979
vn -0.9976 -0.0685 -0.0123
vn -0.0331 0.5342 -0.8447
vn 0.7642 0.4214 -0.4883
vn 0.7682 0.2889 -0.5713
vn -0.0378 0.4166 -0.9083
vn 0.9873 0.0947 0.1279
vn 0.7419 -0.2136 0.6356
vn 0.7443 -0.3025 0.5954
vn 0.9982 -0.0146 0.0576
vn 0.1215 0.5357 0.8356
vn -0.6773 0.3646 0.6391
vn -0.9925 0.1075 0.0580
vn -0.9838 -0.1418 -0.1100
vn -0.8126 0.3166 -0.4893
vn -0.7626 0.0759 -0.6425
vn -0.1763 0.2467 -0.9529
vn -0.2007 0.5183 -0.8313
vn 0.5438 0.3985 -0.7386
vn 0.5146 0.1963 -0.8346
vn 0.9680 -0.0121 -0.2506
vn 0.7027 0.6378 0.3152
vn 0.6391 0.4934 0.5900
vn 0.8465 -0.2787 0.4536
vn 0.1850 -0.4182 0.8893
vn 0.1133 0.4875 0.8657
vn -0.4695 0.4106 0.7817
vn -0.5968 -0.3865 0.7032
vn -0.0101 -0.8954 -0.4451
vn 0.5211 -0.6996 -0.4888
vn 0.5298 -0.8428 -0.0950
vn 0.0877 -0.9931 0.0778
vn 0.0664 0.7265 0.6840
vn -0.6477 0.5188 0.5580
vn -0.0013 -0.9155 -0.4024
vn 0.5648 -0.6410 -0.5197
vn 0.5563 -0.6676 -0.4948
vn -0.0011 -0.9155 -0.4023
vn 0.9146 0.0372 -0.4026
vn 0.9557 0.0442 -0.2910
vn -0.9814 -0.1720 0.0848
vn -0.9890 -0.1441 0.0342
vn -0.1110 -0.5006 -0.8585
vn 0.4105 -0.4037 -0.8176
vn -0.5880 -0.4781 -0.6524
vn -0.6109 -0.7214 -0.3261
vn -0.5871 -0.7530 -0.2971
vn -0.5477 -0.7795 -0.3040
vn -0.4036 -0.9125 0.0664
s 1
usemtl Material
f 1507//1395 1500//1396 1396//1397 1437//1398
f 1396//1397 1463//1399 1467//1400 1437//1398
f 1505//1401 1501//1402 1395//1403 1423//1404
f 1506//1405 1502//1406 1397//1407 1438//1408
f 1504//1409 1503//1410 1398//1411 1424//1412
f 1513//1413 1511//1414 1406//1415 1427//1416
f 1515//1417 1510//1418 1405//1419 1441//1420
f 1512//1421 1509//1422 1404//1423 1428//1424
f 1514//1425 1508//1426 1403//1427 1442//1428
f 1436//1429 1421//1430 1410//1431 1429//1432
f 1450//1433 1420//1434 1409//1435 1443//1436
f 1435//1437 1419//1438 1408//1439 1430//1440
f 1449//1441 1422//1442 1407//1443 1444//1444
f 1440//1445 1399//1446 1414//1447 1445//1448
f 1426//1449 1400//1450 1411//1451 1431//1452
f 1439//1453 1401//1454 1412//1455 1446//1456
f 1425//1457 1402//1458 1413//1459 1432//1460
f 1497//1461 1494//1462 1418//1463 1433//1464
f 1499//1465 1493//1466 1417//1467 1447//1468
f 1496//1469 1492//1470 1416//1471 1434//1472
f 1498//1473 1495//1474 1415//1475 1448//1476
f 1442//1428 1403//1427 1422//1442 1449//1441
f 1428//1424 1404//1423 1419//1438 1435//1437
f 1441//1420 1405//1419 1420//1434 1450//1433
f 1427//1416 1406//1415 1421//1430 1436//1429
f 1403//1427 1427//1416 1436//1429 1422//1442
f 1405//1419 1428//1424 1435//1437 1420//1434
f 1493//1466 1496//1469 1434//1472 1417//1467
f 1495//1474 1497//1461 1433//1464 1415//1475
f 1399//1446 1425//1457 1432//1460 1414//1447
f 1401//1454 1426//1449 1431//1452 1412//1455
f 1420//1434 1435//1437 1430//1440 1409//1435
f 1422//1442 1436//1429 1429//1432 1407//1443
f 1510//1418 1512//1421 1428//1424 1405//1419
f 1508//1426 1513//1413 1427//1416 1403//1427
f 1500//1396 1504//1409 1424//1412 1396//1397
f 1502//1406 1505//1401 1423//1404 1397//1407
f 1424//1412 1472//1477 1463//1399 1396//1397
f 1398//1411 1461//1478 1472//1477 1424//1412
f 1406//1415 1441//1420 1450//1433 1421//1430
f 1404//1423 1442//1428 1449//1441 1419//1438
f 1492//1470 1498//1473 1448//1476 1416//1471
f 1494//1462 1499//1465 1447//1468 1418//1463
f 1402//1458 1439//1453 1446//1456 1413//1459
f 1400//1450 1440//1445 1445//1448 1411//1451
f 1419//1438 1449//1441 1444//1444 1408//1439
f 1421//1430 1450//1433 1443//1436 1410//1431
f 1509//1422 1514//1425 1442//1428 1404//1423
f 1511//1414 1515//1417 1441//1420 1406//1415
f 1503//1410 1506//1405 1438//1408 1398//1411
f 1438//1408 1464//1479 1461//1478 1398//1411
f 1501//1402 1507//1395 1437//1398 1395//1403
f 1481//1480 1464//1479 1455//1481 1451//1482
f 1483//1483 1469//1484 1459//1485 1476//1486
f 1491//1487 1485//1488 1457//1489 1477//1490
f 1482//1491 1471//1492 1453//1493 1475//1494
f 1489//1495 1487//1496 1456//1497 1470//1498
f 1488//1499 1486//1500 1453//1493 1471//1492
f 1397//1407 1455//1481 1464//1479 1438//1408
f 1474//1501 1465//1502 1462//1503 1473//1504
f 1480//1505 1467//1400 1463//1399 1478//1506
f 1490//1507 1486//1500 1461//1478 1479//1508
f 1476//1486 1459//1485 1467//1400 1480//1505
f 1468//1509 1458//1510 1465//1502 1474//1501
f 1423//1404 1469//1484 1455//1481 1397//1407
f 1479//1508 1461//1478 1464//1479 1481//1480
f 1395//1403 1459//1485 1469//1484 1423//1404
f 1454//1511 1468//1509 1474//1501 1466//1512
f 1466//1512 1474//1501 1473//1504 1460//1513
f 1437//1398 1467//1400 1459//1485 1395//1403
f 1485//1488 1488//1499 1471//1492 1457//1489
f 1484//1514 1489//1495 1470//1498 1452//1515
f 1477//1490 1457//1489 1471//1492 1482//1491
f 1451//1482 1455//1481 1469//1484 1483//1483
f 1454//1511 1451//1482 1483//1483 1468//1509
f 1456//1497 1477//1490 1482//1491 1470//1498
f 1460//1513 1479//1508 1481//1480 1466//1512
f 1458//1510 1476//1486 1480//1505 1465//1502
f 1484//1514 1490//1507 1479//1508 1460//1513
f 1465//1502 1480//1505 1478//1506 1462//1503
f 1470//1498 1482//1491 1475//1494 1452//1515
f 1487//1496 1491//1487 1477//1490 1456//1497
f 1468//1509 1483//1483 1476//1486 1458//1510
f 1466//1512 1481//1480 1451//1482 1454//1511
f 1462//1503 1478//1506 1491//1487 1487//1496
f 1452//1515 1475//1494 1490//1507 1484//1514
f 1460//1513 1473//1504 1489//1495 1484//1514
f 1463//1399 1472//1477 1488//1499 1485//1488
f 1475//1494 1453//1493 1486//1500 1490//1507
f 1472//1477 1461//1478 1486//1500 1488//1499
f 1473//1504 1462//1503 1487//1496 1489//1495
f 1478//1506 1463//1399 1485//1488 1491//1487
f 1410//1431 1443//1436 1499//1465 1494//1462
f 1408//1439 1444//1444 1498//1473 1492//1470
f 1407//1443 1429//1432 1497//1461 1495//1474
f 1409//1435 1430//1440 1496//1469 1493//1466
f 1444//1444 1407//1443 1495//1474 1498//1473
f 1430//1440 1408//1439 1492//1470 1496//1469
f 1443//1436 1409//1435 1493//1466 1499//1465
f 1429//1432 1410//1431 1494//1462 1497//1461
f 1416//1471 1448//1476 1507//1395 1501//1402
f 1418//1463 1447//1468 1506//1405 1503//1410
f 1417//1467 1434//1472 1505//1401 1502//1406
f 1415//1475 1433//1464 1504//1409 1500//1396
f 1433//1464 1418//1463 1503//1410 1504//1409
f 1447//1468 1417//1467 1502//1406 1506//1405
f 1434//1472 1416//1471 1501//1402 1505//1401
f 1448//1476 1415//1475 1500//1396 1507//1395
f 1413//1459 1446//1456 1515//1417 1511//1414
f 1411//1451 1445//1448 1514//1425 1509//1422
f 1414//1447 1432//1460 1513//1413 1508//1426
f 1412//1455 1431//1452 1512//1421 1510//1418
f 1445//1448 1414//1447 1508//1426 1514//1425
f 1431//1452 1411//1451 1509//1422 1512//1421
f 1446//1456 1412//1455 1510//1418 1515//1417
f 1432//1460 1413//1459 1511//1414 1513//1413
o Cube.003
v 1.023814 -0.149867 1.023630
v 0.960407 -0.190217 0.601166
v 0.859003 0.104144 0.857055
v 0.859561 -0.156250 1.109866
v 0.849392 -0.585786 0.917615
v 0.846281 -0.137840 0.484147
v 0.863001 -0.012146 1.003793
v 1.003251 -0.076054 0.711808
v 1.003251 -0.321755 0.952185
v 0.850629 -0.389224 1.037938
v 0.849463 0.016651 0.671082
v 1.020884 0.004868 0.853612
v 0.942771 -0.465223 0.836657
v 1.034802 -0.060603 0.956872
v 0.984239 -0.349239 0.693403
v 1.093100 -0.181032 0.582226
v 1.149348 -0.091810 0.748232
v 1.099316 -0.431375 0.831325
v 1.155914 -0.244190 0.919617
v 1.170781 -0.159494 0.848208
v 1.011744 -0.444233 0.592386
v 1.015851 -0.521837 0.709656
v 1.022855 -0.293917 0.513294
v 1.502586 -0.955974 1.037691
v 1.339755 -0.716157 0.149419
v 1.399576 -0.693558 0.187073
v 1.328465 -0.791438 0.309762
v 1.398823 -0.748555 0.300886
v 1.418644 -0.721697 0.246849
v 1.234841 -0.790552 0.229572
v 1.246504 -0.797363 0.280256
v 1.264657 -0.749681 0.152813
v 1.512618 -0.778457 0.583206
v 1.571676 -0.948157 1.008067
v 1.541106 -0.812942 1.016117
v 1.590574 -0.844871 0.987722
v 1.596077 -0.905821 1.002648
v 1.462312 -0.844133 1.030857
v 1.481320 -0.796250 1.015684
v 1.466579 -0.914624 1.037095
v 1.442922 -0.731644 0.641187
v 1.359567 -0.755483 0.668220
v 1.347283 -0.840573 0.671378
v 1.520894 -0.847980 0.570703
v 1.506484 -0.890776 0.565066
v 1.437129 -0.929773 0.620696
v 1.366121 -0.930157 0.645604
v 1.285873 -0.373380 0.618402
v 1.088763 -0.645664 0.537261
v 1.267590 -0.439790 0.688005
v 1.189994 -0.583954 0.633301
v 1.269687 -0.315127 0.527580
v 1.199497 -0.384938 0.401598
v 1.110780 -0.468747 0.348253
v 1.086234 -0.584858 0.430083
v 1.487529 -0.860652 1.500775
v 1.474095 -0.785549 1.082685
v 1.510456 -1.065222 1.425332
v 1.506506 -0.989432 1.052601
v 1.508172 -0.863573 1.504589
v 1.569942 -0.793156 1.061641
v 1.528958 -1.067327 1.429166
v 1.581273 -0.976309 1.037537
v 1.600505 -0.823607 1.285898
v 1.601590 -1.065019 1.264650
v 1.632699 -1.061651 1.262723
v 1.635217 -0.821213 1.279938
v 1.558841 -1.074572 1.382289
v 1.583647 -1.073913 1.382174
v 1.585660 -0.832952 1.385876
v 1.557985 -0.832157 1.388335
v 1.555213 -0.783891 1.152192
v 1.586354 -1.039939 1.149507
v 1.638546 -1.036386 1.141677
v 1.642780 -0.798038 1.164220
v 1.477695 -1.059799 1.434820
v 1.478428 -0.954909 1.506638
v 1.460766 -0.855415 1.082916
v 1.471370 -0.929449 1.050896
v 1.516183 -0.965285 1.499373
v 1.515463 -1.056091 1.455937
v 1.620903 -0.919590 1.030335
v 1.614606 -0.847077 1.037571
v 1.649518 -0.979785 1.255030
v 1.649518 -0.896688 1.274133
v 1.586045 -0.901459 1.284506
v 1.586044 -0.978494 1.280341
v 1.546459 -0.917784 1.374438
v 1.545691 -0.976005 1.374984
v 1.597062 -1.001394 1.366138
v 1.597067 -0.915838 1.380139
v 1.666773 -0.949466 1.140628
v 1.666773 -0.870998 1.155268
v 1.535871 -0.865524 1.154325
v 1.560269 -0.953337 1.164531
v 1.476283 -0.803813 1.419682
v 1.475903 -0.773521 1.276556
v 1.466418 -0.860565 1.391349
v 1.463368 -0.821878 1.266219
v 1.501114 -0.806195 1.421752
v 1.528173 -0.777060 1.283974
v 1.502317 -0.840552 1.420444
v 1.525104 -0.892550 1.160683
v 1.387504 -0.628438 0.345331
v 1.201682 -0.769302 0.344406
v 1.292092 -0.744373 0.399072
v 1.367266 -0.667643 0.405944
v 1.368404 -0.587363 0.273095
v 1.303383 -0.616810 0.206718
v 1.221598 -0.656013 0.185247
v 1.191934 -0.731811 0.257111
v 1.447536 -0.738667 0.359244
v 1.279004 -0.740740 0.429574
v 1.446148 -0.866840 0.337261
v 1.370886 -0.909071 0.375976
v 1.294192 -0.909934 0.399323
v 1.364550 -0.707864 0.405637
v 1.266694 -0.824885 0.427058
v 1.464475 -0.796928 0.351812
vn 0.4795 -0.4719 0.7399
vn 0.4362 -0.4159 0.7980
vn 0.3700 0.1034 0.9233
vn 0.5604 0.1255 0.8187
vn 0.5743 0.5928 0.5646
vn 0.3370 0.6577 0.6737
vn 0.3589 0.7495 -0.5563
vn 0.3678 0.7609 -0.5345
vn 0.4401 0.4125 -0.7976
vn 0.3099 0.4060 -0.8597
vn 0.5572 0.8285 0.0560
vn 0.3928 0.9186 0.0423
vn 0.5537 -0.7632 0.3331
vn 0.5651 -0.6692 0.4825
vn 0.9721 0.1826 0.1471
vn 0.9742 0.1524 -0.1665
vn 0.8193 0.5539 0.1482
vn 0.8070 -0.3083 0.5037
vn 0.7203 0.5749 -0.3883
vn 0.6983 0.1127 -0.7069
vn 0.2553 -0.7740 0.5795
vn 0.3982 0.7167 0.5725
vn -0.9306 -0.3488 0.1112
vn -0.5207 -0.8319 0.1919
vn 0.8500 0.3977 0.3456
vn 0.7203 -0.0978 0.6867
vn 0.1048 0.7328 -0.6724
vn 0.6396 0.7497 -0.1697
vn -0.6845 0.3017 -0.6637
vn -0.2134 -0.6024 -0.7692
vn -0.9421 -0.2009 -0.2686
vn -0.6330 -0.7295 0.2592
vn 0.3337 -0.6450 0.6875
vn 0.7025 -0.6741 -0.2282
vn 0.4633 -0.7118 -0.5279
vn 0.8782 -0.1900 -0.4389
vn 0.9712 -0.0866 -0.2221
vn 0.2022 0.9747 0.0952
vn 0.3048 0.9381 -0.1648
vn -0.5455 0.8356 0.0654
vn -0.6418 0.7073 0.2962
vn 0.8171 0.5666 -0.1067
vn 0.8219 0.5010 -0.2712
vn -0.9892 0.0763 0.1255
vn -0.9529 -0.0236 0.3023
vn 0.1340 0.6010 -0.7880
vn 0.1936 -0.1155 -0.9743
vn -0.5375 0.2166 -0.8150
vn -0.4013 -0.3526 -0.8453
vn -0.8627 -0.3702 -0.3445
vn -0.8099 -0.5271 -0.2573
vn 0.3145 -0.6602 -0.6821
vn 0.8150 -0.1870 -0.5485
vn 0.8039 0.3902 -0.4489
vn 0.3796 0.8798 -0.2862
vn -0.5871 0.7991 -0.1294
vn 0.0740 -0.9933 -0.0891
vn -0.3408 -0.8040 -0.4874
vn -0.6553 -0.7401 0.1508
vn -0.8944 -0.4471 0.0102
vn -0.9714 -0.1705 0.1651
vn -0.4830 -0.8577 -0.1763
vn 0.1929 -0.9031 -0.3836
vn 0.6620 -0.5718 -0.4845
vn 0.9517 0.1183 -0.2834
vn 0.5322 0.8227 -0.1999
vn -0.7065 0.7060 0.0484
vn -0.0330 0.9865 -0.1606
vn -0.6118 -0.7546 0.2373
vn -0.9187 -0.2597 -0.2976
vn -0.6282 0.3060 -0.7154
vn 0.1199 0.6888 -0.7150
vn 0.7346 0.6114 -0.2941
vn 0.8097 -0.2356 0.5375
vn 0.2691 -0.7186 0.6413
vn 0.9529 0.2326 0.1948
vn -0.8943 -0.2542 0.3682
vn -0.4863 -0.8655 -0.1202
vn -0.5955 -0.7674 -0.2375
vn -0.9175 -0.3976 0.0068
vn 0.6000 -0.7297 -0.3278
vn 0.9721 0.2059 -0.1125
vn 0.6337 0.7734 -0.0171
vn 0.1262 0.9820 0.1404
vn -0.8196 -0.0684 0.5688
vn -0.6510 0.6215 0.4357
vn 0.3931 0.4663 0.7925
vn 0.4102 -0.2285 0.8829
vn -0.9812 -0.1081 0.1596
vn 0.5717 0.6983 0.4308
vn -0.5687 0.8148 -0.1126
vn -0.5335 0.8340 0.1403
vn 0.6623 0.6832 0.3075
vn 0.8662 -0.0185 0.4994
vn 0.9529 0.0556 0.2981
vn -0.4442 -0.8468 -0.2927
vn 0.5907 -0.7065 0.3899
vn 0.6781 -0.7316 0.0701
vn -0.5174 -0.8396 -0.1656
vn -0.8731 0.0200 -0.4871
vn -0.9845 -0.1326 -0.1150
vn -0.8265 -0.5608 -0.0493
vn -0.3962 -0.8780 -0.2686
vn 0.3565 -0.7714 0.5271
vn -0.9972 0.0642 -0.0388
vn -0.5079 -0.5474 0.6651
vn 0.9643 -0.1332 0.2287
vn 0.9659 -0.1561 -0.2068
vn 0.2829 -0.5944 0.7528
vn 0.8641 -0.1256 0.4875
vn -0.8963 0.1257 -0.4253
vn -0.6091 0.4790 0.6321
vn -0.8429 -0.4854 0.2324
vn -0.9416 -0.3361 0.0180
vn -0.5872 0.8071 0.0621
vn 0.2265 -0.6002 0.7671
vn 0.2832 -0.9468 0.1531
vn 0.4420 0.3822 0.8115
vn 0.7307 0.6618 0.1673
s 1
usemtl Material.003
f 1524//1516 1516//1519 1519//1518 1525//1517
f 1529//1520 1522//1521 1519//1518 1516//1519
f 1523//1522 1517//1525 1521//1524 1526//1523
f 1527//1526 1518//1527 1522//1521 1529//1520
f 1527//1526 1523//1522 1526//1523 1518//1527
f 1528//1528 1524//1516 1525//1517 1520//1529
f 1619//1530 1622//1533 1543//1532 1544//1531
f 1623//1534 1619//1530 1544//1531 1541//1535
f 1621//1536 1620//1539 1546//1538 1542//1537
f 1622//1533 1621//1536 1542//1537 1543//1532
f 1529//1520 1516//1519 1534//1541 1535//1540
f 1523//1522 1527//1526 1532//1543 1531//1542
f 1517//1525 1523//1522 1531//1542 1538//1544
f 1530//1545 1517//1525 1538//1544 1536//1546
f 1528//1528 1530//1545 1536//1546 1537//1547
f 1516//1519 1524//1516 1533//1548 1534//1541
f 1524//1516 1528//1528 1537//1547 1533//1548
f 1527//1526 1529//1520 1535//1540 1532//1543
f 1560//1549 1559//1552 1552//1551 1549//1550
f 1556//1553 1557//1556 1554//1555 1550//1554
f 1548//1557 1556//1553 1550//1554 1551//1558
f 1557//1556 1558//1560 1553//1559 1554//1555
f 1624//1561 1623//1534 1541//1535 1540//1562
f 1625//1563 1624//1561 1540//1562 1547//1564
f 1626//1565 1625//1563 1547//1564 1545//1566
f 1620//1539 1626//1565 1545//1566 1546//1538
f 1552//1551 1597//1568 1578//1567 1549//1550
f 1551//1558 1598//1569 1597//1568 1552//1551
f 1550//1554 1576//1570 1598//1569 1551//1558
f 1554//1555 1572//1571 1576//1570 1550//1554
f 1559//1552 1548//1557 1551//1558 1552//1551
f 1561//1572 1560//1549 1549//1550 1539//1573
f 1562//1574 1561//1572 1539//1573 1555//1575
f 1558//1560 1562//1574 1555//1575 1553//1559
f 1633//1576 1631//1577 1562//1574 1558//1560
f 1631//1577 1630//1578 1561//1572 1562//1574
f 1630//1578 1629//1579 1560//1549 1561//1572
f 1634//1580 1627//1581 1548//1557 1559//1552
f 1628//1582 1633//1576 1558//1560 1557//1556
f 1627//1581 1632//1583 1556//1553 1548//1557
f 1632//1583 1628//1582 1557//1556 1556//1553
f 1629//1579 1634//1580 1559//1552 1560//1549
f 1537//1547 1536//1546 1570//1585 1564//1584
f 1536//1546 1538//1544 1569//1586 1570//1585
f 1538//1544 1531//1542 1568//1587 1569//1586
f 1531//1542 1532//1543 1567//1588 1568//1587
f 1534//1541 1533//1548 1566//1590 1565//1589
f 1533//1548 1537//1547 1564//1584 1566//1590
f 1532//1543 1535//1540 1563//1591 1567//1588
f 1535//1540 1534//1541 1565//1589 1563//1591
f 1610//1592 1594//1595 1574//1594 1588//1593
f 1588//1593 1574//1594 1578//1567 1589//1596
f 1608//1597 1598//1569 1576//1570 1590//1598
f 1590//1598 1576//1570 1572//1571 1587//1599
f 1592//1600 1595//1603 1575//1602 1571//1601
f 1553//1559 1593//1604 1572//1571 1554//1555
f 1585//1605 1582//1608 1579//1607 1586//1606
f 1606//1609 1600//1610 1582//1608 1585//1605
f 1583//1611 1580//1614 1581//1613 1584//1612
f 1604//1615 1602//1616 1580//1614 1583//1611
f 1591//1617 1604//1615 1583//1611 1573//1618
f 1573//1618 1583//1611 1584//1612 1577//1619
f 1595//1603 1606//1609 1585//1605 1575//1602
f 1575//1602 1585//1605 1586//1606 1571//1601
f 1582//1608 1590//1598 1587//1599 1579//1607
f 1600//1610 1608//1597 1590//1598 1582//1608
f 1580//1614 1588//1593 1589//1596 1581//1613
f 1602//1616 1610//1592 1588//1593 1580//1614
f 1579//1607 1587//1599 1609//1621 1601//1620
f 1601//1620 1609//1621 1610//1592 1602//1616
f 1581//1613 1589//1596 1607//1623 1599//1622
f 1599//1622 1607//1623 1608//1597 1600//1610
f 1577//1619 1584//1612 1605//1625 1596//1624
f 1596//1624 1605//1625 1606//1609 1595//1603
f 1571//1601 1586//1606 1603//1626 1592//1600
f 1592//1600 1603//1626 1604//1615 1591//1617
f 1586//1606 1579//1607 1601//1620 1603//1626
f 1603//1626 1601//1620 1602//1616 1604//1615
f 1584//1612 1581//1613 1599//1622 1605//1625
f 1605//1625 1599//1622 1600//1610 1606//1609
f 1555//1575 1594//1595 1593//1604 1553//1559
f 1539//1573 1574//1594 1594//1595 1555//1575
f 1573//1618 1577//1619 1596//1624 1591//1617
f 1591//1617 1596//1624 1595//1603 1592//1600
f 1589//1596 1578//1567 1597//1568 1607//1623
f 1607//1623 1597//1568 1598//1569 1608//1597
f 1609//1621 1593//1604 1594//1595 1610//1592
f 1611//1627 1612//1630 1614//1629 1613//1628
f 1613//1628 1614//1629 1618//1632 1617//1631
f 1617//1631 1618//1632 1616//1634 1615//1633
f 1615//1633 1616//1634 1612//1630 1611//1627
f 1613//1628 1617//1631 1615//1633 1611//1627
f 1618//1632 1614//1629 1593//1604 1609//1621
f 1549//1550 1578//1567 1574//1594 1539//1573
f 1616//1634 1618//1632 1609//1621 1587//1599
f 1614//1629 1612//1630 1572//1571 1593//1604
f 1612//1630 1616//1634 1587//1599 1572//1571
f 1564//1584 1570//1585 1626//1565 1620//1539
f 1570//1585 1569//1586 1625//1563 1626//1565
f 1569//1586 1568//1587 1624//1561 1625//1563
f 1568//1587 1567//1588 1623//1534 1624//1561
f 1565//1589 1566//1590 1621//1536 1622//1533
f 1566//1590 1564//1584 1620//1539 1621//1536
f 1567//1588 1563//1591 1619//1530 1623//1534
f 1563//1591 1565//1589 1622//1533 1619//1530
f 1541//1535 1544//1531 1634//1580 1629//1579
f 1542//1537 1546//1538 1628//1582 1632//1583
f 1543//1532 1542//1537 1632//1583 1627//1581
f 1546//1538 1545//1566 1633//1576 1628//1582
f 1544//1531 1543//1532 1627//1581 1634//1580
f 1540//1562 1541//1535 1629//1579 1630//1578
f 1547//1564 1540//1562 1630//1578 1631//1577
f 1545//1566 1547//1564 1631//1577 1633//1576
