# Blender 5.2.0 LTS
# www.blender.org
mtllib Strawberry.mtl
o Cube
v 0.061673 -0.101590 -1.950012
v 0.281407 5.792678 -2.003371
v 0.510862 -0.101590 -2.834196
v 0.597348 5.792678 -2.625268
v 0.945857 -0.101590 -1.500823
v 0.859371 6.050201 -1.709750
v 1.395046 -0.101590 -2.385006
v 1.175311 6.050201 -2.331647
v -0.947484 9.573166 -2.763906
v -0.741560 9.573166 -3.169246
v -0.696651 9.930305 -2.636475
v -0.490727 9.930305 -3.041815
v -2.291560 10.310416 -3.445001
v -2.084238 10.310416 -3.853094
v -2.286991 10.768125 -3.442680
v -2.079669 10.768125 -3.850773
v -3.165957 9.206676 -4.039149
v -3.079721 9.206676 -4.208896
v -3.308564 9.309950 -4.111598
v -3.222328 9.309950 -4.281344
v -2.923050 9.590025 -4.127378
v -2.578306 9.411604 -4.895231
v -2.441828 9.189910 -5.274784
v -2.435298 8.811858 -5.476769
v -2.580570 8.255051 -5.469375
v -2.820642 7.737969 -5.255502
v -3.738009 6.466401 -4.085896
v -2.705253 9.528965 -4.325909
v -2.320823 9.347127 -4.691828
v -2.056476 9.093414 -4.970369
v -1.980745 8.698033 -5.117688
v -2.126017 8.141226 -5.110294
v -2.435291 7.641473 -4.951088
v -2.926054 7.027363 -4.661022
v -3.563254 6.532393 -4.221133
v -2.648054 9.515391 -4.224255
v -2.157934 9.308473 -4.402345
v -1.812696 9.035564 -4.537127
v -1.693186 8.629795 -4.606644
v -1.838458 8.072988 -4.599249
v -2.191510 7.583623 -4.517845
v -2.763165 6.988709 -4.371538
v -3.524701 6.523244 -4.152617
v -2.632780 9.512952 -4.107850
v -2.114437 9.301527 -4.070851
v -1.747598 9.025169 -4.041013
v -1.616398 8.617533 -4.021437
v -1.761671 8.060725 -4.014043
v -2.126413 7.573228 -4.021731
v -2.719668 6.981763 -4.040045
v -3.514406 6.521600 -4.074157
v -2.661757 9.522018 -3.994416
v -2.196955 9.327346 -3.747816
v -1.871095 9.063810 -3.557556
v -1.762073 8.663113 -3.451161
v -1.907345 8.106305 -3.443767
v -2.249910 7.611869 -3.538274
v -2.802186 7.007582 -3.717010
v -3.533937 6.527711 -3.997700
v -2.730572 9.541210 -3.901220
v -2.392925 9.381999 -3.482418
v -2.164385 9.145604 -3.160359
v -2.108032 8.759596 -2.982635
v -2.253304 8.202788 -2.975241
v -2.543200 7.693664 -3.141077
v -2.998156 7.062236 -3.451611
v -3.580320 6.540647 -3.934884
v -2.828750 9.567606 -3.842452
v -2.672513 9.457167 -3.315060
v -2.582817 9.258101 -2.909891
v -2.601606 8.892294 -2.687188
v -2.746878 8.335486 -2.679794
v -2.961632 7.806159 -2.890610
v -3.277744 7.137403 -3.284254
v -3.646494 6.558437 -3.895273
v -2.941344 9.597186 -3.827058
v -2.993152 9.541405 -3.271223
v -3.062689 9.384171 -2.844284
v -3.167654 9.041004 -2.609799
v -3.312925 8.484197 -2.602404
v -3.441503 7.932230 -2.825002
v -3.598384 7.221641 -3.240416
v -3.722384 6.578375 -3.884897
v -3.051212 9.625448 -3.857382
v -3.306031 9.621888 -3.357579
v -3.530944 9.504623 -2.973525
v -3.719998 9.183087 -2.762249
v -3.865270 8.626281 -2.754854
v -3.909758 8.052683 -2.954243
v -3.911261 7.302124 -3.326773
v -3.796438 6.597425 -3.905336
v -3.141628 9.648089 -3.928808
v -3.563514 9.686365 -3.560982
v -3.916295 9.601120 -3.277939
v -4.174551 9.296912 -3.121330
v -4.319822 8.740106 -3.113935
v -4.295110 8.149179 -3.258657
v -4.168745 7.366601 -3.530176
v -3.857381 6.612685 -3.953479
v -3.198827 9.661663 -4.030461
v -3.726403 9.725019 -3.850466
v -4.160076 9.658969 -3.711182
v -4.462110 9.365150 -3.632375
v -4.607382 8.808344 -3.624980
v -4.538890 8.207028 -3.691900
v -4.331634 7.405254 -3.819659
v -3.895934 6.621834 -4.021995
v -3.214101 9.664102 -4.146866
v -3.769899 9.731964 -4.181958
v -4.225172 9.669365 -4.207295
v -4.538897 9.377413 -4.217581
v -4.684169 8.820606 -4.210187
v -4.603987 8.217423 -4.188014
v -4.375130 7.412200 -4.151152
v -3.906229 6.623478 -4.100454
v -3.185124 9.655036 -4.260301
v -3.687381 9.706145 -4.504993
v -4.101676 9.630724 -4.690752
v -4.393222 9.331833 -4.787857
v -4.538494 8.775025 -4.780462
v -4.480490 8.178782 -4.671470
v -4.292612 7.386381 -4.474187
v -3.886698 6.617367 -4.176912
v -3.116309 9.635843 -4.353496
v -3.491411 9.651492 -4.770392
v -3.808386 9.548929 -5.087949
v -4.047263 9.235350 -5.256382
v -4.192535 8.678542 -5.248988
v -4.187201 8.096988 -5.068667
v -4.096642 7.331728 -4.739585
v -3.840315 6.604431 -4.239728
v -3.018131 9.609448 -4.412264
v -3.211824 9.576324 -4.937749
v -3.389954 9.436433 -5.338417
v -3.553690 9.102652 -5.551830
v -3.698961 8.545844 -5.544436
v -3.768769 7.984492 -5.319135
v -3.817055 7.256561 -4.906943
v -3.774141 6.586640 -4.279339
v -2.905537 9.579868 -4.427658
v -2.891184 9.492087 -4.981586
v -2.910083 9.310363 -5.404024
v -2.987643 8.953941 -5.629219
v -3.132914 8.397134 -5.621824
v -3.288897 7.858421 -5.384743
v -3.496415 7.172323 -4.950780
v -3.698250 6.566702 -4.289714
v -2.795669 9.551606 -4.397334
v -3.183538 7.091839 -4.864424
v -3.624197 6.547653 -4.269275
vn -0.8912 0.0291 -0.4527
vn 0.4494 0.0244 -0.8930
vn 0.8912 0.0279 0.4528
vn -0.4562 0.0244 0.8895
vn -0.0000 -1.0000 -0.0000
vn -0.8331 -0.3560 -0.4233
vn 0.3792 0.9051 0.1926
vn -0.4673 0.0248 0.8837
vn 0.4381 0.0248 -0.8986
vn 0.8082 0.4222 0.4106
vn -0.5309 -0.0247 0.8471
vn -0.3918 -0.8982 -0.1991
vn -0.4522 -0.0003 0.8919
vn 0.4536 -0.0003 -0.8912
vn -0.4836 -0.8401 -0.2457
vn 0.3711 -0.0247 -0.9283
vn -0.6852 0.6398 -0.3481
vn 0.6463 -0.6888 0.3284
vn 0.5563 0.8052 -0.2055
vn 0.5974 -0.6790 -0.4268
vn 0.3809 -0.6259 -0.6806
vn 0.8428 0.3221 -0.4312
vn 0.2468 -0.0772 -0.9660
vn 0.5860 -0.1634 -0.7936
vn 0.4500 -0.5117 -0.7319
vn 0.3794 0.9247 -0.0304
vn 0.3291 0.9367 -0.1197
vn 0.9588 -0.2519 -0.1311
vn 0.4149 -0.8415 -0.3459
vn 0.2568 0.9663 -0.0155
vn 0.0619 -0.9262 -0.3720
vn 0.8361 -0.2248 -0.5005
vn 0.6307 0.3741 -0.6798
vn 0.6038 0.7947 -0.0626
vn 0.9356 -0.2407 0.2582
vn 0.7036 -0.7025 -0.1070
vn 0.2575 0.9662 -0.0135
vn 0.1827 -0.9558 -0.2304
vn 0.3762 0.9263 0.0221
vn 0.7961 -0.5938 -0.1169
vn 0.9272 0.3086 0.2122
vn 0.5020 -0.8608 -0.0839
vn 0.5948 0.7990 0.0881
vn 0.7700 -0.1928 0.6083
vn 0.6835 -0.6927 0.2300
vn 0.2573 0.9663 -0.0115
vn 0.3539 0.9327 0.0693
vn 0.7745 -0.5834 0.2445
vn 0.2419 -0.9689 -0.0520
vn 0.4855 -0.8528 0.1922
vn 0.7867 0.3492 0.5090
vn 0.6208 -0.5389 0.5694
vn 0.5307 0.8176 0.2235
vn 0.4871 -0.1156 0.8657
vn 0.5401 -0.6513 0.5330
vn 0.3158 0.9431 0.1039
vn 0.2307 -0.9635 0.1359
vn 0.3681 -0.8189 0.4404
vn 0.5469 0.4147 0.7273
vn 0.2565 0.9665 -0.0097
vn 0.3582 -0.4673 0.8083
vn 0.4212 0.8474 0.3231
vn 0.1301 -0.0208 0.9913
vn 0.1507 -0.9404 0.3049
vn 0.2677 0.9559 0.1209
vn 0.1675 -0.7641 0.6230
vn 0.2441 0.4951 0.8338
vn 0.2953 -0.5845 0.7558
vn 0.2550 0.9669 -0.0083
vn 0.2831 0.8841 0.3717
vn -0.2468 0.0772 0.9660
vn 0.0268 -0.3792 0.9249
vn 0.0141 -0.9031 0.4292
vn 0.1373 0.9220 0.3619
vn -0.0857 -0.6969 0.7121
vn -0.0755 0.5782 0.8124
vn -0.0138 -0.5024 0.8645
vn 0.2169 0.9691 0.1175
vn 0.2531 0.9674 -0.0077
vn -0.5860 0.1634 0.7936
vn -0.3400 -0.4176 0.8426
vn -0.3230 -0.2883 0.9014
vn 0.0060 0.9554 0.2952
vn -0.3530 -0.6274 0.6941
vn -0.3632 0.6513 0.6662
vn 0.1711 0.9807 0.0942
vn 0.2511 0.9679 -0.0078
vn -0.1582 -0.8573 0.4899
vn -0.8361 0.2248 0.5005
vn -0.6337 -0.3429 0.6934
vn -0.6379 -0.2083 0.7414
vn 0.1374 0.9890 0.0547
vn -0.5936 -0.5662 0.5719
vn -0.5753 0.7033 0.4176
vn 0.2494 0.9684 -0.0087
vn -0.3402 -0.8100 0.4777
vn -0.9588 0.2519 0.1311
vn -0.8501 -0.2898 0.4397
vn -0.8700 -0.1513 0.4693
vn -0.0907 0.9791 0.1818
vn 0.1209 0.9927 0.0049
vn -0.6794 0.7263 0.1044
vn 0.2480 0.9687 -0.0102
vn -0.7709 -0.5227 0.3640
vn -0.5040 -0.7684 0.3945
vn -0.9564 -0.2663 0.1199
vn -0.9839 -0.1261 0.1265
vn -0.1382 0.9896 0.0389
vn -0.9356 0.2407 -0.2582
vn -0.8580 -0.5035 0.1020
vn 0.2474 0.9688 -0.0122
vn -0.6597 0.7168 -0.2258
vn -0.6247 -0.7387 0.2529
vn 0.1240 0.9911 -0.0475
vn -0.9363 -0.2760 -0.2171
vn -0.9624 -0.1366 -0.2349
vn -0.1293 0.9853 -0.1118
vn -0.7700 0.1928 -0.6083
vn -0.8415 -0.5115 -0.1741
vn -0.5192 0.6762 -0.5226
vn 0.2475 0.9688 -0.0142
vn -0.6840 -0.7256 0.0745
vn 0.1463 0.9847 -0.0947
vn -0.7929 -0.3175 -0.5201
vn -0.8086 -0.1810 -0.5598
vn -0.0652 0.9668 -0.2472
vn -0.4871 0.1156 -0.8657
vn -0.7240 -0.5454 -0.4223
vn -0.2793 0.6107 -0.7409
vn -0.6728 -0.7311 -0.1134
vn 0.2484 0.9685 -0.0160
vn 0.1845 0.9743 -0.1294
vn -0.5460 -0.2527 -0.7987
vn 0.0443 0.9369 -0.3468
vn -0.1301 0.0208 -0.9913
vn -0.5480 -0.3843 -0.7429
vn 0.0235 0.5303 -0.8475
vn -0.5928 -0.7542 -0.2824
vn 0.2499 0.9681 -0.0174
vn 0.2326 0.9615 -0.1463
vn -0.5234 -0.6002 -0.6048
vn 0.1824 0.9002 -0.3954
vn -0.1019 -0.8845 -0.4552
vn -0.2390 -0.4664 -0.8517
vn 0.2517 0.9676 -0.0180
vn -0.4562 -0.7915 -0.4067
vn 0.2834 0.9483 -0.1429
vn -0.2146 -0.3407 -0.9153
vn 0.3430 0.4472 -0.8260
vn -0.2702 -0.6674 -0.6939
vn 0.3282 0.8623 -0.3856
vn 0.0872 -0.5512 -0.8298
vn 0.2537 0.9671 -0.0179
vn 0.1351 -0.4316 -0.8919
vn -0.2839 -0.8372 -0.4674
vn -0.0030 -0.7369 -0.6760
vn 0.9469 0.2991 -0.1180
vn 0.3628 0.9284 -0.0802
vn 0.2376 -0.7980 -0.5538
vn 0.6821 -0.5686 -0.4598
vn 0.2555 0.9667 -0.0170
vn 0.4595 0.8289 -0.3189
vt 0.375000 0.000000
vt 0.625000 0.000000
vt 0.625000 0.250000
vt 0.375000 0.250000
vt 0.625000 0.500000
vt 0.375000 0.500000
vt 0.625000 0.750000
vt 0.375000 0.750000
vt 0.625000 1.000000
vt 0.375000 1.000000
vt 0.125000 0.500000
vt 0.125000 0.750000
vt 0.875000 0.500000
vt 0.875000 0.750000
vt 0.625000 0.687500
vt 0.687500 0.687500
vt 0.687500 0.812500
vt 0.625000 0.812500
vt 0.625000 0.187500
vt 0.687500 0.187500
vt 0.687500 0.312500
vt 0.625000 0.312500
vt 0.750000 0.187500
vt 0.750000 0.312500
vt 0.625000 0.562500
vt 0.687500 0.562500
vt 0.750000 0.562500
vt 0.750000 0.437500
vt 0.812500 0.437500
vt 0.812500 0.562500
vt 0.687500 0.437500
vt 0.562500 0.812500
vt 0.625000 0.937500
vt 0.562500 0.937500
vt 0.750000 0.812500
vt 0.750000 0.937500
vt 0.687500 0.937500
vt 0.562500 0.437500
vt 0.625000 0.437500
vt 0.562500 0.562500
vt 0.625000 0.062500
vt 0.687500 0.062500
vt 0.640625 1.000000
vt 0.734375 0.000000
vt 0.750000 0.062500
vt 0.750000 0.687500
vt 0.562500 0.687500
vt 0.500000 0.437500
vt 0.500000 0.562500
vt 0.562500 0.187500
vt 0.562500 0.312500
vt 0.578125 1.000000
vt 0.671875 0.000000
vt 0.500000 0.812500
vt 0.500000 0.937500
vt 0.500000 0.687500
vt 0.562500 0.062500
vt 0.437500 0.437500
vt 0.437500 0.562500
vt 0.500000 0.187500
vt 0.500000 0.312500
vt 0.515625 1.000000
vt 0.437500 0.812500
vt 0.437500 0.937500
vt 0.609375 0.000000
vt 0.500000 0.062500
vt 0.437500 0.687500
vt 0.437500 0.312500
vt 0.375000 0.437500
vt 0.375000 0.562500
vt 0.437500 0.187500
vt 0.375000 0.812500
vt 0.375000 0.937500
vt 0.546875 0.000000
vt 0.437500 0.062500
vt 0.375000 0.687500
vt 0.453125 1.000000
vt 0.375000 0.312500
vt 0.312500 0.437500
vt 0.312500 0.562500
vt 0.484375 0.000000
vt 0.312500 0.812500
vt 0.312500 0.937500
vt 0.375000 0.062500
vt 0.375000 0.187500
vt 0.312500 0.687500
vt 0.390625 1.000000
vt 0.250000 0.437500
vt 0.250000 0.562500
vt 0.312500 0.312500
vt 0.421875 0.000000
vt 0.250000 0.687500
vt 0.250000 0.812500
vt 0.312500 0.062500
vt 0.312500 0.187500
vt 0.250000 0.937500
vt 0.328125 1.000000
vt 0.187500 0.437500
vt 0.187500 0.562500
vt 0.250000 0.187500
vt 0.250000 0.312500
vt 0.187500 0.687500
vt 0.187500 0.812500
vt 0.250000 0.062500
vt 0.187500 0.937500
vt 0.265625 1.000000
vt 0.359375 0.000000
vt 0.125000 0.437500
vt 0.125000 0.562500
vt 0.187500 0.187500
vt 0.187500 0.312500
vt 0.125000 0.812500
vt 0.125000 0.937500
vt 0.187500 0.062500
vt 0.125000 0.687500
vt 0.203125 1.000000
vt 0.296875 0.000000
vt 0.062500 0.437500
vt 0.062500 0.562500
vt 0.125000 0.187500
vt 0.125000 0.312500
vt 0.062500 0.812500
vt 0.062500 0.937500
vt 0.062500 0.687500
vt 0.140625 1.000000
vt 0.125000 0.062500
vt 0.234375 0.000000
vt 0.062500 0.187500
vt 0.062500 0.312500
vt 0.000000 0.437500
vt 1.000000 0.562500
vt 0.062500 0.062500
vt 0.078125 1.000000
vt 0.000000 0.562500
vt 1.000000 0.687500
vt 0.171875 0.000000
vt 0.000000 0.812500
vt 1.000000 0.937500
vt 0.000000 0.187500
vt 1.000000 0.312500
vt 0.000000 0.312500
vt 1.000000 0.437500
vt 0.000000 0.687500
vt 1.000000 0.812500
vt 0.937500 0.437500
vt 0.937500 0.562500
vt 0.000000 0.062500
vt 1.000000 0.187500
vt 0.937500 0.687500
vt 0.015625 1.000000
vt 0.000000 0.937500
vt 0.109375 0.000000
vt 0.937500 0.812500
vt 0.937500 0.937500
vt 0.937500 0.187500
vt 0.937500 0.312500
vt 0.875000 0.437500
vt 0.875000 0.562500
vt 0.937500 0.062500
vt 0.875000 0.687500
vt 0.046875 0.000000
vt 0.953125 1.000000
vt 0.875000 0.812500
vt 0.875000 0.937500
vt 0.875000 0.312500
vt 0.875000 0.187500
vt 0.812500 0.687500
vt 0.984375 0.000000
vt 1.000000 0.062500
vt 0.890625 1.000000
vt 0.812500 0.812500
vt 0.812500 0.937500
vt 0.875000 0.062500
vt 0.796875 0.000000
vt 0.812500 0.062500
vt 0.812500 0.187500
vt 0.812500 0.312500
vt 0.828125 1.000000
vt 0.921875 0.000000
vt 0.765625 1.000000
vt 0.859375 0.000000
vt 0.703125 1.000000
s 0
usemtl Material.001
f 1/1/1 2/2/1 4/3/1 3/4/1
f 3/4/2 4/3/2 8/5/2 7/6/2
f 7/6/3 8/5/3 6/7/3 5/8/3
f 5/8/4 6/7/4 2/9/4 1/10/4
f 3/11/5 7/6/5 5/8/5 1/12/5
f 4/3/6 2/2/6 9/2/6 10/3/6
f 11/7/7 12/5/7 16/5/7 15/7/7
f 2/9/8 6/7/8 11/7/8 9/9/8
f 8/5/9 4/3/9 10/3/9 12/5/9
f 6/7/10 8/5/10 12/5/10 11/7/10
f 13/9/11 15/7/11 19/7/11 17/9/11
f 10/3/12 9/2/12 13/2/12 14/3/12
f 9/9/13 11/7/13 15/7/13 13/9/13
f 12/5/14 10/3/14 14/3/14 16/5/14
f 20/5/15 18/13/15 17/14/15 19/7/15
f 16/5/16 14/3/16 18/3/16 20/5/16
f 15/7/17 16/5/17 20/5/17 19/7/17
f 14/3/18 13/2/18 17/2/18 18/3/18
usemtl Material.002
f 38/15/19 30/16/19 29/17/19 37/18/19
f 42/19/20 34/20/20 33/21/20 41/22/20
f 34/20/21 149/23/21 26/24/21 33/21/21
f 39/25/22 31/26/22 30/16/22 38/15/22
f 24/27/23 25/28/23 144/29/23 143/30/23
f 32/31/24 25/28/24 24/27/24 31/26/24
f 26/24/25 25/28/25 32/31/25 33/21/25
f 45/32/26 37/18/26 36/33/26 44/34/26
f 29/17/27 22/35/27 148/36/27 28/37/27
f 48/38/28 40/39/28 39/25/28 47/40/28
f 43/41/29 35/42/29 34/20/29 42/19/29
f 21/43/30 36/33/30 28/37/30
f 27/44/31 150/45/31 35/42/31
f 40/39/32 32/31/32 31/26/32 39/25/32
f 24/27/33 23/46/33 30/16/33 31/26/33
f 46/47/34 38/15/34 37/18/34 45/32/34
f 56/48/35 48/38/35 47/40/35 55/49/35
f 50/50/36 42/19/36 41/22/36 49/51/36
f 21/52/37 44/34/37 36/33/37
f 27/53/38 35/42/38 43/41/38
f 53/54/39 45/32/39 44/34/39 52/55/39
f 49/51/40 41/22/40 40/39/40 48/38/40
f 55/49/41 47/40/41 46/47/41 54/56/41
f 51/57/42 43/41/42 42/19/42 50/50/42
f 54/56/43 46/47/43 45/32/43 53/54/43
f 64/58/44 56/48/44 55/49/44 63/59/44
f 58/60/45 50/50/45 49/51/45 57/61/45
f 21/62/46 52/55/46 44/34/46
f 61/63/47 53/54/47 52/55/47 60/64/47
f 57/61/48 49/51/48 48/38/48 56/48/48
f 27/65/49 43/41/49 51/57/49
f 59/66/50 51/57/50 50/50/50 58/60/50
f 63/59/51 55/49/51 54/56/51 62/67/51
f 65/68/52 57/61/52 56/48/52 64/58/52
f 62/67/53 54/56/53 53/54/53 61/63/53
f 72/69/54 64/58/54 63/59/54 71/70/54
f 66/71/55 58/60/55 57/61/55 65/68/55
f 69/72/56 61/63/56 60/64/56 68/73/56
f 27/74/57 51/57/57 59/66/57
f 67/75/58 59/66/58 58/60/58 66/71/58
f 71/70/59 63/59/59 62/67/59 70/76/59
f 21/77/60 60/64/60 52/55/60
f 73/78/61 65/68/61 64/58/61 72/69/61
f 70/76/62 62/67/62 61/63/62 69/72/62
f 80/79/63 72/69/63 71/70/63 79/80/63
f 27/81/64 59/66/64 67/75/64
f 77/82/65 69/72/65 68/73/65 76/83/65
f 75/84/66 67/75/66 66/71/66 74/85/66
f 79/80/67 71/70/67 70/76/67 78/86/67
f 74/85/68 66/71/68 65/68/68 73/78/68
f 21/87/69 68/73/69 60/64/69
f 78/86/70 70/76/70 69/72/70 77/82/70
f 88/88/71 80/79/71 79/80/71 87/89/71
f 81/90/72 73/78/72 72/69/72 80/79/72
f 27/91/73 67/75/73 75/84/73
f 86/92/74 78/86/74 77/82/74 85/93/74
f 83/94/75 75/84/75 74/85/75 82/95/75
f 87/89/76 79/80/76 78/86/76 86/92/76
f 82/95/77 74/85/77 73/78/77 81/90/77
f 85/93/78 77/82/78 76/83/78 84/96/78
f 21/97/79 76/83/79 68/73/79
f 96/98/80 88/88/80 87/89/80 95/99/80
f 90/100/81 82/95/81 81/90/81 89/101/81
f 89/101/82 81/90/82 80/79/82 88/88/82
f 94/102/83 86/92/83 85/93/83 93/103/83
f 91/104/84 83/94/84 82/95/84 90/100/84
f 95/99/85 87/89/85 86/92/85 94/102/85
f 93/103/86 85/93/86 84/96/86 92/105/86
f 21/106/87 84/96/87 76/83/87
f 27/107/88 75/84/88 83/94/88
f 104/108/89 96/98/89 95/99/89 103/109/89
f 98/110/90 90/100/90 89/101/90 97/111/90
f 97/111/91 89/101/91 88/88/91 96/98/91
f 101/112/92 93/103/92 92/105/92 100/113/92
f 99/114/93 91/104/93 90/100/93 98/110/93
f 103/109/94 95/99/94 94/102/94 102/115/94
f 21/116/95 92/105/95 84/96/95
f 27/117/96 83/94/96 91/104/96
f 112/118/97 104/108/97 103/109/97 111/119/97
f 106/120/98 98/110/98 97/111/98 105/121/98
f 105/121/99 97/111/99 96/98/99 104/108/99
f 102/115/100 94/102/100 93/103/100 101/112/100
f 109/122/101 101/112/101 100/113/101 108/123/101
f 111/119/102 103/109/102 102/115/102 110/124/102
f 21/125/103 100/113/103 92/105/103
f 107/126/104 99/114/104 98/110/104 106/120/104
f 27/127/105 91/104/105 99/114/105
f 114/128/106 106/120/106 105/121/106 113/129/106
f 113/129/107 105/121/107 104/108/107 112/118/107
f 110/124/108 102/115/108 101/112/108 109/122/108
f 120/130/109 112/118/109 111/119/109 119/131/109
f 115/132/110 107/126/110 106/120/110 114/128/110
f 21/133/111 108/123/111 100/113/111
f 119/134/112 111/119/112 110/124/112 118/135/112
f 27/136/113 99/114/113 107/126/113
f 117/137/114 109/122/114 108/123/114 116/138/114
f 122/139/115 114/128/115 113/129/115 121/140/115
f 121/141/116 113/129/116 112/118/116 120/142/116
f 118/143/117 110/124/117 109/122/117 117/144/117
f 128/145/118 120/130/118 119/131/118 127/146/118
f 123/147/119 115/132/119 114/128/119 122/148/119
f 127/146/120 119/134/120 118/135/120 126/149/120
f 21/150/121 116/151/121 108/123/121
f 27/152/122 107/126/122 115/132/122
f 125/153/123 117/137/123 116/138/123 124/154/123
f 130/155/124 122/139/124 121/140/124 129/156/124
f 129/156/125 121/141/125 120/142/125 128/145/125
f 126/149/126 118/143/126 117/144/126 125/153/126
f 136/157/127 128/145/127 127/146/127 135/158/127
f 131/159/128 123/147/128 122/148/128 130/155/128
f 135/158/129 127/146/129 126/149/129 134/160/129
f 27/161/130 115/132/130 123/147/130
f 21/162/131 124/154/131 116/138/131
f 133/163/132 125/153/132 124/154/132 132/164/132
f 137/165/133 129/156/133 128/145/133 136/157/133
f 134/160/134 126/149/134 125/153/134 133/163/134
f 144/29/135 136/157/135 135/158/135 143/30/135
f 138/166/136 130/155/136 129/156/136 137/165/136
f 143/30/137 135/158/137 134/160/137 142/167/137
f 27/168/138 123/169/138 131/159/138
f 21/170/139 132/164/139 124/154/139
f 141/171/140 133/163/140 132/164/140 140/172/140
f 139/173/141 131/159/141 130/155/141 138/166/141
f 142/167/142 134/160/142 133/163/142 141/171/142
f 27/174/143 147/175/143 150/45/143
f 146/176/144 138/166/144 137/165/144 145/177/144
f 21/178/145 140/172/145 132/164/145
f 27/179/146 131/159/146 139/173/146
f 22/35/147 141/171/147 140/172/147 148/36/147
f 145/177/148 137/165/148 136/157/148 144/29/148
f 143/30/149 142/167/149 23/46/149 24/27/149
f 147/175/150 139/173/150 138/166/150 146/176/150
f 142/167/151 141/171/151 22/35/151 23/46/151
f 149/23/152 146/176/152 145/177/152 26/24/152
f 21/180/153 148/36/153 140/172/153
f 145/177/154 144/29/154 25/28/154 26/24/154
f 27/181/155 139/173/155 147/175/155
f 150/45/156 147/175/156 146/176/156 149/23/156
f 47/40/157 39/25/157 38/15/157 46/47/157
f 37/18/158 29/17/158 28/37/158 36/33/158
f 35/42/159 150/45/159 149/23/159 34/20/159
f 41/22/160 33/21/160 32/31/160 40/39/160
f 21/182/161 28/37/161 148/36/161
f 23/46/162 22/35/162 29/17/162 30/16/162
o Plane
v 0.199856 0.612953 -2.094228
v 2.622904 0.612953 -2.848544
v -0.398849 1.103316 -2.772887
v 2.730604 1.103316 -3.747113
v -0.635083 1.404074 -5.107792
v 1.599782 1.404074 -5.803525
v -0.051667 1.072168 -7.171050
v 1.544320 0.000000 -2.044351
v -0.567360 1.352843 -3.937877
v 2.208080 1.352843 -4.801896
v 0.163449 0.442373 -2.211176
v 2.586497 0.442373 -2.965492
v -0.420857 0.906801 -2.843579
v 2.708597 0.906801 -3.817806
v -0.632848 1.194208 -5.100614
v 1.602017 1.194208 -5.796347
v -0.040327 0.865662 -7.134624
v 1.493896 -0.123781 -2.206326
v -0.576016 1.144872 -3.965683
v 2.199424 1.144872 -4.829701
vn 0.1517 0.8599 0.4874
vn 0.0134 0.9990 0.0430
vn -0.0540 0.9834 -0.1735
vn 0.2401 0.5894 0.7713
vn 0.0624 0.9777 0.2004
vn -0.1524 -0.8585 -0.4896
vn -0.0133 -0.9990 -0.0428
vn 0.0544 -0.9831 0.1746
vn -0.2427 -0.5771 -0.7797
vn -0.0619 -0.9781 -0.1989
vn -0.7908 -0.1741 0.5868
vn 0.9841 -0.1741 0.0342
vn 0.8529 0.0127 -0.5218
vn -0.9882 0.0388 0.1481
vn -0.9620 -0.0593 -0.2665
vn -0.2855 -0.6135 0.7363
vn 0.6407 -0.0593 -0.7655
vn 0.6530 -0.6135 0.4442
vn -0.9984 0.0127 0.0545
vn 0.8977 0.0388 -0.4390
vt 0.000000 0.000000
vt 1.000000 0.000000
vt 1.000000 1.000000
vt 0.000000 1.000000
s 0
usemtl Material
f 151/183/163 152/184/163 154/185/163 153/186/163
f 156/185/164 155/186/164 159/183/164 160/183/164
f 155/186/165 156/185/165 157/186/165
f 152/184/166 151/183/166 158/184/166
f 154/185/167 160/183/167 159/183/167 153/186/167
f 161/183/168 163/186/168 164/185/168 162/184/168
f 166/185/169 170/183/169 169/183/169 165/186/169
f 165/186/170 167/186/170 166/185/170
f 162/184/171 168/184/171 161/183/171
f 164/185/172 163/186/172 169/183/172 170/183/172
f 151/183/173 153/186/173 163/186/173 161/183/173
f 154/185/174 152/184/174 162/184/174 164/185/174
f 156/185/175 160/183/175 170/183/175 166/185/175
f 153/186/176 159/183/176 169/183/176 163/186/176
f 155/186/177 157/186/177 167/186/177 165/186/177
f 158/184/178 151/183/178 161/183/178 168/184/178
f 157/186/179 156/185/179 166/185/179 167/186/179
f 152/184/180 158/184/180 168/184/180 162/184/180
f 159/183/181 155/186/181 165/186/181 169/183/181
f 160/183/182 154/185/182 164/185/182 170/183/182
o Plane.001
v 3.826827 0.612953 -3.279024
v 6.067249 0.612953 -2.087107
v 3.888171 1.103316 -4.181943
v 6.781756 1.103316 -2.642540
v 5.381814 1.404074 -5.992086
v 7.448236 1.404074 -4.892738
v 7.258840 1.072168 -7.028514
v 4.736977 0.000000 -2.288217
v 4.597798 1.352843 -5.121106
v 7.164053 1.352843 -3.755845
v 3.884355 0.442373 -3.387158
v 6.124777 0.442373 -2.195242
v 3.922945 0.906801 -4.247307
v 6.816531 0.906801 -2.707904
v 5.378284 1.194208 -5.985449
v 7.444706 1.194208 -4.886102
v 7.240922 0.865662 -6.994834
v 4.816653 -0.123781 -2.437983
v 4.611476 1.144872 -5.146816
v 7.177731 1.144872 -3.781555
vn -0.2398 0.8599 0.4507
vn -0.0211 0.9990 0.0397
vn 0.0853 0.9834 -0.1604
vn -0.3794 0.5894 0.7132
vn -0.0986 0.9777 0.1853
vn 0.2409 -0.8585 -0.4527
vn 0.0210 -0.9990 -0.0395
vn -0.0859 -0.9831 0.1615
vn 0.3836 -0.5771 -0.7210
vn 0.0979 -0.9781 -0.1840
vn -0.9733 -0.1741 -0.1495
vn 0.6678 -0.1741 0.7237
vn 0.9709 0.0127 0.2393
vn -0.8003 0.0388 -0.5983
vn -0.4871 -0.0593 -0.8713
vn -0.7242 -0.6135 0.3149
vn 0.9948 -0.0593 -0.0829
vn 0.1435 -0.6135 0.7766
vn -0.7410 0.0127 -0.6714
vn 0.9434 0.0388 0.3294
vt 0.000000 0.000000
vt 1.000000 0.000000
vt 1.000000 1.000000
vt 0.000000 1.000000
s 0
usemtl Material
f 171/187/183 172/188/183 174/189/183 173/190/183
f 176/189/184 175/190/184 179/187/184 180/187/184
f 175/190/185 176/189/185 177/190/185
f 172/188/186 171/187/186 178/188/186
f 174/189/187 180/187/187 179/187/187 173/190/187
f 181/187/188 183/190/188 184/189/188 182/188/188
f 186/189/189 190/187/189 189/187/189 185/190/189
f 185/190/190 187/190/190 186/189/190
f 182/188/191 188/188/191 181/187/191
f 184/189/192 183/190/192 189/187/192 190/187/192
f 171/187/193 173/190/193 183/190/193 181/187/193
f 174/189/194 172/188/194 182/188/194 184/189/194
f 176/189/195 180/187/195 190/187/195 186/189/195
f 173/190/196 179/187/196 189/187/196 183/190/196
f 175/190/197 177/190/197 187/190/197 185/190/197
f 178/188/198 171/187/198 181/187/198 188/188/198
f 177/190/199 176/189/199 186/189/199 187/190/199
f 172/188/200 178/188/200 188/188/200 182/188/200
f 179/187/201 175/190/201 185/190/201 189/187/201
f 180/187/202 174/189/202 184/189/202 190/187/202
o Plane.002
v 4.682333 0.612953 -2.538739
v 6.089160 0.612953 -0.426633
v 5.164677 1.103316 -3.304487
v 6.981645 1.103316 -0.576626
v 7.338274 1.404074 -4.189397
v 8.635841 1.404074 -2.241325
v 9.482319 1.072168 -4.211321
v 5.013512 0.000000 -1.234749
v 6.234906 1.352843 -3.794598
v 7.846333 1.352843 -1.375321
v 4.784274 0.442373 -2.606640
v 6.191101 0.442373 -0.494533
v 5.226297 0.906801 -3.345531
v 7.043265 0.906801 -0.617670
v 7.332017 1.194208 -4.185229
v 8.629584 1.194208 -2.237157
v 9.450567 0.865662 -4.190172
v 5.154700 -0.123781 -1.328791
v 6.259143 1.144872 -3.810742
v 7.870569 1.144872 -1.391465
vn -0.4249 0.8599 0.2830
vn -0.0375 0.9990 0.0249
vn 0.1512 0.9834 -0.1007
vn -0.6723 0.5894 0.4478
vn -0.1747 0.9777 0.1163
vn 0.4268 -0.8585 -0.2843
vn 0.0373 -0.9990 -0.0248
vn -0.1522 -0.9831 0.1014
vn 0.6797 -0.5771 -0.4527
vn 0.1734 -0.9781 -0.1155
vn -0.7859 -0.1741 -0.5933
vn 0.2446 -0.1741 0.9539
vn 0.7411 0.0127 0.6712
vn -0.4207 0.0388 -0.9064
vn -0.0155 -0.0593 -0.9981
vn -0.7869 -0.6135 -0.0663
vn 0.9151 -0.0593 0.3989
vn -0.2421 -0.6135 0.7517
vn -0.3338 0.0127 -0.9426
vn 0.6742 0.0388 0.7375
vt 0.000000 0.000000
vt 1.000000 0.000000
vt 1.000000 1.000000
vt 0.000000 1.000000
s 0
usemtl Material
f 191/191/203 192/192/203 194/193/203 193/194/203
f 196/193/204 195/194/204 199/191/204 200/191/204
f 195/194/205 196/193/205 197/194/205
f 192/192/206 191/191/206 198/192/206
f 194/193/207 200/191/207 199/191/207 193/194/207
f 201/191/208 203/194/208 204/193/208 202/192/208
f 206/193/209 210/191/209 209/191/209 205/194/209
f 205/194/210 207/194/210 206/193/210
f 202/192/211 208/192/211 201/191/211
f 204/193/212 203/194/212 209/191/212 210/191/212
f 191/191/213 193/194/213 203/194/213 201/191/213
f 194/193/214 192/192/214 202/192/214 204/193/214
f 196/193/215 200/191/215 210/191/215 206/193/215
f 193/194/216 199/191/216 209/191/216 203/194/216
f 195/194/217 197/194/217 207/194/217 205/194/217
f 198/192/218 191/191/218 201/191/218 208/192/218
f 197/194/219 196/193/219 206/193/219 207/194/219
f 192/192/220 198/192/220 208/192/220 202/192/220
f 199/191/221 195/194/221 205/194/221 209/191/221
f 200/191/222 194/193/222 204/193/222 210/191/222
o Plane.003
v 4.458179 0.612953 -1.346810
v 2.699564 0.612953 0.482788
v 5.309996 1.103316 -1.041141
v 3.038682 1.103316 1.321851
v 6.643257 1.404074 0.890181
v 5.021222 1.404074 2.577686
v 7.127499 1.072168 2.978941
v 3.256425 0.000000 -0.741946
v 6.019582 1.352843 -0.101946
v 4.005205 1.352843 1.993737
v 4.546484 0.442373 -1.261930
v 2.787870 0.442373 0.567668
v 5.363375 0.906801 -0.989833
v 3.092060 0.906801 1.373158
v 6.637836 1.194208 0.884972
v 5.015802 1.194208 2.572476
v 7.099995 0.865662 2.952504
v 3.378729 -0.123781 -0.624388
v 6.040577 1.144872 -0.081765
v 4.026200 1.144872 2.013917
vn -0.3681 0.8599 -0.3538
vn -0.0324 0.9990 -0.0312
vn 0.1310 0.9834 0.1259
vn -0.5824 0.5894 -0.5598
vn -0.1513 0.9777 -0.1454
vn 0.3697 -0.8585 0.3554
vn 0.0323 -0.9990 0.0310
vn -0.1319 -0.9831 -0.1268
vn 0.5888 -0.5771 0.5659
vn 0.1502 -0.9781 0.1444
vn 0.4097 -0.1741 -0.8955
vn -0.8786 -0.1741 0.4448
vn -0.4954 0.0127 0.8686
vn 0.7942 0.0388 -0.6065
vn 0.9712 -0.0593 -0.2306
vn -0.1051 -0.6135 -0.7827
vn -0.1920 -0.0593 0.9796
vn -0.7862 -0.6135 -0.0741
vn 0.8483 0.0127 -0.5294
vn -0.5746 0.0388 0.8175
vt 0.000000 0.000000
vt 1.000000 0.000000
vt 1.000000 1.000000
vt 0.000000 1.000000
s 0
usemtl Material
f 211/195/223 212/196/223 214/197/223 213/198/223
f 216/197/224 215/198/224 219/195/224 220/195/224
f 215/198/225 216/197/225 217/198/225
f 212/196/226 211/195/226 218/196/226
f 214/197/227 220/195/227 219/195/227 213/198/227
f 221/195/228 223/198/228 224/197/228 222/196/228
f 226/197/229 230/195/229 229/195/229 225/198/229
f 225/198/230 227/198/230 226/197/230
f 222/196/231 228/196/231 221/195/231
f 224/197/232 223/198/232 229/195/232 230/195/232
f 211/195/233 213/198/233 223/198/233 221/195/233
f 214/197/234 212/196/234 222/196/234 224/197/234
f 216/197/235 220/195/235 230/195/235 226/197/235
f 213/198/236 219/195/236 229/195/236 223/198/236
f 215/198/237 217/198/237 227/198/237 225/198/237
f 218/196/238 211/195/238 221/195/238 228/196/238
f 217/198/239 216/197/239 226/197/239 227/198/239
f 212/196/240 218/196/240 228/196/240 222/196/240
f 219/195/241 215/198/241 225/198/241 229/195/241
f 220/195/242 214/197/242 224/197/242 230/195/242
o Plane.004
v 2.550288 0.612953 -0.111652
v 0.052037 0.612953 -0.557627
v 2.769304 1.103316 0.766448
v -0.457277 1.103316 0.190454
v 1.904005 1.404074 2.947925
v -0.400223 1.404074 2.536586
v 0.436163 1.072168 4.510887
v 1.379761 0.000000 -0.774928
v 2.382524 1.352843 1.878202
v -0.479058 1.352843 1.367367
v 2.528763 0.442373 0.008927
v 0.030512 0.442373 -0.437049
v 2.756293 0.906801 0.839334
v -0.470289 0.906801 0.263341
v 1.905326 1.194208 2.940524
v -0.398902 1.194208 2.529185
v 0.442868 0.865662 4.473330
v 1.349948 -0.123781 -0.607926
v 2.377406 1.144872 1.906871
v -0.484175 1.144872 1.396035
vn 0.0897 0.8599 -0.5026
vn 0.0079 0.9990 -0.0443
vn -0.0319 0.9834 0.1788
vn 0.1420 0.5894 -0.7952
vn 0.0369 0.9777 -0.2066
vn -0.0901 -0.8585 0.5048
vn -0.0079 -0.9990 0.0441
vn 0.0321 -0.9831 -0.1801
vn -0.1435 -0.5771 0.8040
vn -0.0366 -0.9781 0.2051
vn 0.9722 -0.1741 -0.1568
vn -0.8579 -0.1741 -0.4835
vn -0.9974 0.0127 0.0705
vn 0.9454 0.0388 0.3235
vn 0.7313 -0.0593 0.6795
vn 0.5924 -0.6135 -0.5222
vn -0.9212 -0.0593 0.3845
vn -0.3752 -0.6135 -0.6949
vn 0.9114 0.0127 0.4113
vn -0.9990 0.0388 -0.0236
vt 0.000000 0.000000
vt 1.000000 0.000000
vt 1.000000 1.000000
vt 0.000000 1.000000
s 0
usemtl Material
f 231/199/243 232/200/243 234/201/243 233/202/243
f 236/201/244 235/202/244 239/199/244 240/199/244
f 235/202/245 236/201/245 237/202/245
f 232/200/246 231/199/246 238/200/246
f 234/201/247 240/199/247 239/199/247 233/202/247
f 241/199/248 243/202/248 244/201/248 242/200/248
f 246/201/249 250/199/249 249/199/249 245/202/249
f 245/202/250 247/202/250 246/201/250
f 242/200/251 248/200/251 241/199/251
f 244/201/252 243/202/252 249/199/252 250/199/252
f 231/199/253 233/202/253 243/202/253 241/199/253
f 234/201/254 232/200/254 242/200/254 244/201/254
f 236/201/255 240/199/255 250/199/255 246/201/255
f 233/202/256 239/199/256 249/199/256 243/202/256
f 235/202/257 237/202/257 247/202/257 245/202/257
f 238/200/258 231/199/258 241/199/258 248/200/258
f 237/202/259 236/201/259 246/201/259 247/202/259
f 232/200/260 238/200/260 248/200/260 242/200/260
f 239/199/261 235/202/261 245/202/261 249/199/261
f 240/199/262 234/201/262 244/201/262 250/199/262
o Plane.005
v 0.392178 0.612953 0.194638
v 0.590858 0.612953 -2.335319
v -0.460193 1.103316 0.498761
v -0.203590 1.103316 -2.768769
v -2.716051 1.404074 -0.148303
v -2.532801 1.404074 -2.481774
v -4.415504 1.072168 -1.455694
v 0.937394 0.000000 -1.035326
v -1.604535 1.352843 0.222939
v -1.376961 1.352843 -2.674958
v 0.270069 0.442373 0.185049
v 0.468749 0.442373 -2.344908
v -0.534004 0.906801 0.492965
v -0.277402 0.906801 -2.774566
v -2.708556 1.194208 -0.147715
v -2.525306 1.194208 -2.481186
v -4.377470 0.865662 -1.452707
v 0.768273 -0.123781 -1.048607
v -1.633567 1.144872 0.220659
v -1.405993 1.144872 -2.677238
vn 0.5089 0.8599 0.0400
vn 0.0449 0.9990 0.0035
vn -0.1811 0.9834 -0.0142
vn 0.8053 0.5894 0.0632
vn 0.2092 0.9777 0.0164
vn -0.5112 -0.8585 -0.0401
vn -0.0446 -0.9990 -0.0035
vn 0.1823 -0.9831 0.0143
vn -0.8142 -0.5771 -0.0639
vn -0.2077 -0.9781 -0.0163
vn 0.2514 -0.1741 0.9521
vn 0.3970 -0.1741 -0.9012
vn -0.1681 0.0127 -0.9857
vn -0.2291 0.0388 0.9726
vn -0.6045 -0.0593 0.7944
vn 0.5778 -0.6135 0.5383
vn -0.4731 -0.0593 -0.8790
vn 0.6547 -0.6135 -0.4415
vn -0.3199 0.0127 0.9474
vn -0.0745 0.0388 -0.9965
vt 0.000000 0.000000
vt 1.000000 0.000000
vt 1.000000 1.000000
vt 0.000000 1.000000
s 0
usemtl Material
f 251/203/263 252/204/263 254/205/263 253/206/263
f 256/205/264 255/206/264 259/203/264 260/203/264
f 255/206/265 256/205/265 257/206/265
f 252/204/266 251/203/266 258/204/266
f 254/205/267 260/203/267 259/203/267 253/206/267
f 261/203/268 263/206/268 264/205/268 262/204/268
f 266/205/269 270/203/269 269/203/269 265/206/269
f 265/206/270 267/206/270 266/205/270
f 262/204/271 268/204/271 261/203/271
f 264/205/272 263/206/272 269/203/272 270/203/272
f 251/203/273 253/206/273 263/206/273 261/203/273
f 254/205/274 252/204/274 262/204/274 264/205/274
f 256/205/275 260/203/275 270/203/275 266/205/275
f 253/206/276 259/203/276 269/203/276 263/206/276
f 255/206/277 257/206/277 267/206/277 265/206/277
f 258/204/278 251/203/278 261/203/278 268/204/278
f 257/206/279 256/205/279 266/205/279 267/206/279
f 252/204/280 258/204/280 268/204/280 262/204/280
f 259/203/281 255/206/281 265/206/281 269/203/281
f 260/203/282 254/205/282 264/205/282 270/203/282
o Cube.001
v 2.227959 -0.101590 -3.179053
v 2.453280 5.792678 -3.160059
v 2.934099 -0.101590 -3.875413
v 2.949949 5.792678 -3.649849
v 2.924320 -0.101590 -2.472913
v 2.908470 6.050201 -2.698477
v 3.630460 -0.101590 -3.169274
v 3.405138 6.050201 -3.188267
v 1.528588 9.573166 -4.270703
v 1.852306 9.573166 -4.589939
v 1.726138 9.930305 -4.070379
v 2.049857 9.930305 -4.389615
v 0.469478 10.310416 -5.342486
v 0.795396 10.310416 -5.663890
v 0.473077 10.768125 -5.338837
v 0.798994 10.768125 -5.660241
v -0.171681 9.206676 -6.183020
v -0.036116 9.206676 -6.316708
v -0.283995 9.309950 -6.296911
v -0.148430 9.309950 -6.430599
v 0.086665 9.590025 -6.189759
v 0.656888 9.411604 -6.808866
v 0.906569 9.189910 -7.125640
v 0.976745 8.811858 -7.315155
v 0.836612 8.255051 -7.354159
v 0.541155 7.737969 -7.227348
v -0.699466 6.466401 -6.408568
v 0.356135 9.528965 -6.309074
v 0.836680 9.347127 -6.534374
v 1.175647 9.093414 -6.714835
v 1.294144 8.698033 -6.830578
v 1.154011 8.141226 -6.869582
v 0.810232 7.641473 -6.816543
v 0.252858 7.027363 -6.696873
v -0.490872 6.532393 -6.481483
v 0.378187 9.515391 -6.194537
v 0.899481 9.308473 -6.208200
v 1.269635 9.035564 -6.226681
v 1.405011 8.629795 -6.254760
v 1.264878 8.072988 -6.293765
v 0.904221 7.583623 -6.328388
v 0.315659 6.988709 -6.370699
v -0.476007 6.523244 -6.404283
v 0.355801 9.512952 -6.079288
v 0.835731 9.301527 -5.880000
v 1.174226 9.025169 -5.735494
v 1.292469 8.617533 -5.675366
v 1.152335 8.060725 -5.714371
v 0.808812 7.573228 -5.837203
v 0.251909 6.981763 -6.042499
v -0.491096 6.521600 -6.326603
v 0.292384 9.522018 -5.980874
v 0.655134 9.327346 -5.599739
v 0.903944 9.063810 -5.316055
v 0.973650 8.663113 -5.180604
v 0.833517 8.106305 -5.219607
v 0.538530 7.611869 -5.417763
v 0.071313 7.007582 -5.762238
v -0.533841 6.527711 -6.260269
v 0.197591 9.541210 -5.914276
v 0.385186 9.381999 -5.410085
v 0.499938 9.145604 -5.032217
v 0.497092 8.759596 -4.845795
v 0.356959 8.202788 -4.884799
v 0.134524 7.693664 -5.133925
v -0.198636 7.062236 -5.572584
v -0.597733 6.540647 -6.215381
v 0.085853 9.567606 -5.889634
v 0.066983 9.457167 -5.339911
v 0.023714 9.258101 -4.927195
v -0.064653 8.892294 -4.721911
v -0.204786 8.335486 -4.760916
v -0.341700 7.806159 -5.028903
v -0.516839 7.137403 -5.502410
v -0.673047 6.558437 -6.198771
v -0.025819 9.597186 -5.910700
v -0.251031 9.541405 -5.399900
v -0.452228 9.384171 -5.016974
v -0.626065 9.041004 -4.827814
v -0.766198 8.484197 -4.866818
v -0.817642 7.932230 -5.118682
v -0.834853 7.221641 -5.562399
v -0.748316 6.578375 -6.212970
v -0.120423 9.625448 -5.974265
v -0.520442 9.621888 -5.580919
v -0.855429 9.504623 -5.287889
v -1.101673 9.183087 -5.147380
v -1.241807 8.626281 -5.186384
v -1.220844 8.052683 -5.389597
v -1.104263 7.302124 -5.743418
v -0.812082 6.597425 -6.255815
v -0.183558 9.648089 -6.070654
v -0.700233 9.686365 -5.855411
v -1.124507 9.601120 -5.698694
v -1.419072 9.296912 -5.631957
v -1.559205 8.740106 -5.670961
v -1.489921 8.149179 -5.800402
v -1.284055 7.366601 -6.017910
v -0.854635 6.612685 -6.320783
v -0.205610 9.661663 -6.185191
v -0.763035 9.725019 -6.181585
v -1.218495 9.658969 -6.186848
v -1.529939 9.365150 -6.207774
v -1.670072 8.808344 -6.246778
v -1.583909 8.207028 -6.288556
v -1.346856 7.405254 -6.344083
v -0.869500 6.621834 -6.397984
v -0.183224 9.664102 -6.300439
v -0.699284 9.731964 -6.509785
v -1.123086 9.669365 -6.678034
v -1.417396 9.377413 -6.787168
v -1.557529 8.820606 -6.826172
v -1.488500 8.217423 -6.779742
v -1.283106 7.412200 -6.672283
v -0.854411 6.623478 -6.475663
v -0.119807 9.655036 -6.398854
v -0.518688 9.706145 -6.790045
v -0.852804 9.630724 -7.097474
v -1.098577 9.331833 -7.281931
v -1.238711 8.775025 -7.320935
v -1.218219 8.178782 -7.199182
v -1.102510 7.386381 -6.952544
v -0.811667 6.617367 -6.541996
v -0.025014 9.635843 -6.465451
v -0.248740 9.651492 -6.979699
v -0.448799 9.548929 -7.381310
v -0.622020 9.235350 -7.616740
v -0.762153 8.678542 -7.655744
v -0.814213 8.096988 -7.483018
v -0.832561 7.331728 -7.142198
v -0.747774 6.604431 -6.586884
v 0.086724 9.609448 -6.490093
v 0.069463 9.576324 -7.049873
v 0.027426 9.436433 -7.486334
v -0.060275 9.102652 -7.740623
v -0.200408 8.545844 -7.779627
v -0.337989 7.984492 -7.588042
v -0.514359 7.256561 -7.212372
v -0.672461 6.586640 -6.603494
v 0.198395 9.579868 -6.469028
v 0.387477 9.492087 -6.989884
v 0.503367 9.310363 -7.396554
v 0.501137 8.953941 -7.634720
v 0.361003 8.397134 -7.673724
v 0.137953 7.858421 -7.498262
v -0.196345 7.172323 -7.152383
v -0.597191 6.566702 -6.589295
v 0.293000 9.551606 -6.405462
v 0.073066 7.091839 -6.971364
v -0.533426 6.547653 -6.546451
vn -0.7019 0.0291 -0.7117
vn 0.7091 0.0244 -0.7047
vn 0.7019 0.0279 0.7117
vn -0.7145 0.0244 0.6992
vn -0.0000 -1.0000 -0.0000
vn -0.6562 -0.3560 -0.6654
vn 0.2986 0.9051 0.3028
vn -0.7232 0.0248 0.6902
vn 0.7002 0.0248 -0.7135
vn 0.6365 0.4222 0.6455
vn -0.7719 -0.0247 0.6353
vn -0.3086 -0.8982 -0.3129
vn -0.7115 -0.0003 0.7027
vn 0.7126 -0.0003 -0.7016
vn -0.3809 -0.8401 -0.3862
vn 0.6460 -0.0247 -0.7629
vn -0.5397 0.6398 -0.5472
vn 0.5090 -0.6888 0.5162
vn 0.5927 0.8052 -0.0187
vn 0.7018 -0.6790 -0.2156
vn 0.5769 -0.6259 -0.5249
vn 0.9360 0.3221 -0.1420
vn 0.5400 -0.0772 -0.8381
vn 0.8072 -0.1634 -0.5671
vn 0.6587 -0.5117 -0.5516
vn 0.3695 0.9247 0.0913
vn 0.3501 0.9367 -0.0093
vn 0.9510 -0.2519 0.1794
vn 0.5031 -0.8415 -0.1966
vn 0.2485 0.9663 0.0667
vn 0.1765 -0.9262 -0.3332
vn 0.9515 -0.2248 -0.2098
vn 0.8136 0.3741 -0.4450
vn 0.5925 0.7947 0.1319
vn 0.8056 -0.2407 0.5413
vn 0.7013 -0.7025 0.1214
vn 0.2485 0.9662 0.0687
vn 0.2462 -0.9558 -0.1607
vn 0.3499 0.9263 0.1401
vn 0.7921 -0.5938 0.1413
vn 0.8123 0.3086 0.4950
vn 0.5027 -0.8608 0.0794
vn 0.5363 0.7990 0.2720
vn 0.5376 -0.1928 0.8208
vn 0.5755 -0.6927 0.4347
vn 0.2477 0.9663 0.0706
vn 0.3137 0.9327 0.1778
vn 0.6572 -0.5834 0.4772
vn 0.2459 -0.9689 0.0273
vn 0.3997 -0.8528 0.3361
vn 0.5850 0.3492 0.7320
vn 0.4085 -0.5389 0.7367
vn 0.4326 0.8176 0.3801
vn 0.1878 -0.1156 0.9754
vn 0.3435 -0.6513 0.6766
vn 0.2666 0.9431 0.1986
vn 0.1758 -0.9635 0.2020
vn 0.2096 -0.8189 0.5343
vn 0.2883 0.4147 0.8631
vn 0.2463 0.9665 0.0721
vn 0.0837 -0.4673 0.8801
vn 0.2972 0.8474 0.4399
vn -0.1906 -0.0208 0.9814
vn 0.0464 -0.9404 0.3370
vn 0.2156 0.9559 0.1994
vn -0.0385 -0.7641 0.6439
vn -0.0326 0.4951 0.8682
vn 0.0407 -0.5845 0.8104
vn 0.2445 0.9669 0.0729
vn 0.1508 0.8841 0.4423
vn -0.5401 0.0772 0.8381
vn -0.2675 -0.3792 0.8858
vn -0.1226 -0.9031 0.4116
vn 0.0156 0.9220 0.3868
vn -0.3069 -0.6969 0.6482
vn -0.3289 0.5782 0.7466
vn -0.2869 -0.5024 0.8157
vn 0.1685 0.9691 0.1801
vn 0.2425 0.9674 0.0729
vn -0.8072 0.1634 0.5671
vn -0.5894 -0.4176 0.6916
vn -0.5919 -0.2883 0.7527
vn -0.0878 0.9554 0.2819
vn -0.5547 -0.6274 0.5466
vn -0.5555 0.6513 0.5169
vn 0.1325 0.9807 0.1436
vn 0.2407 0.9679 0.0722
vn -0.3053 -0.8573 0.4145
vn -0.9515 0.2248 0.2098
vn -0.8207 -0.3429 0.4570
vn -0.8399 -0.2083 0.5012
vn 0.1130 0.9890 0.0954
vn -0.7442 -0.5662 0.3544
vn -0.6779 0.7033 0.2139
vn 0.2393 0.9684 0.0708
vn -0.4740 -0.8100 0.3453
vn -0.9510 0.2519 -0.1794
vn -0.9456 -0.2898 0.1477
vn -0.9738 -0.1513 0.1696
vn -0.1437 0.9791 0.1437
vn 0.1131 0.9927 0.0430
vn -0.6774 0.7263 -0.1162
vn 0.2385 0.9687 0.0689
vn -0.8465 -0.5227 0.1010
vn -0.6030 -0.7684 0.2145
vn -0.9451 -0.2663 -0.1892
vn -0.9733 -0.1261 -0.1917
vn -0.1434 0.9896 -0.0069
vn -0.8056 0.2407 -0.5413
vn -0.8461 -0.5035 -0.1750
vn 0.2385 0.9688 0.0668
vn -0.5542 0.7168 -0.4231
vn -0.6727 -0.7387 0.0420
vn 0.1327 0.9911 -0.0058
vn -0.8193 -0.2760 -0.5025
vn -0.8384 -0.1366 -0.5277
vn -0.0872 0.9853 -0.1470
vn -0.5376 0.1928 -0.8208
vn -0.7430 -0.5115 -0.4317
vn -0.3269 0.6762 -0.6602
vn 0.2393 0.9688 0.0649
vn -0.6724 -0.7256 -0.1460
vn 0.1688 0.9847 -0.0435
vn -0.5873 -0.3175 -0.7445
vn -0.5896 -0.1810 -0.7871
vn 0.0165 0.9668 -0.2551
vn -0.1878 0.1156 -0.9754
vn -0.5530 -0.5454 -0.6299
vn -0.0302 0.6107 -0.7912
vn -0.6022 -0.7311 -0.3207
vn 0.2407 0.9685 0.0635
vn 0.2160 0.9743 -0.0643
vn -0.2649 -0.2527 -0.9306
vn 0.1519 0.9369 -0.3149
vn 0.1906 0.0208 -0.9814
vn -0.2845 -0.3843 -0.8783
vn 0.2907 0.5303 -0.7964
vn -0.4728 -0.7542 -0.4557
vn 0.2425 0.9681 0.0627
vn 0.2670 0.9615 -0.0651
vn -0.3049 -0.6002 -0.7395
vn 0.2983 0.9002 -0.3173
vn 0.0475 -0.8845 -0.4640
vn 0.0431 -0.4664 -0.8835
vn 0.2445 0.9676 0.0626
vn -0.3039 -0.7915 -0.5303
vn 0.3141 0.9483 -0.0458
vn 0.0864 -0.3407 -0.9362
vn 0.5870 0.4472 -0.6748
vn -0.0365 -0.6674 -0.7438
vn 0.4335 0.8623 -0.2618
vn 0.3456 -0.5512 -0.7594
vn 0.2463 0.9671 0.0634
vn 0.4107 -0.4316 -0.8031
vn -0.1212 -0.8372 -0.5332
vn 0.2113 -0.7369 -0.6421
vn 0.9355 0.2991 0.1880
vn 0.3695 0.9284 0.0389
vn 0.4008 -0.7980 -0.4500
vn 0.7926 -0.5686 -0.2200
vn 0.2477 0.9667 0.0648
vn 0.5369 0.8289 -0.1569
vt 0.375000 0.000000
vt 0.625000 0.000000
vt 0.625000 0.250000
vt 0.375000 0.250000
vt 0.625000 0.500000
vt 0.375000 0.500000
vt 0.625000 0.750000
vt 0.375000 0.750000
vt 0.625000 1.000000
vt 0.375000 1.000000
vt 0.125000 0.500000
vt 0.125000 0.750000
vt 0.875000 0.500000
vt 0.875000 0.750000
vt 0.625000 0.687500
vt 0.687500 0.687500
vt 0.687500 0.812500
vt 0.625000 0.812500
vt 0.625000 0.187500
vt 0.687500 0.187500
vt 0.687500 0.312500
vt 0.625000 0.312500
vt 0.750000 0.187500
vt 0.750000 0.312500
vt 0.625000 0.562500
vt 0.687500 0.562500
vt 0.750000 0.562500
vt 0.750000 0.437500
vt 0.812500 0.437500
vt 0.812500 0.562500
vt 0.687500 0.437500
vt 0.562500 0.812500
vt 0.625000 0.937500
vt 0.562500 0.937500
vt 0.750000 0.812500
vt 0.750000 0.937500
vt 0.687500 0.937500
vt 0.562500 0.437500
vt 0.625000 0.437500
vt 0.562500 0.562500
vt 0.625000 0.062500
vt 0.687500 0.062500
vt 0.640625 1.000000
vt 0.734375 0.000000
vt 0.750000 0.062500
vt 0.750000 0.687500
vt 0.562500 0.687500
vt 0.500000 0.437500
vt 0.500000 0.562500
vt 0.562500 0.187500
vt 0.562500 0.312500
vt 0.578125 1.000000
vt 0.671875 0.000000
vt 0.500000 0.812500
vt 0.500000 0.937500
vt 0.500000 0.687500
vt 0.562500 0.062500
vt 0.437500 0.437500
vt 0.437500 0.562500
vt 0.500000 0.187500
vt 0.500000 0.312500
vt 0.515625 1.000000
vt 0.437500 0.812500
vt 0.437500 0.937500
vt 0.609375 0.000000
vt 0.500000 0.062500
vt 0.437500 0.687500
vt 0.437500 0.312500
vt 0.375000 0.437500
vt 0.375000 0.562500
vt 0.437500 0.187500
vt 0.375000 0.812500
vt 0.375000 0.937500
vt 0.546875 0.000000
vt 0.437500 0.062500
vt 0.375000 0.687500
vt 0.453125 1.000000
vt 0.375000 0.312500
vt 0.312500 0.437500
vt 0.312500 0.562500
vt 0.484375 0.000000
vt 0.312500 0.812500
vt 0.312500 0.937500
vt 0.375000 0.062500
vt 0.375000 0.187500
vt 0.312500 0.687500
vt 0.390625 1.000000
vt 0.250000 0.437500
vt 0.250000 0.562500
vt 0.312500 0.312500
vt 0.421875 0.000000
vt 0.250000 0.687500
vt 0.250000 0.812500
vt 0.312500 0.062500
vt 0.312500 0.187500
vt 0.250000 0.937500
vt 0.328125 1.000000
vt 0.187500 0.437500
vt 0.187500 0.562500
vt 0.250000 0.187500
vt 0.250000 0.312500
vt 0.187500 0.687500
vt 0.187500 0.812500
vt 0.250000 0.062500
vt 0.187500 0.937500
vt 0.265625 1.000000
vt 0.359375 0.000000
vt 0.125000 0.437500
vt 0.125000 0.562500
vt 0.187500 0.187500
vt 0.187500 0.312500
vt 0.125000 0.812500
vt 0.125000 0.937500
vt 0.187500 0.062500
vt 0.125000 0.687500
vt 0.203125 1.000000
vt 0.296875 0.000000
vt 0.062500 0.437500
vt 0.062500 0.562500
vt 0.125000 0.187500
vt 0.125000 0.312500
vt 0.062500 0.812500
vt 0.062500 0.937500
vt 0.062500 0.687500
vt 0.140625 1.000000
vt 0.125000 0.062500
vt 0.234375 0.000000
vt 0.062500 0.187500
vt 0.062500 0.312500
vt 0.000000 0.437500
vt 1.000000 0.562500
vt 0.062500 0.062500
vt 0.078125 1.000000
vt 0.000000 0.562500
vt 1.000000 0.687500
vt 0.171875 0.000000
vt 0.000000 0.812500
vt 1.000000 0.937500
vt 0.000000 0.187500
vt 1.000000 0.312500
vt 0.000000 0.312500
vt 1.000000 0.437500
vt 0.000000 0.687500
vt 1.000000 0.812500
vt 0.937500 0.437500
vt 0.937500 0.562500
vt 0.000000 0.062500
vt 1.000000 0.187500
vt 0.937500 0.687500
vt 0.015625 1.000000
vt 0.000000 0.937500
vt 0.109375 0.000000
vt 0.937500 0.812500
vt 0.937500 0.937500
vt 0.937500 0.187500
vt 0.937500 0.312500
vt 0.875000 0.437500
vt 0.875000 0.562500
vt 0.937500 0.062500
vt 0.875000 0.687500
vt 0.046875 0.000000
vt 0.953125 1.000000
vt 0.875000 0.812500
vt 0.875000 0.937500
vt 0.875000 0.312500
vt 0.875000 0.187500
vt 0.812500 0.687500
vt 0.984375 0.000000
vt 1.000000 0.062500
vt 0.890625 1.000000
vt 0.812500 0.812500
vt 0.812500 0.937500
vt 0.875000 0.062500
vt 0.796875 0.000000
vt 0.812500 0.062500
vt 0.812500 0.187500
vt 0.812500 0.312500
vt 0.828125 1.000000
vt 0.921875 0.000000
vt 0.765625 1.000000
vt 0.859375 0.000000
vt 0.703125 1.000000
s 0
usemtl Material.001
f 271/207/283 272/208/283 274/209/283 273/210/283
f 273/210/284 274/209/284 278/211/284 277/212/284
f 277/212/285 278/211/285 276/213/285 275/214/285
f 275/214/286 276/213/286 272/215/286 271/216/286
f 273/217/287 277/212/287 275/214/287 271/218/287
f 274/209/288 272/208/288 279/208/288 280/209/288
f 281/213/289 282/211/289 286/211/289 285/213/289
f 272/215/290 276/213/290 281/213/290 279/215/290
f 278/211/291 274/209/291 280/209/291 282/211/291
f 276/213/292 278/211/292 282/211/292 281/213/292
f 283/215/293 285/213/293 289/213/293 287/215/293
f 280/209/294 279/208/294 283/208/294 284/209/294
f 279/215/295 281/213/295 285/213/295 283/215/295
f 282/211/296 280/209/296 284/209/296 286/211/296
f 286/211/298 284/209/298 288/209/298 290/211/298
f 285/213/299 286/211/299 290/211/299 289/213/299
f 284/209/300 283/208/300 287/208/300 288/209/300
usemtl Material.002
f 290/211/297 288/219/297 287/220/297 289/213/297
f 308/221/301 300/222/301 299/223/301 307/224/301
f 312/225/302 304/226/302 303/227/302 311/228/302
f 304/226/303 419/229/303 296/230/303 303/227/303
f 309/231/304 301/232/304 300/222/304 308/221/304
f 294/233/305 295/234/305 414/235/305 413/236/305
f 302/237/306 295/234/306 294/233/306 301/232/306
f 296/230/307 295/234/307 302/237/307 303/227/307
f 315/238/308 307/224/308 306/239/308 314/240/308
f 299/223/309 292/241/309 418/242/309 298/243/309
f 318/244/310 310/245/310 309/231/310 317/246/310
f 313/247/311 305/248/311 304/226/311 312/225/311
f 291/249/312 306/239/312 298/243/312
f 297/250/313 420/251/313 305/248/313
f 310/245/314 302/237/314 301/232/314 309/231/314
f 294/233/315 293/252/315 300/222/315 301/232/315
f 316/253/316 308/221/316 307/224/316 315/238/316
f 326/254/317 318/244/317 317/246/317 325/255/317
f 320/256/318 312/225/318 311/228/318 319/257/318
f 291/258/319 314/240/319 306/239/319
f 297/259/320 305/248/320 313/247/320
f 323/260/321 315/238/321 314/240/321 322/261/321
f 319/257/322 311/228/322 310/245/322 318/244/322
f 325/255/323 317/246/323 316/253/323 324/262/323
f 321/263/324 313/247/324 312/225/324 320/256/324
f 324/262/325 316/253/325 315/238/325 323/260/325
f 334/264/326 326/254/326 325/255/326 333/265/326
f 328/266/327 320/256/327 319/257/327 327/267/327
f 291/268/328 322/261/328 314/240/328
f 331/269/329 323/260/329 322/261/329 330/270/329
f 327/267/330 319/257/330 318/244/330 326/254/330
f 297/271/331 313/247/331 321/263/331
f 329/272/332 321/263/332 320/256/332 328/266/332
f 333/265/333 325/255/333 324/262/333 332/273/333
f 335/274/334 327/267/334 326/254/334 334/264/334
f 332/273/335 324/262/335 323/260/335 331/269/335
f 342/275/336 334/264/336 333/265/336 341/276/336
f 336/277/337 328/266/337 327/267/337 335/274/337
f 339/278/338 331/269/338 330/270/338 338/279/338
f 297/280/339 321/263/339 329/272/339
f 337/281/340 329/272/340 328/266/340 336/277/340
f 341/276/341 333/265/341 332/273/341 340/282/341
f 291/283/342 330/270/342 322/261/342
f 343/284/343 335/274/343 334/264/343 342/275/343
f 340/282/344 332/273/344 331/269/344 339/278/344
f 350/285/345 342/275/345 341/276/345 349/286/345
f 297/287/346 329/272/346 337/281/346
f 347/288/347 339/278/347 338/279/347 346/289/347
f 345/290/348 337/281/348 336/277/348 344/291/348
f 349/286/349 341/276/349 340/282/349 348/292/349
f 344/291/350 336/277/350 335/274/350 343/284/350
f 291/293/351 338/279/351 330/270/351
f 348/292/352 340/282/352 339/278/352 347/288/352
f 358/294/353 350/285/353 349/286/353 357/295/353
f 351/296/354 343/284/354 342/275/354 350/285/354
f 297/297/355 337/281/355 345/290/355
f 356/298/356 348/292/356 347/288/356 355/299/356
f 353/300/357 345/290/357 344/291/357 352/301/357
f 357/295/358 349/286/358 348/292/358 356/298/358
f 352/301/359 344/291/359 343/284/359 351/296/359
f 355/299/360 347/288/360 346/289/360 354/302/360
f 291/303/361 346/289/361 338/279/361
f 366/304/362 358/294/362 357/295/362 365/305/362
f 360/306/363 352/301/363 351/296/363 359/307/363
f 359/307/364 351/296/364 350/285/364 358/294/364
f 364/308/365 356/298/365 355/299/365 363/309/365
f 361/310/366 353/300/366 352/301/366 360/306/366
f 365/305/367 357/295/367 356/298/367 364/308/367
f 363/309/368 355/299/368 354/302/368 362/311/368
f 291/312/369 354/302/369 346/289/369
f 297/313/370 345/290/370 353/300/370
f 374/314/371 366/304/371 365/305/371 373/315/371
f 368/316/372 360/306/372 359/307/372 367/317/372
f 367/317/373 359/307/373 358/294/373 366/304/373
f 371/318/374 363/309/374 362/311/374 370/319/374
f 369/320/375 361/310/375 360/306/375 368/316/375
f 373/315/376 365/305/376 364/308/376 372/321/376
f 291/322/377 362/311/377 354/302/377
f 297/323/378 353/300/378 361/310/378
f 382/324/379 374/314/379 373/315/379 381/325/379
f 376/326/380 368/316/380 367/317/380 375/327/380
f 375/327/381 367/317/381 366/304/381 374/314/381
f 372/321/382 364/308/382 363/309/382 371/318/382
f 379/328/383 371/318/383 370/319/383 378/329/383
f 381/325/384 373/315/384 372/321/384 380/330/384
f 291/331/385 370/319/385 362/311/385
f 377/332/386 369/320/386 368/316/386 376/326/386
f 297/333/387 361/310/387 369/320/387
f 384/334/388 376/326/388 375/327/388 383/335/388
f 383/335/389 375/327/389 374/314/389 382/324/389
f 380/330/390 372/321/390 371/318/390 379/328/390
f 390/336/391 382/324/391 381/325/391 389/337/391
f 385/338/392 377/332/392 376/326/392 384/334/392
f 291/339/393 378/329/393 370/319/393
f 389/340/394 381/325/394 380/330/394 388/341/394
f 297/342/395 369/320/395 377/332/395
f 387/343/396 379/328/396 378/329/396 386/344/396
f 392/345/397 384/334/397 383/335/397 391/346/397
f 391/347/398 383/335/398 382/324/398 390/348/398
f 388/349/399 380/330/399 379/328/399 387/350/399
f 398/351/400 390/336/400 389/337/400 397/352/400
f 393/353/401 385/338/401 384/334/401 392/354/401
f 397/352/402 389/340/402 388/341/402 396/355/402
f 291/356/403 386/357/403 378/329/403
f 297/358/404 377/332/404 385/338/404
f 395/359/405 387/343/405 386/344/405 394/360/405
f 400/361/406 392/345/406 391/346/406 399/362/406
f 399/362/407 391/347/407 390/348/407 398/351/407
f 396/355/408 388/349/408 387/350/408 395/359/408
f 406/363/409 398/351/409 397/352/409 405/364/409
f 401/365/410 393/353/410 392/354/410 400/361/410
f 405/364/411 397/352/411 396/355/411 404/366/411
f 297/367/412 385/338/412 393/353/412
f 291/368/413 394/360/413 386/344/413
f 403/369/414 395/359/414 394/360/414 402/370/414
f 407/371/415 399/362/415 398/351/415 406/363/415
f 404/366/416 396/355/416 395/359/416 403/369/416
f 414/235/417 406/363/417 405/364/417 413/236/417
f 408/372/418 400/361/418 399/362/418 407/371/418
f 413/236/419 405/364/419 404/366/419 412/373/419
f 297/374/420 393/375/420 401/365/420
f 291/376/421 402/370/421 394/360/421
f 411/377/422 403/369/422 402/370/422 410/378/422
f 409/379/423 401/365/423 400/361/423 408/372/423
f 412/373/424 404/366/424 403/369/424 411/377/424
f 297/380/425 417/381/425 420/251/425
f 416/382/426 408/372/426 407/371/426 415/383/426
f 291/384/427 410/378/427 402/370/427
f 297/385/428 401/365/428 409/379/428
f 292/241/429 411/377/429 410/378/429 418/242/429
f 415/383/430 407/371/430 406/363/430 414/235/430
f 413/236/431 412/373/431 293/252/431 294/233/431
f 417/381/432 409/379/432 408/372/432 416/382/432
f 412/373/433 411/377/433 292/241/433 293/252/433
f 419/229/434 416/382/434 415/383/434 296/230/434
f 291/386/435 418/242/435 410/378/435
f 415/383/436 414/235/436 295/234/436 296/230/436
f 297/387/437 409/379/437 417/381/437
f 420/251/438 417/381/438 416/382/438 419/229/438
f 317/246/439 309/231/439 308/221/439 316/253/439
f 307/224/440 299/223/440 298/243/440 306/239/440
f 305/248/441 420/251/441 419/229/441 304/226/441
f 311/228/442 303/227/442 302/237/442 310/245/442
f 291/388/443 298/243/443 418/242/443
f 293/252/444 292/241/444 299/223/444 300/222/444
o Cube.002
v 3.332930 -0.101590 -3.552183
v 3.512384 5.792678 -3.414609
v 4.303200 -0.101590 -3.757433
v 4.194830 5.792678 -3.558973
v 3.538180 -0.101590 -2.581913
v 3.646550 6.050201 -2.780374
v 4.508450 -0.101590 -2.787163
v 4.328996 6.050201 -2.924737
v 3.333167 9.573166 -4.848649
v 3.777972 9.573166 -4.942742
v 3.391394 9.930305 -4.573393
v 3.836199 9.930305 -4.667486
v 3.019812 10.310416 -6.322500
v 3.467638 10.310416 -6.417233
v 3.020873 10.768125 -6.317486
v 3.468699 10.768125 -6.412219
v 2.933556 9.206676 -7.376133
v 3.119830 9.206676 -7.415537
v 2.900452 9.309950 -7.532625
v 3.086726 9.309950 -7.572029
v 3.154700 9.590025 -7.242404
v 3.968853 9.411604 -7.455952
v 4.349996 9.189910 -7.587924
v 4.511341 8.811858 -7.709614
v 4.414406 8.255051 -7.818068
v 4.097227 7.737969 -7.870731
v 2.610908 6.466401 -7.850820
v 3.445955 9.528965 -7.197453
v 3.972108 9.347127 -7.127836
v 4.354868 9.093414 -7.096864
v 4.517088 8.698033 -7.130369
v 4.420154 8.141226 -7.238823
v 4.102099 7.641473 -7.379671
v 3.568260 7.027363 -7.579678
v 2.825873 6.532393 -7.799651
v 3.402717 9.515391 -7.089122
v 3.848979 9.308473 -6.819335
v 4.170592 9.035564 -6.635159
v 4.299720 8.629795 -6.585752
v 4.202785 8.072988 -6.694206
v 3.917823 7.583623 -6.917967
v 3.445130 6.988709 -7.271176
v 2.796730 6.523244 -7.726634
v 3.321682 9.512952 -7.004170
v 3.618209 9.301527 -6.577415
v 3.825221 9.025169 -6.273102
v 3.892327 8.617533 -6.158675
v 3.795393 8.060725 -6.267130
v 3.572452 7.573228 -6.555909
v 3.214361 6.981763 -7.029256
v 2.742110 6.521600 -7.669374
v 3.215185 9.522018 -6.955533
v 3.314933 9.327346 -6.438908
v 3.371336 9.063810 -6.065810
v 3.356933 8.663113 -5.914157
v 3.259999 8.106305 -6.022612
v 3.118567 7.611869 -6.348617
v 2.911085 7.007582 -6.890748
v 2.670330 6.527711 -7.636592
v 3.099441 9.541210 -6.950614
v 2.985321 9.381999 -6.424897
v 2.878036 9.145604 -6.044842
v 2.775046 8.759596 -5.889425
v 2.678112 8.202788 -5.997879
v 2.625267 7.693664 -6.327649
v 2.581472 7.062236 -6.876739
v 2.592315 6.540647 -7.633276
v 2.992070 9.567606 -6.990160
v 2.679552 9.457167 -6.537519
v 2.420422 9.258101 -6.213391
v 2.235253 8.892294 -6.088242
v 2.138319 8.335486 -6.196696
v 2.167653 7.806159 -6.496199
v 2.275704 7.137403 -6.989359
v 2.519945 6.558437 -7.659931
v 2.909417 9.597186 -7.068154
v 2.444179 9.541405 -6.759624
v 2.068161 9.384171 -6.545796
v 1.819733 9.041004 -6.480340
v 1.722799 8.484197 -6.588794
v 1.815392 7.932230 -6.828604
v 2.040331 7.221641 -7.211465
v 2.464235 6.578375 -7.712501
v 2.864068 9.625448 -7.172720
v 2.315034 9.621888 -7.057402
v 1.874882 9.504623 -6.991452
v 1.591745 9.183087 -7.006027
v 1.494810 8.626281 -7.114481
v 1.622113 8.052683 -7.274260
v 1.911186 7.302124 -7.509243
v 2.433669 6.597425 -7.782980
v 2.862925 9.648089 -7.287938
v 2.311779 9.686365 -7.385518
v 1.870009 9.601120 -7.482512
v 1.585998 9.296912 -7.585272
v 1.489063 8.740106 -7.693726
v 1.617240 8.149179 -7.765319
v 1.907930 7.366601 -7.837358
v 2.432898 6.612685 -7.860641
v 2.906162 9.661663 -7.396269
v 2.434908 9.725019 -7.694018
v 2.054286 9.658969 -7.944216
v 1.803366 9.365150 -8.129889
v 1.706431 8.808344 -8.238343
v 1.801517 8.207028 -8.227023
v 2.031060 7.405254 -8.145859
v 2.462041 6.621834 -7.933658
v 2.987197 9.664102 -7.481220
v 2.665677 9.731964 -7.935938
v 2.399656 9.669365 -8.306273
v 2.210758 9.377413 -8.556966
v 2.113824 8.820606 -8.665420
v 2.146887 8.217423 -8.589081
v 2.261829 7.412200 -8.387778
v 2.516660 6.623478 -7.990916
v 3.093694 9.655036 -7.529858
v 2.968954 9.706145 -8.074446
v 2.853541 9.630724 -8.513565
v 2.746152 9.331833 -8.801483
v 2.649218 8.775025 -8.909937
v 2.600772 8.178782 -8.796372
v 2.565105 7.386381 -8.526287
v 2.588441 6.617367 -8.023699
v 3.209438 9.635843 -7.534777
v 3.298566 9.651492 -8.088456
v 3.346841 9.548929 -8.534533
v 3.328039 9.235350 -8.826216
v 3.231105 8.678542 -8.934670
v 3.094072 8.096988 -8.817340
v 2.894717 7.331728 -8.540297
v 2.666456 6.604431 -8.027015
v 3.316809 9.609448 -7.495231
v 3.604334 9.576324 -7.975835
v 3.804455 9.436433 -8.365984
v 3.867832 9.102652 -8.627399
v 3.770897 8.545844 -8.735853
v 3.551686 7.984492 -8.648792
v 3.200485 7.256561 -8.427676
v 2.738826 6.586640 -8.000360
v 3.399462 9.579868 -7.417236
v 3.839707 9.492087 -7.753729
v 4.156716 9.310363 -8.033579
v 4.283352 8.953941 -8.235300
v 4.186417 8.397134 -8.343755
v 3.903947 7.858421 -8.316387
v 3.435858 7.172323 -8.205570
v 2.794535 6.566702 -7.947790
v 3.444811 9.551606 -7.312671
v 3.565003 7.091839 -7.907792
v 2.825102 6.547653 -7.877311
vn -0.2069 0.0291 -0.9779
vn 0.9773 0.0244 -0.2106
vn 0.2069 0.0279 0.9780
vn -0.9788 0.0244 0.2031
vn -0.0000 -1.0000 -0.0000
vn -0.1934 -0.3560 -0.9143
vn 0.0880 0.9051 0.4161
vn -0.9813 0.0248 0.1909
vn 0.9745 0.0248 -0.2229
vn 0.1876 0.4222 0.8869
vn -0.9927 -0.0247 0.1184
vn -0.0910 -0.8982 -0.4300
vn -0.9782 -0.0003 0.2077
vn 0.9785 -0.0003 -0.2062
vn -0.1123 -0.8401 -0.5307
vn 0.9556 -0.0247 -0.2938
vn -0.1591 0.6398 -0.7519
vn 0.1500 -0.6888 0.7093
vn 0.5091 0.8052 0.3041
vn 0.7072 -0.6790 0.1972
vn 0.7689 -0.6259 -0.1306
vn 0.8647 0.3221 0.3855
vn 0.9069 -0.0772 -0.4142
vn 0.9857 -0.1634 -0.0419
vn 0.8522 -0.5117 -0.1090
vn 0.2618 0.9247 0.2763
vn 0.2998 0.9367 0.1811
vn 0.7039 -0.2519 0.6642
vn 0.5297 -0.8415 0.1060
vn 0.1732 0.9663 0.1902
vn 0.3284 -0.9262 -0.1853
vn 0.9144 -0.2248 0.3368
vn 0.9251 0.3741 0.0643
vn 0.4277 0.7947 0.4308
vn 0.3862 -0.2407 0.8905
vn 0.5250 -0.7025 0.4806
vn 0.1721 0.9662 0.1919
vn 0.2940 -0.9558 -0.0024
vn 0.2190 0.9263 0.3068
vn 0.5907 -0.5938 0.5464
vn 0.4168 0.3086 0.8550
vn 0.3804 -0.8608 0.3382
vn 0.3047 0.7990 0.5183
vn 0.0097 -0.1928 0.9812
vn 0.2500 -0.6927 0.6765
vn 0.1705 0.9663 0.1931
vn 0.1682 0.9327 0.3190
vn 0.2958 -0.5834 0.7564
vn 0.1924 -0.9689 0.1557
vn 0.1551 -0.8528 0.4986
vn 0.0975 0.3492 0.9320
vn -0.0536 -0.5389 0.8406
vn 0.1591 0.8176 0.5534
vn -0.3682 -0.1156 0.9225
vn -0.0759 -0.6513 0.7550
vn 0.1173 0.9431 0.3111
vn 0.0390 -0.9635 0.2649
vn -0.1119 -0.8189 0.5630
vn -0.2230 0.4147 0.8822
vn 0.1685 0.9665 0.1936
vn -0.4044 -0.4673 0.7862
vn 0.0128 0.8474 0.5307
vn -0.6901 -0.0208 0.7234
vn -0.1428 -0.9404 0.3087
vn 0.0739 0.9559 0.2842
vn -0.3799 -0.7641 0.5214
vn -0.4960 0.4951 0.7134
vn -0.4031 -0.5845 0.7042
vn 0.1665 0.9669 0.1933
vn -0.1117 0.8841 0.4537
vn -0.9069 0.0772 0.4142
vn -0.7032 -0.3792 0.6014
vn -0.3253 -0.9031 0.2804
vn -0.1956 0.9220 0.3340
vn -0.6081 -0.6969 0.3802
vn -0.6798 0.5782 0.4511
vn -0.6817 -0.5024 0.5319
vn 0.0447 0.9691 0.2426
vn 0.1648 0.9674 0.1922
vn -0.9857 0.1634 0.0419
vn -0.8694 -0.4176 0.2642
vn -0.9045 -0.2883 0.3143
vn -0.2261 0.9554 0.1900
vn -0.7619 -0.6274 0.1609
vn -0.7466 0.6513 0.1354
vn 0.0340 0.9807 0.1924
vn 0.1637 0.9679 0.1906
vn -0.4807 -0.8573 0.1843
vn -0.9144 0.2248 -0.3368
vn -0.9376 -0.3429 -0.0581
vn -0.9776 -0.2083 -0.0312
vn 0.0437 0.9890 0.1413
vn -0.8178 -0.5662 -0.1032
vn -0.6862 0.7033 -0.1857
vn 0.1633 0.9684 0.1887
vn -0.5854 -0.8100 0.0349
vn -0.7039 0.2519 -0.6642
vn -0.8758 -0.2898 -0.3859
vn -0.9114 -0.1513 -0.3827
vn -0.1985 0.9791 0.0435
vn 0.0720 0.9927 0.0972
vn -0.5076 0.7263 -0.4634
vn 0.1636 0.9687 0.1867
vn -0.7672 -0.5227 -0.3717
vn -0.6234 -0.7684 -0.1448
vn -0.6936 -0.2663 -0.6693
vn -0.7160 -0.1261 -0.6866
vn -0.1170 0.9896 -0.0832
vn -0.3862 0.2407 -0.8905
vn -0.6179 -0.5035 -0.6039
vn 0.1647 0.9688 0.1850
vn -0.2382 0.7168 -0.6553
vn -0.5890 -0.7387 -0.3276
vn 0.1148 0.9911 0.0667
vn -0.4186 -0.2760 -0.8652
vn -0.4211 -0.1366 -0.8967
vn 0.0059 0.9853 -0.1708
vn -0.0097 0.1928 -0.9812
vn -0.3926 -0.5115 -0.7644
vn 0.0810 0.6762 -0.7322
vn 0.1664 0.9688 0.1838
vn -0.4873 -0.7256 -0.4857
vn 0.1656 0.9847 0.0545
vn -0.0928 -0.3175 -0.9437
vn -0.0717 -0.1810 -0.9809
vn 0.1516 0.9668 -0.2059
vn 0.3682 0.1156 -0.9225
vn -0.1257 -0.5454 -0.8287
vn 0.4015 0.6107 -0.6825
vn -0.3340 -0.7311 -0.5950
vn 0.1684 0.9685 0.1833
vn 0.2165 0.9743 0.0624
vn 0.2791 -0.2527 -0.9264
vn 0.2978 0.9369 -0.1832
vn 0.6901 0.0208 -0.7234
vn 0.2344 -0.3843 -0.8929
vn 0.6745 0.5303 -0.5136
vn -0.1522 -0.7542 -0.6388
vn 0.1704 0.9681 0.1836
vn 0.2599 0.9615 0.0892
vn 0.1424 -0.6002 -0.7871
vn 0.4223 0.9002 -0.1061
vn 0.2904 -0.8845 -0.3650
vn 0.5130 -0.4664 -0.7206
vn 0.1721 0.9676 0.1847
vn 0.0303 -0.7915 -0.6105
vn 0.2891 0.9483 0.1309
vn 0.5779 -0.3407 -0.7416
vn 0.8584 0.4472 -0.2514
vn 0.3706 -0.6674 -0.6459
vn 0.5062 0.8623 0.0135
vn 0.7007 -0.5512 -0.4529
vn 0.1732 0.9671 0.1863
vn 0.7791 -0.4316 -0.4546
vn 0.1857 -0.8372 -0.5143
vn 0.5244 -0.7369 -0.4266
vn 0.6862 0.2991 0.6631
vn 0.2901 0.9284 0.2321
vn 0.5803 -0.7980 -0.1626
vn 0.7861 -0.5686 0.2425
vn 0.1736 0.9667 0.1882
vn 0.5367 0.8289 0.1576
vt 0.375000 0.000000
vt 0.625000 0.000000
vt 0.625000 0.250000
vt 0.375000 0.250000
vt 0.625000 0.500000
vt 0.375000 0.500000
vt 0.625000 0.750000
vt 0.375000 0.750000
vt 0.625000 1.000000
vt 0.375000 1.000000
vt 0.125000 0.500000
vt 0.125000 0.750000
vt 0.875000 0.500000
vt 0.875000 0.750000
vt 0.625000 0.687500
vt 0.687500 0.687500
vt 0.687500 0.812500
vt 0.625000 0.812500
vt 0.625000 0.187500
vt 0.687500 0.187500
vt 0.687500 0.312500
vt 0.625000 0.312500
vt 0.750000 0.187500
vt 0.750000 0.312500
vt 0.625000 0.562500
vt 0.687500 0.562500
vt 0.750000 0.562500
vt 0.750000 0.437500
vt 0.812500 0.437500
vt 0.812500 0.562500
vt 0.687500 0.437500
vt 0.562500 0.812500
vt 0.625000 0.937500
vt 0.562500 0.937500
vt 0.750000 0.812500
vt 0.750000 0.937500
vt 0.687500 0.937500
vt 0.562500 0.437500
vt 0.625000 0.437500
vt 0.562500 0.562500
vt 0.625000 0.062500
vt 0.687500 0.062500
vt 0.640625 1.000000
vt 0.734375 0.000000
vt 0.750000 0.062500
vt 0.750000 0.687500
vt 0.562500 0.687500
vt 0.500000 0.437500
vt 0.500000 0.562500
vt 0.562500 0.187500
vt 0.562500 0.312500
vt 0.578125 1.000000
vt 0.671875 0.000000
vt 0.500000 0.812500
vt 0.500000 0.937500
vt 0.500000 0.687500
vt 0.562500 0.062500
vt 0.437500 0.437500
vt 0.437500 0.562500
vt 0.500000 0.187500
vt 0.500000 0.312500
vt 0.515625 1.000000
vt 0.437500 0.812500
vt 0.437500 0.937500
vt 0.609375 0.000000
vt 0.500000 0.062500
vt 0.437500 0.687500
vt 0.437500 0.312500
vt 0.375000 0.437500
vt 0.375000 0.562500
vt 0.437500 0.187500
vt 0.375000 0.812500
vt 0.375000 0.937500
vt 0.546875 0.000000
vt 0.437500 0.062500
vt 0.375000 0.687500
vt 0.453125 1.000000
vt 0.375000 0.312500
vt 0.312500 0.437500
vt 0.312500 0.562500
vt 0.484375 0.000000
vt 0.312500 0.812500
vt 0.312500 0.937500
vt 0.375000 0.062500
vt 0.375000 0.187500
vt 0.312500 0.687500
vt 0.390625 1.000000
vt 0.250000 0.437500
vt 0.250000 0.562500
vt 0.312500 0.312500
vt 0.421875 0.000000
vt 0.250000 0.687500
vt 0.250000 0.812500
vt 0.312500 0.062500
vt 0.312500 0.187500
vt 0.250000 0.937500
vt 0.328125 1.000000
vt 0.187500 0.437500
vt 0.187500 0.562500
vt 0.250000 0.187500
vt 0.250000 0.312500
vt 0.187500 0.687500
vt 0.187500 0.812500
vt 0.250000 0.062500
vt 0.187500 0.937500
vt 0.265625 1.000000
vt 0.359375 0.000000
vt 0.125000 0.437500
vt 0.125000 0.562500
vt 0.187500 0.187500
vt 0.187500 0.312500
vt 0.125000 0.812500
vt 0.125000 0.937500
vt 0.187500 0.062500
vt 0.125000 0.687500
vt 0.203125 1.000000
vt 0.296875 0.000000
vt 0.062500 0.437500
vt 0.062500 0.562500
vt 0.125000 0.187500
vt 0.125000 0.312500
vt 0.062500 0.812500
vt 0.062500 0.937500
vt 0.062500 0.687500
vt 0.140625 1.000000
vt 0.125000 0.062500
vt 0.234375 0.000000
vt 0.062500 0.187500
vt 0.062500 0.312500
vt 0.000000 0.437500
vt 1.000000 0.562500
vt 0.062500 0.062500
vt 0.078125 1.000000
vt 0.000000 0.562500
vt 1.000000 0.687500
vt 0.171875 0.000000
vt 0.000000 0.812500
vt 1.000000 0.937500
vt 0.000000 0.187500
vt 1.000000 0.312500
vt 0.000000 0.312500
vt 1.000000 0.437500
vt 0.000000 0.687500
vt 1.000000 0.812500
vt 0.937500 0.437500
vt 0.937500 0.562500
vt 0.000000 0.062500
vt 1.000000 0.187500
vt 0.937500 0.687500
vt 0.015625 1.000000
vt 0.000000 0.937500
vt 0.109375 0.000000
vt 0.937500 0.812500
vt 0.937500 0.937500
vt 0.937500 0.187500
vt 0.937500 0.312500
vt 0.875000 0.437500
vt 0.875000 0.562500
vt 0.937500 0.062500
vt 0.875000 0.687500
vt 0.046875 0.000000
vt 0.953125 1.000000
vt 0.875000 0.812500
vt 0.875000 0.937500
vt 0.875000 0.312500
vt 0.875000 0.187500
vt 0.812500 0.687500
vt 0.984375 0.000000
vt 1.000000 0.062500
vt 0.890625 1.000000
vt 0.812500 0.812500
vt 0.812500 0.937500
vt 0.875000 0.062500
vt 0.796875 0.000000
vt 0.812500 0.062500
vt 0.812500 0.187500
vt 0.812500 0.312500
vt 0.828125 1.000000
vt 0.921875 0.000000
vt 0.765625 1.000000
vt 0.859375 0.000000
vt 0.703125 1.000000
s 0
usemtl Material.001
f 421/389/445 422/390/445 424/391/445 423/392/445
f 423/392/446 424/391/446 428/393/446 427/394/446
f 427/394/447 428/393/447 426/395/447 425/396/447
f 425/396/448 426/395/448 422/397/448 421/398/448
f 423/399/449 427/394/449 425/396/449 421/400/449
f 424/391/450 422/390/450 429/390/450 430/391/450
f 431/395/451 432/393/451 436/393/451 435/395/451
f 422/397/452 426/395/452 431/395/452 429/397/452
f 428/393/453 424/391/453 430/391/453 432/393/453
f 426/395/454 428/393/454 432/393/454 431/395/454
f 433/397/455 435/395/455 439/395/455 437/397/455
f 430/391/456 429/390/456 433/390/456 434/391/456
f 429/397/457 431/395/457 435/395/457 433/397/457
f 432/393/458 430/391/458 434/391/458 436/393/458
f 440/393/459 438/401/459 437/402/459 439/395/459
f 436/393/460 434/391/460 438/391/460 440/393/460
f 435/395/461 436/393/461 440/393/461 439/395/461
f 434/391/462 433/390/462 437/390/462 438/391/462
usemtl Material.002
f 458/403/463 450/404/463 449/405/463 457/406/463
f 462/407/464 454/408/464 453/409/464 461/410/464
f 454/408/465 569/411/465 446/412/465 453/409/465
f 459/413/466 451/414/466 450/404/466 458/403/466
f 444/415/467 445/416/467 564/417/467 563/418/467
f 452/419/468 445/416/468 444/415/468 451/414/468
f 446/412/469 445/416/469 452/419/469 453/409/469
f 465/420/470 457/406/470 456/421/470 464/422/470
f 449/405/471 442/423/471 568/424/471 448/425/471
f 468/426/472 460/427/472 459/413/472 467/428/472
f 463/429/473 455/430/473 454/408/473 462/407/473
f 441/431/474 456/421/474 448/425/474
f 447/432/475 570/433/475 455/430/475
f 460/427/476 452/419/476 451/414/476 459/413/476
f 444/415/477 443/434/477 450/404/477 451/414/477
f 466/435/478 458/403/478 457/406/478 465/420/478
f 476/436/479 468/426/479 467/428/479 475/437/479
f 470/438/480 462/407/480 461/410/480 469/439/480
f 441/440/481 464/422/481 456/421/481
f 447/441/482 455/430/482 463/429/482
f 473/442/483 465/420/483 464/422/483 472/443/483
f 469/439/484 461/410/484 460/427/484 468/426/484
f 475/437/485 467/428/485 466/435/485 474/444/485
f 471/445/486 463/429/486 462/407/486 470/438/486
f 474/444/487 466/435/487 465/420/487 473/442/487
f 484/446/488 476/436/488 475/437/488 483/447/488
f 478/448/489 470/438/489 469/439/489 477/449/489
f 441/450/490 472/443/490 464/422/490
f 481/451/491 473/442/491 472/443/491 480/452/491
f 477/449/492 469/439/492 468/426/492 476/436/492
f 447/453/493 463/429/493 471/445/493
f 479/454/494 471/445/494 470/438/494 478/448/494
f 483/447/495 475/437/495 474/444/495 482/455/495
f 485/456/496 477/449/496 476/436/496 484/446/496
f 482/455/497 474/444/497 473/442/497 481/451/497
f 492/457/498 484/446/498 483/447/498 491/458/498
f 486/459/499 478/448/499 477/449/499 485/456/499
f 489/460/500 481/451/500 480/452/500 488/461/500
f 447/462/501 471/445/501 479/454/501
f 487/463/502 479/454/502 478/448/502 486/459/502
f 491/458/503 483/447/503 482/455/503 490/464/503
f 441/465/504 480/452/504 472/443/504
f 493/466/505 485/456/505 484/446/505 492/457/505
f 490/464/506 482/455/506 481/451/506 489/460/506
f 500/467/507 492/457/507 491/458/507 499/468/507
f 447/469/508 479/454/508 487/463/508
f 497/470/509 489/460/509 488/461/509 496/471/509
f 495/472/510 487/463/510 486/459/510 494/473/510
f 499/468/511 491/458/511 490/464/511 498/474/511
f 494/473/512 486/459/512 485/456/512 493/466/512
f 441/475/513 488/461/513 480/452/513
f 498/474/514 490/464/514 489/460/514 497/470/514
f 508/476/515 500/467/515 499/468/515 507/477/515
f 501/478/516 493/466/516 492/457/516 500/467/516
f 447/479/517 487/463/517 495/472/517
f 506/480/518 498/474/518 497/470/518 505/481/518
f 503/482/519 495/472/519 494/473/519 502/483/519
f 507/477/520 499/468/520 498/474/520 506/480/520
f 502/483/521 494/473/521 493/466/521 501/478/521
f 505/481/522 497/470/522 496/471/522 504/484/522
f 441/485/523 496/471/523 488/461/523
f 516/486/524 508/476/524 507/477/524 515/487/524
f 510/488/525 502/483/525 501/478/525 509/489/525
f 509/489/526 501/478/526 500/467/526 508/476/526
f 514/490/527 506/480/527 505/481/527 513/491/527
f 511/492/528 503/482/528 502/483/528 510/488/528
f 515/487/529 507/477/529 506/480/529 514/490/529
f 513/491/530 505/481/530 504/484/530 512/493/530
f 441/494/531 504/484/531 496/471/531
f 447/495/532 495/472/532 503/482/532
f 524/496/533 516/486/533 515/487/533 523/497/533
f 518/498/534 510/488/534 509/489/534 517/499/534
f 517/499/535 509/489/535 508/476/535 516/486/535
f 521/500/536 513/491/536 512/493/536 520/501/536
f 519/502/537 511/492/537 510/488/537 518/498/537
f 523/497/538 515/487/538 514/490/538 522/503/538
f 441/504/539 512/493/539 504/484/539
f 447/505/540 503/482/540 511/492/540
f 532/506/541 524/496/541 523/497/541 531/507/541
f 526/508/542 518/498/542 517/499/542 525/509/542
f 525/509/543 517/499/543 516/486/543 524/496/543
f 522/503/544 514/490/544 513/491/544 521/500/544
f 529/510/545 521/500/545 520/501/545 528/511/545
f 531/507/546 523/497/546 522/503/546 530/512/546
f 441/513/547 520/501/547 512/493/547
f 527/514/548 519/502/548 518/498/548 526/508/548
f 447/515/549 511/492/549 519/502/549
f 534/516/550 526/508/550 525/509/550 533/517/550
f 533/517/551 525/509/551 524/496/551 532/506/551
f 530/512/552 522/503/552 521/500/552 529/510/552
f 540/518/553 532/506/553 531/507/553 539/519/553
f 535/520/554 527/514/554 526/508/554 534/516/554
f 441/521/555 528/511/555 520/501/555
f 539/522/556 531/507/556 530/512/556 538/523/556
f 447/524/557 519/502/557 527/514/557
f 537/525/558 529/510/558 528/511/558 536/526/558
f 542/527/559 534/516/559 533/517/559 541/528/559
f 541/529/560 533/517/560 532/506/560 540/530/560
f 538/531/561 530/512/561 529/510/561 537/532/561
f 548/533/562 540/518/562 539/519/562 547/534/562
f 543/535/563 535/520/563 534/516/563 542/536/563
f 547/534/564 539/522/564 538/523/564 546/537/564
f 441/538/565 536/539/565 528/511/565
f 447/540/566 527/514/566 535/520/566
f 545/541/567 537/525/567 536/526/567 544/542/567
f 550/543/568 542/527/568 541/528/568 549/544/568
f 549/544/569 541/529/569 540/530/569 548/533/569
f 546/537/570 538/531/570 537/532/570 545/541/570
f 556/545/571 548/533/571 547/534/571 555/546/571
f 551/547/572 543/535/572 542/536/572 550/543/572
f 555/546/573 547/534/573 546/537/573 554/548/573
f 447/549/574 535/520/574 543/535/574
f 441/550/575 544/542/575 536/526/575
f 553/551/576 545/541/576 544/542/576 552/552/576
f 557/553/577 549/544/577 548/533/577 556/545/577
f 554/548/578 546/537/578 545/541/578 553/551/578
f 564/417/579 556/545/579 555/546/579 563/418/579
f 558/554/580 550/543/580 549/544/580 557/553/580
f 563/418/581 555/546/581 554/548/581 562/555/581
f 447/556/582 543/557/582 551/547/582
f 441/558/583 552/552/583 544/542/583
f 561/559/584 553/551/584 552/552/584 560/560/584
f 559/561/585 551/547/585 550/543/585 558/554/585
f 562/555/586 554/548/586 553/551/586 561/559/586
f 447/562/587 567/563/587 570/433/587
f 566/564/588 558/554/588 557/553/588 565/565/588
f 441/566/589 560/560/589 552/552/589
f 447/567/590 551/547/590 559/561/590
f 442/423/591 561/559/591 560/560/591 568/424/591
f 565/565/592 557/553/592 556/545/592 564/417/592
f 563/418/593 562/555/593 443/434/593 444/415/593
f 567/563/594 559/561/594 558/554/594 566/564/594
f 562/555/595 561/559/595 442/423/595 443/434/595
f 569/411/596 566/564/596 565/565/596 446/412/596
f 441/568/597 568/424/597 560/560/597
f 565/565/598 564/417/598 445/416/598 446/412/598
f 447/569/599 559/561/599 567/563/599
f 570/433/600 567/563/600 566/564/600 569/411/600
f 467/428/601 459/413/601 458/403/601 466/435/601
f 457/406/602 449/405/602 448/425/602 456/421/602
f 455/430/603 570/433/603 569/411/603 454/408/603
f 461/410/604 453/409/604 452/419/604 460/427/604
f 441/570/605 448/425/605 568/424/605
f 443/434/606 442/423/606 449/405/606 450/404/606
o Cube.003
v 5.803652 -0.101590 -2.059264
v 5.619252 5.792678 -1.928394
v 5.713469 -0.101590 -1.071632
v 5.555821 5.792678 -1.233735
v 4.816020 -0.101590 -2.149447
v 4.973667 6.050201 -1.987344
v 4.725836 -0.101590 -1.161815
v 4.910236 6.050201 -1.292685
v 7.042324 9.573166 -1.676494
v 7.000981 9.573166 -1.223729
v 6.762143 9.930305 -1.702078
v 6.720799 9.930305 -1.249313
v 8.543016 10.310416 -1.541013
v 8.501392 10.310416 -1.085173
v 8.537912 10.768125 -1.541479
v 8.496288 10.768125 -1.085639
v 9.575189 9.206676 -1.312536
v 9.557875 9.206676 -1.122929
v 9.734482 9.309950 -1.297991
v 9.717167 9.309950 -1.108383
v 9.382161 9.590025 -1.140697
v 9.345972 9.411604 -0.299783
v 9.359606 9.189910 0.103332
v 9.428269 8.811858 0.293400
v 9.560497 8.255051 0.232782
v 9.704405 7.737969 -0.054736
v 10.123943 6.466401 -1.480754
v 9.253271 9.528965 -0.875674
v 9.031504 9.347127 -0.393488
v 8.888971 9.093414 -0.036909
v 8.873119 8.698033 0.127975
v 9.005346 8.141226 0.067358
v 9.233770 7.641473 -0.194976
v 9.582390 7.027363 -0.646032
v 10.011623 6.532393 -1.290458
v 9.162521 9.515391 -0.948951
v 8.773071 9.308473 -0.602164
v 8.502197 9.035564 -0.349214
v 8.416888 8.629795 -0.240414
v 8.549116 8.072988 -0.301031
v 8.846997 7.583623 -0.507282
v 9.323956 6.988709 -0.854708
v 9.950457 6.523244 -1.339849
v 9.105265 9.512952 -1.051444
v 8.610014 9.301527 -0.894041
v 8.258167 9.025169 -0.786039
v 8.129034 8.617533 -0.755684
v 8.261262 8.060725 -0.816301
v 8.602966 7.573228 -0.944106
v 9.160900 6.981763 -1.146585
v 9.911863 6.521600 -1.408932
v 9.090216 9.522018 -1.167551
v 8.567160 9.327346 -1.224683
v 8.194031 9.063810 -1.280880
v 8.053381 8.663113 -1.339389
v 8.185608 8.106305 -1.400007
v 8.538830 7.611869 -1.438948
v 9.118046 7.007582 -1.477228
v 9.901720 6.527711 -1.487190
v 9.119667 9.541210 -1.279593
v 8.651031 9.381999 -1.543754
v 8.319553 9.145604 -1.758404
v 8.201445 8.759596 -1.902667
v 8.333672 8.202788 -1.963284
v 8.664352 7.693664 -1.916471
v 9.201917 7.062236 -1.796299
v 9.921572 6.540647 -1.562709
v 9.189136 9.567606 -1.370515
v 8.848860 9.457167 -1.802678
v 8.615624 9.258101 -2.145910
v 8.550684 8.892294 -2.359762
v 8.682912 8.335486 -2.420380
v 8.960424 7.806159 -2.303978
v 9.399746 7.137403 -2.055222
v 9.968394 6.558437 -1.623992
v 9.288044 9.597186 -1.426474
v 9.130527 9.541405 -1.962035
v 9.037170 9.384171 -2.384406
v 9.047932 9.041004 -2.641086
v 9.180159 8.484197 -2.701704
v 9.381969 7.932230 -2.542473
v 9.681414 7.221641 -2.214580
v 10.035061 6.578375 -1.661710
v 9.401335 9.625448 -1.438951
v 9.453154 9.621888 -1.997566
v 9.520015 9.504623 -2.437581
v 9.617485 9.183087 -2.703811
v 9.749712 8.626281 -2.764429
v 9.864815 8.052683 -2.595649
v 10.004040 7.302124 -2.250110
v 10.111422 6.597425 -1.670119
v 9.511761 9.648089 -1.406046
v 9.767622 9.686365 -1.903860
v 9.990648 9.601120 -2.297341
v 10.172636 9.296912 -2.538386
v 10.304863 8.740106 -2.599004
v 10.335447 8.149179 -2.455409
v 10.318506 7.366601 -2.156405
v 10.185852 6.612685 -1.647941
v 9.602511 9.661663 -1.332769
v 10.026055 9.725019 -1.695185
v 10.377422 9.658969 -1.985036
v 10.628866 9.365150 -2.169998
v 10.761093 8.808344 -2.230615
v 10.722221 8.207028 -2.143103
v 10.576941 7.405254 -1.947729
v 10.247019 6.621834 -1.598550
v 9.659769 9.664102 -1.230275
v 10.189112 9.731964 -1.403308
v 10.621452 9.669365 -1.548211
v 10.916719 9.377413 -1.654727
v 11.048947 8.820606 -1.715345
v 10.966251 8.217423 -1.706279
v 10.739996 7.412200 -1.655852
v 10.285612 6.623478 -1.529468
v 9.674818 9.655036 -1.114169
v 10.231965 9.706145 -1.072665
v 10.685589 9.630724 -1.053370
v 10.992373 9.331833 -1.071022
v 11.124601 8.775025 -1.131639
v 11.030388 8.178782 -1.211437
v 10.782851 7.386381 -1.325210
v 10.295754 6.617367 -1.451209
v 9.645366 9.635843 -1.002126
v 10.148094 9.651492 -0.753595
v 10.560066 9.548929 -0.575846
v 10.844310 9.235350 -0.507745
v 10.976538 8.678542 -0.568362
v 10.904865 8.096988 -0.733914
v 10.698979 7.331728 -1.006139
v 10.275904 6.604431 -1.375690
v 9.575897 9.609448 -0.911205
v 9.950266 9.576324 -0.494671
v 10.263994 9.436433 -0.188340
v 10.495070 9.102652 -0.050650
v 10.627297 8.545844 -0.111267
v 10.608795 7.984492 -0.346408
v 10.501151 7.256561 -0.747216
v 10.229080 6.586640 -1.314407
v 9.476989 9.579868 -0.855246
v 9.668597 9.492087 -0.335314
v 9.842449 9.310363 0.050155
v 9.997822 8.953941 0.230674
v 10.130051 8.397134 0.170057
v 10.187248 7.858421 -0.107912
v 10.219483 7.172323 -0.587858
v 10.162415 6.566702 -1.276690
v 9.363697 9.551606 -0.842769
v 9.896857 7.091839 -0.552328
v 10.086054 6.547653 -1.268280
vn 0.9954 0.0291 0.0909
vn -0.0871 0.0244 0.9959
vn -0.9955 0.0279 -0.0909
vn 0.0947 0.0244 -0.9952
vn -0.0000 -1.0000 -0.0000
vn 0.9306 -0.3560 0.0850
vn -0.4235 0.9051 -0.0387
vn 0.1072 0.0248 -0.9939
vn -0.0746 0.0248 0.9969
vn -0.9028 0.4222 -0.0824
vn 0.1798 -0.0247 -0.9834
vn 0.4377 -0.8982 0.0400
vn 0.0901 -0.0003 -0.9959
vn -0.0917 -0.0003 0.9958
vn 0.5402 -0.8401 0.0493
vn -0.0013 -0.0247 0.9997
vn 0.7654 0.6398 0.0699
vn -0.7220 -0.6888 -0.0659
vn -0.4408 0.8052 0.3967
vn -0.3971 -0.6790 0.6175
vn -0.1021 -0.6259 0.7732
vn -0.6234 0.3221 0.7124
vn 0.1282 -0.0772 0.9887
vn -0.2508 -0.1634 0.9541
vn -0.1473 -0.5117 0.8465
vn -0.3412 0.9247 0.1686
vn -0.2615 0.9367 0.2330
vn -0.8423 -0.2519 0.4765
vn -0.2575 -0.8415 0.4748
vn -0.2329 0.9663 0.1094
vn 0.0801 -0.9262 0.3685
vn -0.5916 -0.2248 0.7743
vn -0.3345 0.3741 0.8650
vn -0.5378 0.7947 0.2815
vn -0.9648 -0.2407 0.1063
vn -0.6141 -0.7025 0.3598
vn -0.2342 0.9662 0.1078
vn -0.0845 -0.9558 0.2816
vn -0.3577 0.9263 0.1187
vn -0.6963 -0.5938 0.4031
vn -0.9399 0.3086 0.1459
vn -0.4353 -0.8608 0.2637
vn -0.5852 0.7990 0.1382
vn -0.9404 -0.1928 -0.2802
vn -0.7201 -0.6927 0.0392
vn -0.2348 0.9663 0.1059
vn -0.3544 0.9327 0.0666
vn -0.8100 -0.5834 0.0594
vn -0.2055 -0.9689 0.1379
vn -0.5222 -0.8528 0.0011
vn -0.9192 0.3492 -0.1818
vn -0.7874 -0.5389 -0.2993
vn -0.5757 0.8176 -0.0113
vn -0.7728 -0.1156 -0.6240
vn -0.6990 -0.6513 -0.2953
vn -0.3318 0.9431 0.0203
vn -0.2646 -0.9635 -0.0409
vn -0.5049 -0.8189 -0.2730
vn -0.7771 0.4147 -0.4734
vn -0.2347 0.9665 0.1039
vn -0.6319 -0.4673 -0.6184
vn -0.5109 0.8474 -0.1443
vn -0.4876 -0.0208 -0.8728
vn -0.2529 -0.9404 -0.2275
vn -0.2934 0.9559 -0.0133
vn -0.3861 -0.7641 -0.5168
vn -0.5353 0.4951 -0.6844
vn -0.5540 -0.5845 -0.5929
vn -0.2338 0.9669 0.1021
vn -0.4005 0.8841 -0.2406
vn -0.1282 0.0772 -0.9887
vn -0.3671 -0.3792 -0.8494
vn -0.1719 -0.9031 -0.3935
vn -0.2615 0.9220 -0.2855
vn -0.1838 -0.6969 -0.6932
vn -0.2304 0.5782 -0.7827
vn -0.3071 -0.5024 -0.8083
vn -0.2449 0.9691 -0.0289
vn -0.2323 0.9674 0.1008
vn 0.2508 0.1634 -0.9541
vn 0.0041 -0.4176 -0.9086
vn -0.0335 -0.2883 -0.9570
vn -0.1148 0.9554 -0.2721
vn 0.0711 -0.6274 -0.7755
vn 0.0909 0.6513 -0.7533
vn -0.1939 0.9807 -0.0242
vn -0.2304 0.9679 0.1001
vn -0.0342 -0.8573 -0.5137
vn 0.5916 0.2248 -0.7743
vn 0.3321 -0.3429 -0.8787
vn 0.3183 -0.2083 -0.9248
vn -0.1479 0.9890 -0.0000
vn 0.3399 -0.5662 -0.7509
vn 0.3799 0.7033 -0.6008
vn -0.2285 0.9684 0.1003
vn 0.1393 -0.8100 -0.5697
vn 0.8423 0.2519 -0.4765
vn 0.6271 -0.2898 -0.7230
vn 0.6346 -0.1513 -0.7579
vn 0.0170 0.9791 -0.2025
vn -0.1141 0.9927 0.0401
vn 0.5925 0.7263 -0.3483
vn -0.2267 0.9687 0.1013
vn 0.5815 -0.5227 -0.6234
vn 0.3223 -0.7684 -0.5529
vn 0.8442 -0.2663 -0.4653
vn 0.8673 -0.1261 -0.4815
vn 0.1140 0.9896 -0.0873
vn 0.9648 0.2407 -0.1063
vn 0.7593 -0.5035 -0.4122
vn -0.2253 0.9688 0.1028
vn 0.6964 0.7168 -0.0343
vn 0.4868 -0.7387 -0.4661
vn -0.0976 0.9911 0.0900
vn 0.9502 -0.2760 -0.1447
vn 0.9810 -0.1366 -0.1378
vn 0.1614 0.9853 0.0560
vn 0.9404 0.1928 0.2802
vn 0.8462 -0.5115 -0.1496
vn 0.6757 0.6762 0.2935
vn -0.2247 0.9688 0.1048
vn 0.6079 -0.7256 -0.3223
vn -0.1009 0.9847 0.1421
vn 0.9291 -0.3175 0.1898
vn 0.9584 -0.1810 0.2209
vn 0.1520 0.9668 0.2056
vn 0.7728 0.1156 0.6240
vn 0.8289 -0.5454 0.1245
vn 0.5336 0.6107 0.5850
vn 0.6670 -0.7311 -0.1435
vn -0.2248 0.9685 0.1068
vn -0.1235 0.9743 0.1885
vn 0.8028 -0.2527 0.5400
vn 0.0872 0.9369 0.3386
vn 0.4876 0.0208 0.8728
vn 0.7840 -0.3843 0.4874
vn 0.2917 0.5303 0.7960
vn 0.6553 -0.7542 0.0431
vn -0.2257 0.9681 0.1086
vn -0.1619 0.9615 0.2220
vn 0.7100 -0.6002 0.3683
vn -0.0232 0.9002 0.4349
vn 0.2631 -0.8845 0.3852
vn 0.5371 -0.4664 0.7028
vn -0.2272 0.9676 0.1099
vn 0.5744 -0.7915 0.2091
vn -0.2104 0.9483 0.2376
vn 0.5381 -0.3407 0.7710
vn -0.0131 0.4472 0.8943
vn 0.5078 -0.6674 0.5447
vn -0.1623 0.8623 0.4797
vn 0.2260 -0.5512 0.8032
vn -0.2291 0.9671 0.1105
vn 0.2044 -0.4316 0.8786
vn 0.4366 -0.8372 0.3292
vn 0.2529 -0.7369 0.6269
vn -0.8361 0.2991 0.4599
vn -0.3074 0.9284 0.2087
vn -0.0159 -0.7980 0.6024
vn -0.4636 -0.5686 0.6795
vn -0.2311 0.9667 0.1103
vn -0.3089 0.8289 0.4663
vt 0.375000 0.000000
vt 0.625000 0.000000
vt 0.625000 0.250000
vt 0.375000 0.250000
vt 0.625000 0.500000
vt 0.375000 0.500000
vt 0.625000 0.750000
vt 0.375000 0.750000
vt 0.625000 1.000000
vt 0.375000 1.000000
vt 0.125000 0.500000
vt 0.125000 0.750000
vt 0.875000 0.500000
vt 0.875000 0.750000
vt 0.625000 0.687500
vt 0.687500 0.687500
vt 0.687500 0.812500
vt 0.625000 0.812500
vt 0.625000 0.187500
vt 0.687500 0.187500
vt 0.687500 0.312500
vt 0.625000 0.312500
vt 0.750000 0.187500
vt 0.750000 0.312500
vt 0.625000 0.562500
vt 0.687500 0.562500
vt 0.750000 0.562500
vt 0.750000 0.437500
vt 0.812500 0.437500
vt 0.812500 0.562500
vt 0.687500 0.437500
vt 0.562500 0.812500
vt 0.625000 0.937500
vt 0.562500 0.937500
vt 0.750000 0.812500
vt 0.750000 0.937500
vt 0.687500 0.937500
vt 0.562500 0.437500
vt 0.625000 0.437500
vt 0.562500 0.562500
vt 0.625000 0.062500
vt 0.687500 0.062500
vt 0.640625 1.000000
vt 0.734375 0.000000
vt 0.750000 0.062500
vt 0.750000 0.687500
vt 0.562500 0.687500
vt 0.500000 0.437500
vt 0.500000 0.562500
vt 0.562500 0.187500
vt 0.562500 0.312500
vt 0.578125 1.000000
vt 0.671875 0.000000
vt 0.500000 0.812500
vt 0.500000 0.937500
vt 0.500000 0.687500
vt 0.562500 0.062500
vt 0.437500 0.437500
vt 0.437500 0.562500
vt 0.500000 0.187500
vt 0.500000 0.312500
vt 0.515625 1.000000
vt 0.437500 0.812500
vt 0.437500 0.937500
vt 0.609375 0.000000
vt 0.500000 0.062500
vt 0.437500 0.687500
vt 0.437500 0.312500
vt 0.375000 0.437500
vt 0.375000 0.562500
vt 0.437500 0.187500
vt 0.375000 0.812500
vt 0.375000 0.937500
vt 0.546875 0.000000
vt 0.437500 0.062500
vt 0.375000 0.687500
vt 0.453125 1.000000
vt 0.375000 0.312500
vt 0.312500 0.437500
vt 0.312500 0.562500
vt 0.484375 0.000000
vt 0.312500 0.812500
vt 0.312500 0.937500
vt 0.375000 0.062500
vt 0.375000 0.187500
vt 0.312500 0.687500
vt 0.390625 1.000000
vt 0.250000 0.437500
vt 0.250000 0.562500
vt 0.312500 0.312500
vt 0.421875 0.000000
vt 0.250000 0.687500
vt 0.250000 0.812500
vt 0.312500 0.062500
vt 0.312500 0.187500
vt 0.250000 0.937500
vt 0.328125 1.000000
vt 0.187500 0.437500
vt 0.187500 0.562500
vt 0.250000 0.187500
vt 0.250000 0.312500
vt 0.187500 0.687500
vt 0.187500 0.812500
vt 0.250000 0.062500
vt 0.187500 0.937500
vt 0.265625 1.000000
vt 0.359375 0.000000
vt 0.125000 0.437500
vt 0.125000 0.562500
vt 0.187500 0.187500
vt 0.187500 0.312500
vt 0.125000 0.812500
vt 0.125000 0.937500
vt 0.187500 0.062500
vt 0.125000 0.687500
vt 0.203125 1.000000
vt 0.296875 0.000000
vt 0.062500 0.437500
vt 0.062500 0.562500
vt 0.125000 0.187500
vt 0.125000 0.312500
vt 0.062500 0.812500
vt 0.062500 0.937500
vt 0.062500 0.687500
vt 0.140625 1.000000
vt 0.125000 0.062500
vt 0.234375 0.000000
vt 0.062500 0.187500
vt 0.062500 0.312500
vt 0.000000 0.437500
vt 1.000000 0.562500
vt 0.062500 0.062500
vt 0.078125 1.000000
vt 0.000000 0.562500
vt 1.000000 0.687500
vt 0.171875 0.000000
vt 0.000000 0.812500
vt 1.000000 0.937500
vt 0.000000 0.187500
vt 1.000000 0.312500
vt 0.000000 0.312500
vt 1.000000 0.437500
vt 0.000000 0.687500
vt 1.000000 0.812500
vt 0.937500 0.437500
vt 0.937500 0.562500
vt 0.000000 0.062500
vt 1.000000 0.187500
vt 0.937500 0.687500
vt 0.015625 1.000000
vt 0.000000 0.937500
vt 0.109375 0.000000
vt 0.937500 0.812500
vt 0.937500 0.937500
vt 0.937500 0.187500
vt 0.937500 0.312500
vt 0.875000 0.437500
vt 0.875000 0.562500
vt 0.937500 0.062500
vt 0.875000 0.687500
vt 0.046875 0.000000
vt 0.953125 1.000000
vt 0.875000 0.812500
vt 0.875000 0.937500
vt 0.875000 0.312500
vt 0.875000 0.187500
vt 0.812500 0.687500
vt 0.984375 0.000000
vt 1.000000 0.062500
vt 0.890625 1.000000
vt 0.812500 0.812500
vt 0.812500 0.937500
vt 0.875000 0.062500
vt 0.796875 0.000000
vt 0.812500 0.062500
vt 0.812500 0.187500
vt 0.812500 0.312500
vt 0.828125 1.000000
vt 0.921875 0.000000
vt 0.765625 1.000000
vt 0.859375 0.000000
vt 0.703125 1.000000
s 0
usemtl Material.001
f 571/571/607 572/572/607 574/573/607 573/574/607
f 573/574/608 574/573/608 578/575/608 577/576/608
f 577/576/609 578/575/609 576/577/609 575/578/609
f 575/578/610 576/577/610 572/579/610 571/580/610
f 573/581/611 577/576/611 575/578/611 571/582/611
f 574/573/612 572/572/612 579/572/612 580/573/612
f 581/577/613 582/575/613 586/575/613 585/577/613
f 572/579/614 576/577/614 581/577/614 579/579/614
f 578/575/615 574/573/615 580/573/615 582/575/615
f 576/577/616 578/575/616 582/575/616 581/577/616
f 583/579/617 585/577/617 589/577/617 587/579/617
f 580/573/618 579/572/618 583/572/618 584/573/618
f 579/579/619 581/577/619 585/577/619 583/579/619
f 582/575/620 580/573/620 584/573/620 586/575/620
f 590/575/621 588/583/621 587/584/621 589/577/621
f 586/575/622 584/573/622 588/573/622 590/575/622
f 585/577/623 586/575/623 590/575/623 589/577/623
f 584/573/624 583/572/624 587/572/624 588/573/624
usemtl Material.002
f 608/585/625 600/586/625 599/587/625 607/588/625
f 612/589/626 604/590/626 603/591/626 611/592/626
f 604/590/627 719/593/627 596/594/627 603/591/627
f 609/595/628 601/596/628 600/586/628 608/585/628
f 594/597/629 595/598/629 714/599/629 713/600/629
f 602/601/630 595/598/630 594/597/630 601/596/630
f 596/594/631 595/598/631 602/601/631 603/591/631
f 615/602/632 607/588/632 606/603/632 614/604/632
f 599/587/633 592/605/633 718/606/633 598/607/633
f 618/608/634 610/609/634 609/595/634 617/610/634
f 613/611/635 605/612/635 604/590/635 612/589/635
f 591/613/636 606/603/636 598/607/636
f 597/614/637 720/615/637 605/612/637
f 610/609/638 602/601/638 601/596/638 609/595/638
f 594/597/639 593/616/639 600/586/639 601/596/639
f 616/617/640 608/585/640 607/588/640 615/602/640
f 626/618/641 618/608/641 617/610/641 625/619/641
f 620/620/642 612/589/642 611/592/642 619/621/642
f 591/622/643 614/604/643 606/603/643
f 597/623/644 605/612/644 613/611/644
f 623/624/645 615/602/645 614/604/645 622/625/645
f 619/621/646 611/592/646 610/609/646 618/608/646
f 625/619/647 617/610/647 616/617/647 624/626/647
f 621/627/648 613/611/648 612/589/648 620/620/648
f 624/626/649 616/617/649 615/602/649 623/624/649
f 634/628/650 626/618/650 625/619/650 633/629/650
f 628/630/651 620/620/651 619/621/651 627/631/651
f 591/632/652 622/625/652 614/604/652
f 631/633/653 623/624/653 622/625/653 630/634/653
f 627/631/654 619/621/654 618/608/654 626/618/654
f 597/635/655 613/611/655 621/627/655
f 629/636/656 621/627/656 620/620/656 628/630/656
f 633/629/657 625/619/657 624/626/657 632/637/657
f 635/638/658 627/631/658 626/618/658 634/628/658
f 632/637/659 624/626/659 623/624/659 631/633/659
f 642/639/660 634/628/660 633/629/660 641/640/660
f 636/641/661 628/630/661 627/631/661 635/638/661
f 639/642/662 631/633/662 630/634/662 638/643/662
f 597/644/663 621/627/663 629/636/663
f 637/645/664 629/636/664 628/630/664 636/641/664
f 641/640/665 633/629/665 632/637/665 640/646/665
f 591/647/666 630/634/666 622/625/666
f 643/648/667 635/638/667 634/628/667 642/639/667
f 640/646/668 632/637/668 631/633/668 639/642/668
f 650/649/669 642/639/669 641/640/669 649/650/669
f 597/651/670 629/636/670 637/645/670
f 647/652/671 639/642/671 638/643/671 646/653/671
f 645/654/672 637/645/672 636/641/672 644/655/672
f 649/650/673 641/640/673 640/646/673 648/656/673
f 644/655/674 636/641/674 635/638/674 643/648/674
f 591/657/675 638/643/675 630/634/675
f 648/656/676 640/646/676 639/642/676 647/652/676
f 658/658/677 650/649/677 649/650/677 657/659/677
f 651/660/678 643/648/678 642/639/678 650/649/678
f 597/661/679 637/645/679 645/654/679
f 656/662/680 648/656/680 647/652/680 655/663/680
f 653/664/681 645/654/681 644/655/681 652/665/681
f 657/659/682 649/650/682 648/656/682 656/662/682
f 652/665/683 644/655/683 643/648/683 651/660/683
f 655/663/684 647/652/684 646/653/684 654/666/684
f 591/667/685 646/653/685 638/643/685
f 666/668/686 658/658/686 657/659/686 665/669/686
f 660/670/687 652/665/687 651/660/687 659/671/687
f 659/671/688 651/660/688 650/649/688 658/658/688
f 664/672/689 656/662/689 655/663/689 663/673/689
f 661/674/690 653/664/690 652/665/690 660/670/690
f 665/669/691 657/659/691 656/662/691 664/672/691
f 663/673/692 655/663/692 654/666/692 662/675/692
f 591/676/693 654/666/693 646/653/693
f 597/677/694 645/654/694 653/664/694
f 674/678/695 666/668/695 665/669/695 673/679/695
f 668/680/696 660/670/696 659/671/696 667/681/696
f 667/681/697 659/671/697 658/658/697 666/668/697
f 671/682/698 663/673/698 662/675/698 670/683/698
f 669/684/699 661/674/699 660/670/699 668/680/699
f 673/679/700 665/669/700 664/672/700 672/685/700
f 591/686/701 662/675/701 654/666/701
f 597/687/702 653/664/702 661/674/702
f 682/688/703 674/678/703 673/679/703 681/689/703
f 676/690/704 668/680/704 667/681/704 675/691/704
f 675/691/705 667/681/705 666/668/705 674/678/705
f 672/685/706 664/672/706 663/673/706 671/682/706
f 679/692/707 671/682/707 670/683/707 678/693/707
f 681/689/708 673/679/708 672/685/708 680/694/708
f 591/695/709 670/683/709 662/675/709
f 677/696/710 669/684/710 668/680/710 676/690/710
f 597/697/711 661/674/711 669/684/711
f 684/698/712 676/690/712 675/691/712 683/699/712
f 683/699/713 675/691/713 674/678/713 682/688/713
f 680/694/714 672/685/714 671/682/714 679/692/714
f 690/700/715 682/688/715 681/689/715 689/701/715
f 685/702/716 677/696/716 676/690/716 684/698/716
f 591/703/717 678/693/717 670/683/717
f 689/704/718 681/689/718 680/694/718 688/705/718
f 597/706/719 669/684/719 677/696/719
f 687/707/720 679/692/720 678/693/720 686/708/720
f 692/709/721 684/698/721 683/699/721 691/710/721
f 691/711/722 683/699/722 682/688/722 690/712/722
f 688/713/723 680/694/723 679/692/723 687/714/723
f 698/715/724 690/700/724 689/701/724 697/716/724
f 693/717/725 685/702/725 684/698/725 692/718/725
f 697/716/726 689/704/726 688/705/726 696/719/726
f 591/720/727 686/721/727 678/693/727
f 597/722/728 677/696/728 685/702/728
f 695/723/729 687/707/729 686/708/729 694/724/729
f 700/725/730 692/709/730 691/710/730 699/726/730
f 699/726/731 691/711/731 690/712/731 698/715/731
f 696/719/732 688/713/732 687/714/732 695/723/732
f 706/727/733 698/715/733 697/716/733 705/728/733
f 701/729/734 693/717/734 692/718/734 700/725/734
f 705/728/735 697/716/735 696/719/735 704/730/735
f 597/731/736 685/702/736 693/717/736
f 591/732/737 694/724/737 686/708/737
f 703/733/738 695/723/738 694/724/738 702/734/738
f 707/735/739 699/726/739 698/715/739 706/727/739
f 704/730/740 696/719/740 695/723/740 703/733/740
f 714/599/741 706/727/741 705/728/741 713/600/741
f 708/736/742 700/725/742 699/726/742 707/735/742
f 713/600/743 705/728/743 704/730/743 712/737/743
f 597/738/744 693/739/744 701/729/744
f 591/740/745 702/734/745 694/724/745
f 711/741/746 703/733/746 702/734/746 710/742/746
f 709/743/747 701/729/747 700/725/747 708/736/747
f 712/737/748 704/730/748 703/733/748 711/741/748
f 597/744/749 717/745/749 720/615/749
f 716/746/750 708/736/750 707/735/750 715/747/750
f 591/748/751 710/742/751 702/734/751
f 597/749/752 701/729/752 709/743/752
f 592/605/753 711/741/753 710/742/753 718/606/753
f 715/747/754 707/735/754 706/727/754 714/599/754
f 713/600/755 712/737/755 593/616/755 594/597/755
f 717/745/756 709/743/756 708/736/756 716/746/756
f 712/737/757 711/741/757 592/605/757 593/616/757
f 719/593/758 716/746/758 715/747/758 596/594/758
f 591/750/759 718/606/759 710/742/759
f 715/747/760 714/599/760 595/598/760 596/594/760
f 597/751/761 709/743/761 717/745/761
f 720/615/762 717/745/762 716/746/762 719/593/762
f 617/610/763 609/595/763 608/585/763 616/617/763
f 607/588/764 599/587/764 598/607/764 606/603/764
f 605/612/765 720/615/765 719/593/765 604/590/765
f 611/592/766 603/591/766 602/601/766 610/609/766
f 591/752/767 598/607/767 718/606/767
f 593/616/768 592/605/768 599/587/768 600/586/768
o Cube.004
v 0.489732 -0.101590 -0.255269
v 0.552322 5.792678 -0.472555
v -0.055476 -0.101590 -1.083701
v 0.168846 5.792678 -1.055238
v 1.318164 -0.101590 -0.800478
v 1.093842 6.050201 -0.828941
v 0.772956 -0.101590 -1.628909
v 0.710366 6.050201 -1.411624
v -0.717389 9.573166 0.217678
v -0.967332 9.573166 -0.162104
v -0.482372 9.930305 0.063008
v -0.732314 9.930305 -0.316774
v -1.975212 10.310416 1.047325
v -2.226851 10.310416 0.664964
v -1.970930 10.768125 1.044508
v -2.222570 10.768125 0.662147
v -2.924685 9.206676 1.512172
v -3.029354 9.206676 1.353129
v -3.058300 9.309950 1.600107
v -3.162970 9.309950 1.441064
v -2.880890 9.590025 1.257476
v -3.376847 9.411604 0.577421
v -3.638820 9.189910 0.270735
v -3.811002 8.811858 0.164932
v -3.876597 8.255051 0.294762
v -3.809867 7.737969 0.609283
v -3.248871 6.466401 1.985809
v -2.945338 9.528965 0.969906
v -3.072552 9.347127 0.454639
v -3.183411 9.093414 0.086978
v -3.273811 8.698033 -0.051824
v -3.339405 8.141226 0.078006
v -3.354458 7.641473 0.425526
v -3.345834 7.027363 0.995537
v -3.279688 6.532393 1.766997
v -2.828699 9.515391 0.970624
v -2.740394 9.308473 0.456683
v -2.686301 9.035564 0.090036
v -2.687428 8.629795 -0.048217
v -2.753024 8.072988 0.081613
v -2.857348 7.583623 0.428584
v -3.013675 6.988709 0.997580
v -3.201071 6.523244 1.767481
v -2.720033 9.512952 1.015065
v -2.430938 9.301527 0.583240
v -2.223168 9.025169 0.279444
v -2.141126 8.617533 0.175204
v -2.206722 8.060725 0.305035
v -2.394216 7.573228 0.617992
v -2.704220 6.981763 1.124138
v -3.127827 6.521600 1.797436
v -2.635883 9.522018 1.096464
v -2.191298 9.327346 0.815046
v -1.864522 9.063810 0.626365
v -1.718074 8.663113 0.584426
v -1.783669 8.106305 0.714257
v -2.035569 7.611869 0.964914
v -2.464580 7.007582 1.355944
v -3.071108 6.527711 1.852300
v -2.589060 9.541210 1.202429
v -2.057957 9.381999 1.116809
v -1.664963 9.145604 1.077985
v -1.482678 8.759596 1.117148
v -1.548273 8.202788 1.246979
v -1.836010 7.693664 1.416533
v -2.331239 7.062236 1.657707
v -3.039548 6.540647 1.923723
v -2.586692 9.567606 1.316828
v -2.051214 9.457167 1.442588
v -1.654871 9.258101 1.565548
v -1.470774 8.892294 1.692268
v -1.536369 8.335486 1.822099
v -1.825918 7.806159 1.904096
v -2.324496 7.137403 1.983486
v -3.037952 6.558437 2.000830
v -2.629140 9.597186 1.422244
v -2.172096 9.541405 1.742787
v -1.835783 9.384171 2.014827
v -1.684174 9.041004 2.222229
v -1.749769 8.484197 2.352059
v -2.006830 7.932230 2.353375
v -2.445377 7.221641 2.283685
v -3.066563 6.578375 2.071882
v -2.709941 9.625448 1.502628
v -2.402200 9.621888 1.971703
v -2.180157 9.504623 2.357424
v -2.090392 9.183087 2.626350
v -2.155987 8.626281 2.756180
v -2.351204 8.052683 2.695972
v -2.675481 7.302124 2.512600
v -3.121025 6.597425 2.126063
v -2.816795 9.648089 1.545743
v -2.706493 9.686365 2.094485
v -2.635566 9.601120 2.541181
v -2.627582 9.296912 2.843105
v -2.693177 8.740106 2.972936
v -2.806612 8.149179 2.879729
v -2.979775 7.366601 2.635383
v -3.193047 6.612685 2.155124
v -2.933434 9.661663 1.545026
v -3.038652 9.725019 2.092441
v -3.132676 9.658969 2.538122
v -3.213964 9.365150 2.839498
v -3.279559 8.808344 2.969328
v -3.303724 8.207028 2.876671
v -3.311934 7.405254 2.633339
v -3.271664 6.621834 2.154641
v -3.042100 9.664102 1.500584
v -3.348107 9.731964 1.965883
v -3.595808 9.669365 2.348715
v -3.760266 9.377413 2.616077
v -3.825861 8.820606 2.745907
v -3.766855 8.217423 2.687263
v -3.621389 7.412200 2.506781
v -3.344907 6.623478 2.124686
v -3.126251 9.655036 1.419185
v -3.587747 9.706145 1.734078
v -3.954455 9.630724 2.001793
v -4.183318 9.331833 2.206855
v -4.248914 8.775025 2.336685
v -4.125502 8.178782 2.340341
v -3.861029 7.386381 2.274976
v -3.401626 6.617367 2.069821
v -3.173074 9.635843 1.313220
v -3.721089 9.651492 1.432315
v -4.154015 9.548929 1.550173
v -4.418715 9.235350 1.674133
v -4.484310 8.678542 1.803963
v -4.325061 8.096988 1.888722
v -3.994370 7.331728 1.973213
v -3.433186 6.604431 1.998399
v -3.175442 9.609448 1.198822
v -3.727831 9.576324 1.106536
v -4.164106 9.436433 1.062611
v -4.430619 9.102652 1.099013
v -4.496214 8.545844 1.228843
v -4.335153 7.984492 1.401159
v -4.001113 7.256561 1.647434
v -3.434782 6.586640 1.921292
v -3.132993 9.579868 1.093406
v -3.606949 9.492087 0.806337
v -3.983193 9.310363 0.613332
v -4.217217 8.953941 0.569052
v -4.282813 8.397134 0.698883
v -4.154241 7.858421 0.951880
v -3.880231 7.172323 1.347236
v -3.406172 6.566702 1.850239
v -3.052191 9.551606 1.013022
v -3.650128 7.091839 1.118320
v -3.351709 6.547653 1.796058
vn -0.8350 0.0291 0.5495
vn -0.5528 0.0244 -0.8330
vn 0.8350 0.0279 -0.5495
vn 0.5464 0.0244 0.8372
vn -0.0000 -1.0000 -0.0000
vn -0.7806 -0.3560 0.5137
vn 0.3552 0.9051 -0.2338
vn 0.5358 0.0248 0.8440
vn -0.5632 0.0248 -0.8260
vn 0.7572 0.4222 -0.4984
vn 0.4725 -0.0247 0.8810
vn -0.3671 -0.8982 0.2416
vn 0.5504 -0.0003 0.8349
vn -0.5491 -0.0003 -0.8358
vn -0.4531 -0.8401 0.2982
vn -0.6222 -0.0247 -0.7824
vn -0.6420 0.6398 0.4225
vn 0.6056 -0.6888 -0.3985
vn 0.0973 0.8052 -0.5850
vn -0.0745 -0.6790 -0.7304
vn -0.4022 -0.6259 -0.6682
vn 0.0433 0.3221 -0.9457
vn -0.7166 -0.0772 -0.6932
vn -0.3987 -0.1634 -0.9024
vn -0.4125 -0.5117 -0.7537
vn 0.1617 0.9247 -0.3445
vn 0.0592 0.9367 -0.3452
vn 0.3615 -0.2519 -0.8977
vn -0.0947 -0.8415 -0.5318
vn 0.1139 0.9663 -0.2307
vn -0.2923 -0.9262 -0.2382
vn -0.0202 -0.2248 -0.9742
vn -0.2777 0.3741 -0.8848
vn 0.2450 0.7947 -0.5554
vn 0.6881 -0.2407 -0.6845
vn 0.2559 -0.7025 -0.6642
vn 0.1159 0.9662 -0.2303
vn -0.1095 -0.9558 -0.2728
vn 0.2057 0.9263 -0.3158
vn 0.2931 -0.5938 -0.7493
vn 0.6439 0.3086 -0.7001
vn 0.1760 -0.8608 -0.4776
vn 0.3714 0.7990 -0.4729
vn 0.9100 -0.1928 -0.3672
vn 0.5386 -0.6927 -0.4796
vn 0.1176 0.9663 -0.2292
vn 0.2356 0.9327 -0.2730
vn 0.5963 -0.5834 -0.5515
vn 0.0747 -0.9689 -0.2359
vn 0.4076 -0.8528 -0.3264
vn 0.8321 0.3492 -0.4309
vn 0.8022 -0.5389 -0.2569
vn 0.4572 0.8176 -0.3501
vn 0.9933 -0.1156 0.0061
vn 0.7306 -0.6513 -0.2049
vn 0.2468 0.9431 -0.2227
vn 0.2324 -0.9635 -0.1330
vn 0.5650 -0.8189 -0.1013
vn 0.9027 0.4147 -0.1144
vn 0.1188 0.9665 -0.2275
vn 0.8796 -0.4673 0.0896
vn 0.4894 0.8474 -0.2057
vn 0.9254 -0.0208 0.3785
vn 0.3396 -0.9404 0.0203
vn 0.2377 0.9559 -0.1725
vn 0.6240 -0.7641 0.1634
vn 0.8452 0.4951 0.2014
vn 0.8028 -0.5845 0.1182
vn 0.1192 0.9669 -0.2256
vn 0.4632 0.8841 -0.0616
vn 0.7166 0.0772 0.6932
vn 0.8166 -0.3792 0.4352
vn 0.3798 -0.9031 0.2005
vn 0.3824 0.9220 0.0602
vn 0.5759 -0.6969 0.4274
vn 0.6681 0.5782 0.4683
vn 0.7440 -0.5024 0.4406
vn 0.2095 0.9691 -0.1301
vn 0.1188 0.9674 -0.2236
vn 0.3987 0.1634 0.9024
vn 0.5633 -0.4176 0.7130
vn 0.6228 -0.2883 0.7274
vn 0.2594 0.9554 0.1411
vn 0.4278 -0.6274 0.6506
vn 0.3986 0.6513 0.6457
vn 0.1667 0.9807 -0.1019
vn 0.1177 0.9679 -0.2220
vn 0.3470 -0.8573 0.3803
vn 0.0202 0.2248 0.9742
vn 0.2881 -0.3429 0.8941
vn 0.3277 -0.2083 0.9215
vn 0.1157 0.9890 -0.0922
vn 0.2024 -0.5662 0.7990
vn 0.0775 0.7033 0.7066
vn 0.1161 0.9684 -0.2209
vn 0.2462 -0.8100 0.5323
vn -0.3615 0.2519 0.8977
vn -0.0396 -0.2898 0.9563
vn -0.0237 -0.1513 0.9882
vn 0.1129 0.9791 0.1689
vn 0.0642 0.9927 -0.1025
vn -0.2461 0.7263 0.6417
vn 0.1141 0.9687 -0.2205
vn -0.0661 -0.5227 0.8499
vn 0.0927 -0.7684 0.6333
vn -0.3700 -0.2663 0.8900
vn -0.3779 -0.1261 0.9172
vn -0.0348 0.9896 0.1393
vn -0.6881 0.2407 0.6845
vn -0.3367 -0.5035 0.7957
vn 0.1121 0.9688 -0.2209
vn -0.5231 0.7168 0.4610
vn -0.0901 -0.7387 0.6680
vn 0.0202 0.9911 -0.1313
vn -0.6527 -0.2760 0.7055
vn -0.6811 -0.1366 0.7193
vn -0.1611 0.9853 0.0568
vn -0.9100 0.1928 0.3672
vn -0.5683 -0.5115 0.6445
vn -0.7113 0.6762 0.1918
vn 0.1104 0.9688 -0.2220
vn -0.2744 -0.7256 0.6310
vn -0.0097 0.9847 -0.1741
vn -0.8448 -0.3175 0.4308
vn -0.8870 -0.1810 0.4247
vn -0.2470 0.9668 -0.0660
vn -0.9933 0.1156 -0.0061
vn -0.7257 -0.5454 0.4194
vn -0.7819 0.6107 -0.1247
vn -0.4321 -0.7311 0.5281
vn 0.1092 0.9685 -0.2237
vn -0.0209 0.9743 -0.2244
vn -0.9644 -0.2527 0.0783
vn -0.2792 0.9369 -0.2104
vn -0.9254 0.0208 -0.3785
vn -0.9169 -0.3843 0.1077
vn -0.7244 0.5303 -0.4405
vn -0.5392 -0.7542 0.3748
vn 0.1088 0.9681 -0.2256
vn -0.0118 0.9615 -0.2746
vn -0.7848 -0.6002 0.1547
vn -0.2530 0.9002 -0.3545
vn -0.4458 -0.8845 -0.1371
vn -0.8581 -0.4664 -0.2147
vn 0.1091 0.9676 -0.2276
vn -0.5794 -0.7915 0.1946
vn 0.0164 0.9483 -0.3170
vn -0.9014 -0.3407 -0.2674
vn -0.5473 0.4472 -0.7074
vn -0.7366 -0.6674 -0.1093
vn -0.1722 0.8623 -0.4762
vn -0.6774 -0.5512 -0.4871
vn 0.1102 0.9671 -0.2292
vn -0.7076 -0.4316 -0.5595
vn -0.5466 -0.8372 0.0148
vn -0.5886 -0.7369 -0.3325
vn 0.3670 0.2991 -0.8808
vn 0.1102 0.9284 -0.3548
vn -0.3631 -0.7980 -0.4809
vn -0.0611 -0.5686 -0.8203
vn 0.1119 0.9667 -0.2303
vn -0.0492 0.8289 -0.5572
vt 0.375000 0.000000
vt 0.625000 0.000000
vt 0.625000 0.250000
vt 0.375000 0.250000
vt 0.625000 0.500000
vt 0.375000 0.500000
vt 0.625000 0.750000
vt 0.375000 0.750000
vt 0.625000 1.000000
vt 0.375000 1.000000
vt 0.125000 0.500000
vt 0.125000 0.750000
vt 0.875000 0.500000
vt 0.875000 0.750000
vt 0.625000 0.687500
vt 0.687500 0.687500
vt 0.687500 0.812500
vt 0.625000 0.812500
vt 0.625000 0.187500
vt 0.687500 0.187500
vt 0.687500 0.312500
vt 0.625000 0.312500
vt 0.750000 0.187500
vt 0.750000 0.312500
vt 0.625000 0.562500
vt 0.687500 0.562500
vt 0.750000 0.562500
vt 0.750000 0.437500
vt 0.812500 0.437500
vt 0.812500 0.562500
vt 0.687500 0.437500
vt 0.562500 0.812500
vt 0.625000 0.937500
vt 0.562500 0.937500
vt 0.750000 0.812500
vt 0.750000 0.937500
vt 0.687500 0.937500
vt 0.562500 0.437500
vt 0.625000 0.437500
vt 0.562500 0.562500
vt 0.625000 0.062500
vt 0.687500 0.062500
vt 0.640625 1.000000
vt 0.734375 0.000000
vt 0.750000 0.062500
vt 0.750000 0.687500
vt 0.562500 0.687500
vt 0.500000 0.437500
vt 0.500000 0.562500
vt 0.562500 0.187500
vt 0.562500 0.312500
vt 0.578125 1.000000
vt 0.671875 0.000000
vt 0.500000 0.812500
vt 0.500000 0.937500
vt 0.500000 0.687500
vt 0.562500 0.062500
vt 0.437500 0.437500
vt 0.437500 0.562500
vt 0.500000 0.187500
vt 0.500000 0.312500
vt 0.515625 1.000000
vt 0.437500 0.812500
vt 0.437500 0.937500
vt 0.609375 0.000000
vt 0.500000 0.062500
vt 0.437500 0.687500
vt 0.437500 0.312500
vt 0.375000 0.437500
vt 0.375000 0.562500
vt 0.437500 0.187500
vt 0.375000 0.812500
vt 0.375000 0.937500
vt 0.546875 0.000000
vt 0.437500 0.062500
vt 0.375000 0.687500
vt 0.453125 1.000000
vt 0.375000 0.312500
vt 0.312500 0.437500
vt 0.312500 0.562500
vt 0.484375 0.000000
vt 0.312500 0.812500
vt 0.312500 0.937500
vt 0.375000 0.062500
vt 0.375000 0.187500
vt 0.312500 0.687500
vt 0.390625 1.000000
vt 0.250000 0.437500
vt 0.250000 0.562500
vt 0.312500 0.312500
vt 0.421875 0.000000
vt 0.250000 0.687500
vt 0.250000 0.812500
vt 0.312500 0.062500
vt 0.312500 0.187500
vt 0.250000 0.937500
vt 0.328125 1.000000
vt 0.187500 0.437500
vt 0.187500 0.562500
vt 0.250000 0.187500
vt 0.250000 0.312500
vt 0.187500 0.687500
vt 0.187500 0.812500
vt 0.250000 0.062500
vt 0.187500 0.937500
vt 0.265625 1.000000
vt 0.359375 0.000000
vt 0.125000 0.437500
vt 0.125000 0.562500
vt 0.187500 0.187500
vt 0.187500 0.312500
vt 0.125000 0.812500
vt 0.125000 0.937500
vt 0.187500 0.062500
vt 0.125000 0.687500
vt 0.203125 1.000000
vt 0.296875 0.000000
vt 0.062500 0.437500
vt 0.062500 0.562500
vt 0.125000 0.187500
vt 0.125000 0.312500
vt 0.062500 0.812500
vt 0.062500 0.937500
vt 0.062500 0.687500
vt 0.140625 1.000000
vt 0.125000 0.062500
vt 0.234375 0.000000
vt 0.062500 0.187500
vt 0.062500 0.312500
vt 0.000000 0.437500
vt 1.000000 0.562500
vt 0.062500 0.062500
vt 0.078125 1.000000
vt 0.000000 0.562500
vt 1.000000 0.687500
vt 0.171875 0.000000
vt 0.000000 0.812500
vt 1.000000 0.937500
vt 0.000000 0.187500
vt 1.000000 0.312500
vt 0.000000 0.312500
vt 1.000000 0.437500
vt 0.000000 0.687500
vt 1.000000 0.812500
vt 0.937500 0.437500
vt 0.937500 0.562500
vt 0.000000 0.062500
vt 1.000000 0.187500
vt 0.937500 0.687500
vt 0.015625 1.000000
vt 0.000000 0.937500
vt 0.109375 0.000000
vt 0.937500 0.812500
vt 0.937500 0.937500
vt 0.937500 0.187500
vt 0.937500 0.312500
vt 0.875000 0.437500
vt 0.875000 0.562500
vt 0.937500 0.062500
vt 0.875000 0.687500
vt 0.046875 0.000000
vt 0.953125 1.000000
vt 0.875000 0.812500
vt 0.875000 0.937500
vt 0.875000 0.312500
vt 0.875000 0.187500
vt 0.812500 0.687500
vt 0.984375 0.000000
vt 1.000000 0.062500
vt 0.890625 1.000000
vt 0.812500 0.812500
vt 0.812500 0.937500
vt 0.875000 0.062500
vt 0.796875 0.000000
vt 0.812500 0.062500
vt 0.812500 0.187500
vt 0.812500 0.312500
vt 0.828125 1.000000
vt 0.921875 0.000000
vt 0.765625 1.000000
vt 0.859375 0.000000
vt 0.703125 1.000000
s 0
usemtl Material.001
f 721/753/769 722/754/769 724/755/769 723/756/769
f 723/756/770 724/755/770 728/757/770 727/758/770
f 727/758/771 728/757/771 726/759/771 725/760/771
f 725/760/772 726/759/772 722/761/772 721/762/772
f 723/763/773 727/758/773 725/760/773 721/764/773
f 724/755/774 722/754/774 729/754/774 730/755/774
f 731/759/775 732/757/775 736/757/775 735/759/775
f 722/761/776 726/759/776 731/759/776 729/761/776
f 728/757/777 724/755/777 730/755/777 732/757/777
f 726/759/778 728/757/778 732/757/778 731/759/778
f 733/761/779 735/759/779 739/759/779 737/761/779
f 730/755/780 729/754/780 733/754/780 734/755/780
f 729/761/781 731/759/781 735/759/781 733/761/781
f 732/757/782 730/755/782 734/755/782 736/757/782
f 736/757/784 734/755/784 738/755/784 740/757/784
f 735/759/785 736/757/785 740/757/785 739/759/785
f 734/755/786 733/754/786 737/754/786 738/755/786
usemtl Material.002
f 740/757/783 738/765/783 737/766/783 739/759/783
f 758/767/787 750/768/787 749/769/787 757/770/787
f 762/771/788 754/772/788 753/773/788 761/774/788
f 754/772/789 869/775/789 746/776/789 753/773/789
f 759/777/790 751/778/790 750/768/790 758/767/790
f 744/779/791 745/780/791 864/781/791 863/782/791
f 752/783/792 745/780/792 744/779/792 751/778/792
f 746/776/793 745/780/793 752/783/793 753/773/793
f 765/784/794 757/770/794 756/785/794 764/786/794
f 749/769/795 742/787/795 868/788/795 748/789/795
f 768/790/796 760/791/796 759/777/796 767/792/796
f 763/793/797 755/794/797 754/772/797 762/771/797
f 741/795/798 756/785/798 748/789/798
f 747/796/799 870/797/799 755/794/799
f 760/791/800 752/783/800 751/778/800 759/777/800
f 744/779/801 743/798/801 750/768/801 751/778/801
f 766/799/802 758/767/802 757/770/802 765/784/802
f 776/800/803 768/790/803 767/792/803 775/801/803
f 770/802/804 762/771/804 761/774/804 769/803/804
f 741/804/805 764/786/805 756/785/805
f 747/805/806 755/794/806 763/793/806
f 773/806/807 765/784/807 764/786/807 772/807/807
f 769/803/808 761/774/808 760/791/808 768/790/808
f 775/801/809 767/792/809 766/799/809 774/808/809
f 771/809/810 763/793/810 762/771/810 770/802/810
f 774/808/811 766/799/811 765/784/811 773/806/811
f 784/810/812 776/800/812 775/801/812 783/811/812
f 778/812/813 770/802/813 769/803/813 777/813/813
f 741/814/814 772/807/814 764/786/814
f 781/815/815 773/806/815 772/807/815 780/816/815
f 777/813/816 769/803/816 768/790/816 776/800/816
f 747/817/817 763/793/817 771/809/817
f 779/818/818 771/809/818 770/802/818 778/812/818
f 783/811/819 775/801/819 774/808/819 782/819/819
f 785/820/820 777/813/820 776/800/820 784/810/820
f 782/819/821 774/808/821 773/806/821 781/815/821
f 792/821/822 784/810/822 783/811/822 791/822/822
f 786/823/823 778/812/823 777/813/823 785/820/823
f 789/824/824 781/815/824 780/816/824 788/825/824
f 747/826/825 771/809/825 779/818/825
f 787/827/826 779/818/826 778/812/826 786/823/826
f 791/822/827 783/811/827 782/819/827 790/828/827
f 741/829/828 780/816/828 772/807/828
f 793/830/829 785/820/829 784/810/829 792/821/829
f 790/828/830 782/819/830 781/815/830 789/824/830
f 800/831/831 792/821/831 791/822/831 799/832/831
f 747/833/832 779/818/832 787/827/832
f 797/834/833 789/824/833 788/825/833 796/835/833
f 795/836/834 787/827/834 786/823/834 794/837/834
f 799/832/835 791/822/835 790/828/835 798/838/835
f 794/837/836 786/823/836 785/820/836 793/830/836
f 741/839/837 788/825/837 780/816/837
f 798/838/838 790/828/838 789/824/838 797/834/838
f 808/840/839 800/831/839 799/832/839 807/841/839
f 801/842/840 793/830/840 792/821/840 800/831/840
f 747/843/841 787/827/841 795/836/841
f 806/844/842 798/838/842 797/834/842 805/845/842
f 803/846/843 795/836/843 794/837/843 802/847/843
f 807/841/844 799/832/844 798/838/844 806/844/844
f 802/847/845 794/837/845 793/830/845 801/842/845
f 805/845/846 797/834/846 796/835/846 804/848/846
f 741/849/847 796/835/847 788/825/847
f 816/850/848 808/840/848 807/841/848 815/851/848
f 810/852/849 802/847/849 801/842/849 809/853/849
f 809/853/850 801/842/850 800/831/850 808/840/850
f 814/854/851 806/844/851 805/845/851 813/855/851
f 811/856/852 803/846/852 802/847/852 810/852/852
f 815/851/853 807/841/853 806/844/853 814/854/853
f 813/855/854 805/845/854 804/848/854 812/857/854
f 741/858/855 804/848/855 796/835/855
f 747/859/856 795/836/856 803/846/856
f 824/860/857 816/850/857 815/851/857 823/861/857
f 818/862/858 810/852/858 809/853/858 817/863/858
f 817/863/859 809/853/859 808/840/859 816/850/859
f 821/864/860 813/855/860 812/857/860 820/865/860
f 819/866/861 811/856/861 810/852/861 818/862/861
f 823/861/862 815/851/862 814/854/862 822/867/862
f 741/868/863 812/857/863 804/848/863
f 747/869/864 803/846/864 811/856/864
f 832/870/865 824/860/865 823/861/865 831/871/865
f 826/872/866 818/862/866 817/863/866 825/873/866
f 825/873/867 817/863/867 816/850/867 824/860/867
f 822/867/868 814/854/868 813/855/868 821/864/868
f 829/874/869 821/864/869 820/865/869 828/875/869
f 831/871/870 823/861/870 822/867/870 830/876/870
f 741/877/871 820/865/871 812/857/871
f 827/878/872 819/866/872 818/862/872 826/872/872
f 747/879/873 811/856/873 819/866/873
f 834/880/874 826/872/874 825/873/874 833/881/874
f 833/881/875 825/873/875 824/860/875 832/870/875
f 830/876/876 822/867/876 821/864/876 829/874/876
f 840/882/877 832/870/877 831/871/877 839/883/877
f 835/884/878 827/878/878 826/872/878 834/880/878
f 741/885/879 828/875/879 820/865/879
f 839/886/880 831/871/880 830/876/880 838/887/880
f 747/888/881 819/866/881 827/878/881
f 837/889/882 829/874/882 828/875/882 836/890/882
f 842/891/883 834/880/883 833/881/883 841/892/883
f 841/893/884 833/881/884 832/870/884 840/894/884
f 838/895/885 830/876/885 829/874/885 837/896/885
f 848/897/886 840/882/886 839/883/886 847/898/886
f 843/899/887 835/884/887 834/880/887 842/900/887
f 847/898/888 839/886/888 838/887/888 846/901/888
f 741/902/889 836/903/889 828/875/889
f 747/904/890 827/878/890 835/884/890
f 845/905/891 837/889/891 836/890/891 844/906/891
f 850/907/892 842/891/892 841/892/892 849/908/892
f 849/908/893 841/893/893 840/894/893 848/897/893
f 846/901/894 838/895/894 837/896/894 845/905/894
f 856/909/895 848/897/895 847/898/895 855/910/895
f 851/911/896 843/899/896 842/900/896 850/907/896
f 855/910/897 847/898/897 846/901/897 854/912/897
f 747/913/898 835/884/898 843/899/898
f 741/914/899 844/906/899 836/890/899
f 853/915/900 845/905/900 844/906/900 852/916/900
f 857/917/901 849/908/901 848/897/901 856/909/901
f 854/912/902 846/901/902 845/905/902 853/915/902
f 864/781/903 856/909/903 855/910/903 863/782/903
f 858/918/904 850/907/904 849/908/904 857/917/904
f 863/782/905 855/910/905 854/912/905 862/919/905
f 747/920/906 843/921/906 851/911/906
f 741/922/907 852/916/907 844/906/907
f 861/923/908 853/915/908 852/916/908 860/924/908
f 859/925/909 851/911/909 850/907/909 858/918/909
f 862/919/910 854/912/910 853/915/910 861/923/910
f 747/926/911 867/927/911 870/797/911
f 866/928/912 858/918/912 857/917/912 865/929/912
f 741/930/913 860/924/913 852/916/913
f 747/931/914 851/911/914 859/925/914
f 742/787/915 861/923/915 860/924/915 868/788/915
f 865/929/916 857/917/916 856/909/916 864/781/916
f 863/782/917 862/919/917 743/798/917 744/779/917
f 867/927/918 859/925/918 858/918/918 866/928/918
f 862/919/919 861/923/919 742/787/919 743/798/919
f 869/775/920 866/928/920 865/929/920 746/776/920
f 741/932/921 868/788/921 860/924/921
f 865/929/922 864/781/922 745/780/922 746/776/922
f 747/933/923 859/925/923 867/927/923
f 870/797/924 867/927/924 866/928/924 869/775/924
f 767/792/925 759/777/925 758/767/925 766/799/925
f 757/770/926 749/769/926 748/789/926 756/785/926
f 755/794/927 870/797/927 869/775/927 754/772/927
f 761/774/928 753/773/928 752/783/928 760/791/928
f 741/934/929 748/789/929 868/788/929
f 743/798/930 742/787/930 749/769/930 750/768/930
o Cube.005
v 3.151948 -0.101590 0.238076
v 3.001184 5.792678 0.069551
v 2.160436 -0.101590 0.259450
v 2.303797 5.792678 0.084585
v 3.130573 -0.101590 -0.753435
v 2.987212 6.050201 -0.578570
v 2.139062 -0.101590 -0.732061
v 2.289826 6.050201 -0.563536
v 2.910799 9.573166 1.511916
v 2.456256 9.573166 1.521715
v 2.904736 9.930305 1.230635
v 2.450193 9.930305 1.240433
v 2.944818 10.310416 3.018327
v 2.487188 10.310416 3.028193
v 2.944707 10.768125 3.013203
v 2.487077 10.768125 3.023068
v 2.833780 9.206676 4.069637
v 2.643428 9.206676 4.073740
v 2.837227 9.309950 4.229555
v 2.646876 9.309950 4.233658
v 2.641338 9.590025 3.897142
v 1.801683 9.411604 3.955681
v 1.402655 9.189910 4.014529
v 1.221506 8.811858 4.104117
v 1.296599 8.255051 4.228695
v 1.598468 7.737969 4.339381
v 3.062600 6.466401 4.596012
v 2.363509 9.528965 3.798852
v 1.859456 9.347127 3.632675
v 1.489118 9.093414 3.531116
v 1.323497 8.698033 3.533894
v 1.398590 8.141226 3.658471
v 1.684932 7.641473 3.855968
v 2.172307 7.027363 4.151692
v 2.860887 6.532393 4.505788
v 2.426124 9.515391 3.700442
v 2.037768 9.308473 3.352429
v 1.755981 9.035564 3.111697
v 1.638284 8.629795 3.039155
v 1.713377 8.072988 3.163733
v 1.951795 7.583623 3.436550
v 2.350619 6.988709 3.871445
v 2.903091 6.523244 4.439458
v 2.521534 9.512952 3.632030
v 2.309473 9.301527 3.157605
v 2.162616 9.025169 2.820123
v 2.117942 8.617533 2.695220
v 2.193035 8.060725 2.819798
v 2.358429 7.573228 3.144976
v 2.622324 6.981763 3.676621
v 2.967399 6.521600 4.393347
v 2.635214 9.522018 3.604029
v 2.633205 9.327346 3.077866
v 2.647116 9.063810 2.700785
v 2.689448 8.663113 2.554451
v 2.764541 8.106305 2.679029
v 2.842929 7.611869 3.025638
v 2.946056 7.007582 3.596882
v 3.044022 6.527711 4.374474
v 2.749856 9.541210 3.620703
v 2.959681 9.381999 3.125350
v 3.135720 9.145604 2.771850
v 3.265797 8.759596 2.638278
v 3.340889 8.202788 2.762856
v 3.331534 7.693664 3.096703
v 3.272532 7.062236 3.644367
v 3.121294 6.540647 4.385712
v 2.848009 9.567606 3.679513
v 3.239195 9.457167 3.292829
v 3.554043 9.258101 3.022500
v 3.759243 8.892294 2.933939
v 3.834336 8.335486 3.058517
v 3.749857 7.806159 3.347352
v 3.552046 7.137403 3.811845
v 3.187450 6.558437 4.425352
v 2.914728 9.597186 3.771508
v 3.429196 9.541405 3.554805
v 3.838400 9.384171 3.414574
v 4.094664 9.041004 3.396423
v 4.169757 8.484197 3.521000
v 4.034213 7.932230 3.739426
v 3.742047 7.221641 4.073821
v 3.232421 6.578375 4.487358
v 2.939857 9.625448 3.882679
v 3.500757 9.621888 3.871395
v 3.945498 9.504623 3.888384
v 4.220995 9.183087 3.955319
v 4.296088 8.626281 4.079897
v 4.141312 8.052683 4.213236
v 3.813608 7.302124 4.390410
v 3.249358 6.597425 4.562290
v 2.919570 9.648089 3.996103
v 3.442984 9.686365 4.194400
v 3.859035 9.601120 4.371796
v 4.119004 9.296912 4.525544
v 4.194098 8.740106 4.650121
v 4.054848 8.149179 4.696649
v 3.755835 7.366601 4.713417
v 3.235684 6.612685 4.638740
v 2.856955 9.661663 4.094513
v 3.264672 9.725019 4.474647
v 3.592172 9.658969 4.791216
v 3.804218 9.365150 5.020282
v 3.879311 8.808344 5.144860
v 3.787985 8.207028 5.116068
v 3.577523 7.405254 4.993663
v 3.193480 6.621834 4.705070
v 2.761545 9.664102 4.162925
v 2.992967 9.731964 4.669470
v 3.185537 9.669365 5.082789
v 3.324560 9.377413 5.364217
v 3.399653 8.820606 5.488794
v 3.381351 8.217423 5.407641
v 3.305818 7.412200 5.188486
v 3.129172 6.623478 4.751182
v 2.647866 9.655036 4.190926
v 2.669235 9.706145 4.749209
v 2.701038 9.630724 5.202127
v 2.753053 9.331833 5.504985
v 2.828146 8.775025 5.629564
v 2.896851 8.178782 5.526980
v 2.982086 7.386381 5.268226
v 3.052549 6.617367 4.770055
v 2.533223 9.635843 4.174252
v 2.342760 9.651492 4.701725
v 2.212433 9.548929 5.131063
v 2.176706 9.235350 5.421159
v 2.251798 8.678542 5.545737
v 2.408247 8.096988 5.455914
v 2.655611 7.331728 5.220741
v 2.975278 6.604431 4.758817
v 2.435070 9.609448 4.115442
v 2.063246 9.576324 4.534246
v 1.794110 9.436433 4.880413
v 1.683260 9.102652 5.125497
v 1.758353 8.545844 5.250075
v 1.989924 7.984492 5.205266
v 2.376096 7.256561 5.053263
v 2.909121 6.586640 4.719177
v 2.368351 9.579868 4.023448
v 1.873245 9.492087 4.272271
v 1.509754 9.310363 4.488338
v 1.347839 8.953941 4.663014
v 1.422932 8.397134 4.787592
v 1.705568 7.858421 4.813191
v 2.186096 7.172323 4.791287
v 2.864151 6.566702 4.657171
v 2.343222 9.551606 3.912276
v 2.114535 7.091839 4.474697
v 2.847213 6.547653 4.582239
vn 0.0215 0.0291 0.9993
vn -0.9994 0.0244 0.0254
vn -0.0215 0.0279 -0.9994
vn 0.9995 0.0244 -0.0177
vn -0.0000 -1.0000 -0.0000
vn 0.0201 -0.3560 0.9343
vn -0.0092 0.9051 -0.4252
vn 0.9997 0.0248 -0.0052
vn -0.9990 0.0248 0.0379
vn -0.0195 0.4222 -0.9063
vn 0.9974 -0.0247 0.0682
vn 0.0095 -0.8982 0.4394
vn 0.9998 -0.0003 -0.0224
vn -0.9998 -0.0003 0.0207
vn 0.0117 -0.8401 0.5423
vn -0.9935 -0.0247 0.1111
vn 0.0166 0.6398 0.7684
vn -0.0156 -0.6888 -0.7248
vn -0.4437 0.8052 -0.3934
vn -0.6582 -0.6790 -0.3252
vn -0.7798 -0.6259 -0.0145
vn -0.7780 0.3221 -0.5394
vn -0.9681 -0.0772 0.2385
vn -0.9763 -0.1634 -0.1420
vn -0.8577 -0.5117 -0.0513
vn -0.2059 0.9247 -0.3201
vn -0.2609 0.9367 -0.2336
vn -0.5682 -0.2519 -0.7834
vn -0.5008 -0.8415 -0.2025
vn -0.1349 0.9663 -0.2191
vn -0.3571 -0.9262 0.1210
vn -0.8359 -0.2248 -0.5008
vn -0.8971 0.3741 -0.2351
vn -0.3402 0.7947 -0.5027
vn -0.2140 -0.2407 -0.9467
vn -0.4265 -0.7025 -0.5698
vn -0.1335 0.9662 -0.2206
vn -0.2893 -0.9558 -0.0523
vn -0.1581 0.9263 -0.3421
vn -0.4788 -0.5938 -0.6466
vn -0.2506 0.3086 -0.9176
vn -0.3109 -0.8608 -0.4029
vn -0.2031 0.7990 -0.5659
vn 0.1728 -0.1928 -0.9659
vn -0.1199 -0.6927 -0.7112
vn -0.1316 0.9663 -0.2214
vn -0.1060 0.9327 -0.3447
vn -0.1501 -0.5834 -0.7982
vn -0.1601 -0.9689 -0.1887
vn -0.0598 -0.8528 -0.5188
vn 0.0774 0.3492 -0.9338
vn 0.2089 -0.5389 -0.8160
vn -0.0535 0.8176 -0.5734
vn 0.5332 -0.1156 -0.8380
vn 0.2149 -0.6513 -0.7278
vn -0.0574 0.9431 -0.3275
vn 0.0109 -0.9635 -0.2676
vn 0.2145 -0.8189 -0.5324
vn 0.3830 0.4147 -0.8254
vn -0.1296 0.9665 -0.2215
vn 0.5435 -0.4673 -0.6973
vn 0.0860 0.8474 -0.5239
vn 0.8125 -0.0208 -0.5826
vn 0.1977 -0.9404 -0.2768
vn -0.0198 0.9559 -0.2930
vn 0.4701 -0.7641 -0.4417
vn 0.6199 0.4951 -0.6088
vn 0.5269 -0.5845 -0.6171
vn -0.1277 0.9669 -0.2209
vn 0.1941 0.8841 -0.4250
vn 0.9681 0.0772 -0.2385
vn 0.8027 -0.3792 -0.4602
vn 0.3717 -0.9031 -0.2151
vn 0.2543 0.9220 -0.2919
vn 0.6682 -0.6969 -0.2605
vn 0.7518 0.5782 -0.3169
vn 0.7687 -0.5024 -0.3959
vn 0.0012 0.9691 -0.2466
vn -0.1262 0.9674 -0.2195
vn 0.9763 0.1634 0.1420
vn 0.9033 -0.4176 -0.0980
vn 0.9471 -0.2883 -0.1408
vn 0.2574 0.9554 -0.1447
vn 0.7785 -0.6274 -0.0165
vn 0.7588 0.6513 0.0057
vn 0.0023 0.9807 -0.1954
vn -0.1254 0.9679 -0.2177
vn 0.5066 -0.8573 -0.0917
vn 0.8359 0.2248 0.5008
vn 0.9104 -0.3429 0.2313
vn 0.9547 -0.2083 0.2123
vn -0.0166 0.9890 -0.1470
vn 0.7843 -0.5662 0.2533
vn 0.6397 0.7033 0.3100
vn -0.1254 0.9684 -0.2157
vn 0.5817 -0.8100 0.0744
vn 0.5682 0.2519 0.7834
vn 0.7889 -0.2898 0.5419
vn 0.8244 -0.1513 0.5454
vn 0.2031 0.9791 -0.0058
vn -0.0527 0.9927 -0.1089
vn 0.4127 0.7263 0.5496
vn -0.1261 0.9687 -0.2138
vn 0.6848 -0.5227 0.5078
vn 0.5857 -0.7684 0.2581
vn 0.5572 -0.2663 0.7865
vn 0.5759 -0.1261 0.8077
vn 0.0995 0.9896 0.1035
vn 0.2140 0.2407 0.9467
vn 0.4949 -0.5035 0.7082
vn -0.1275 0.9688 -0.2124
vn 0.1123 0.7168 0.6881
vn 0.5179 -0.7387 0.4314
vn -0.1004 0.9911 -0.0869
vn 0.2506 -0.2760 0.9279
vn 0.2472 -0.1366 0.9593
vn -0.0375 0.9853 0.1667
vn -0.1728 0.1928 0.9659
vn 0.2438 -0.5115 0.8240
vn -0.2157 0.6762 0.7044
vn -0.1294 0.9688 -0.2115
vn 0.3886 -0.7256 0.5678
vn -0.1526 0.9847 -0.0843
vn -0.0842 -0.3175 0.9445
vn -0.1118 -0.1810 0.9771
vn -0.1872 0.9668 0.1741
vn -0.5332 0.1156 0.8380
vn -0.0305 -0.5454 0.8376
vn -0.5213 0.6107 0.5960
vn 0.2176 -0.7311 0.6467
vn -0.1314 0.9685 -0.2114
vn -0.2012 0.9743 -0.1015
vn -0.4464 -0.2527 0.8584
vn -0.3266 0.9369 0.1247
vn -0.8125 0.0208 0.5826
vn -0.3963 -0.3843 0.8338
vn -0.7582 0.5303 0.3793
vn 0.0308 -0.7542 0.6560
vn -0.1333 0.9681 -0.2121
vn -0.2388 0.9615 -0.1360
vn -0.2861 -0.6002 0.7469
vn -0.4347 0.9002 0.0258
vn -0.3532 -0.8845 0.3047
vn -0.6380 -0.4664 0.6127
vn -0.1347 0.9676 -0.2134
vn -0.1432 -0.7915 0.5942
vn -0.2598 0.9483 -0.1824
vn -0.7056 -0.3407 0.6213
vn -0.8901 0.4472 0.0875
vn -0.4842 -0.6674 0.5658
vn -0.4949 0.8623 -0.1073
vn -0.7727 -0.5512 0.3148
vn -0.1356 0.9671 -0.2152
vn -0.8500 -0.4316 0.3019
vn -0.2781 -0.8372 0.4709
vn -0.5945 -0.7369 0.3217
vn -0.5510 0.2991 -0.7791
vn -0.2420 0.9284 -0.2820
vn -0.6004 -0.7980 0.0519
vn -0.7273 -0.5686 -0.3843
vn -0.1356 0.9667 -0.2172
vn -0.4981 0.8289 -0.2546
vt 0.375000 0.000000
vt 0.625000 0.000000
vt 0.625000 0.250000
vt 0.375000 0.250000
vt 0.625000 0.500000
vt 0.375000 0.500000
vt 0.625000 0.750000
vt 0.375000 0.750000
vt 0.625000 1.000000
vt 0.375000 1.000000
vt 0.125000 0.500000
vt 0.125000 0.750000
vt 0.875000 0.500000
vt 0.875000 0.750000
vt 0.625000 0.687500
vt 0.687500 0.687500
vt 0.687500 0.812500
vt 0.625000 0.812500
vt 0.625000 0.187500
vt 0.687500 0.187500
vt 0.687500 0.312500
vt 0.625000 0.312500
vt 0.750000 0.187500
vt 0.750000 0.312500
vt 0.625000 0.562500
vt 0.687500 0.562500
vt 0.750000 0.562500
vt 0.750000 0.437500
vt 0.812500 0.437500
vt 0.812500 0.562500
vt 0.687500 0.437500
vt 0.562500 0.812500
vt 0.625000 0.937500
vt 0.562500 0.937500
vt 0.750000 0.812500
vt 0.750000 0.937500
vt 0.687500 0.937500
vt 0.562500 0.437500
vt 0.625000 0.437500
vt 0.562500 0.562500
vt 0.625000 0.062500
vt 0.687500 0.062500
vt 0.640625 1.000000
vt 0.734375 0.000000
vt 0.750000 0.062500
vt 0.750000 0.687500
vt 0.562500 0.687500
vt 0.500000 0.437500
vt 0.500000 0.562500
vt 0.562500 0.187500
vt 0.562500 0.312500
vt 0.578125 1.000000
vt 0.671875 0.000000
vt 0.500000 0.812500
vt 0.500000 0.937500
vt 0.500000 0.687500
vt 0.562500 0.062500
vt 0.437500 0.437500
vt 0.437500 0.562500
vt 0.500000 0.187500
vt 0.500000 0.312500
vt 0.515625 1.000000
vt 0.437500 0.812500
vt 0.437500 0.937500
vt 0.609375 0.000000
vt 0.500000 0.062500
vt 0.437500 0.687500
vt 0.437500 0.312500
vt 0.375000 0.437500
vt 0.375000 0.562500
vt 0.437500 0.187500
vt 0.375000 0.812500
vt 0.375000 0.937500
vt 0.546875 0.000000
vt 0.437500 0.062500
vt 0.375000 0.687500
vt 0.453125 1.000000
vt 0.375000 0.312500
vt 0.312500 0.437500
vt 0.312500 0.562500
vt 0.484375 0.000000
vt 0.312500 0.812500
vt 0.312500 0.937500
vt 0.375000 0.062500
vt 0.375000 0.187500
vt 0.312500 0.687500
vt 0.390625 1.000000
vt 0.250000 0.437500
vt 0.250000 0.562500
vt 0.312500 0.312500
vt 0.421875 0.000000
vt 0.250000 0.687500
vt 0.250000 0.812500
vt 0.312500 0.062500
vt 0.312500 0.187500
vt 0.250000 0.937500
vt 0.328125 1.000000
vt 0.187500 0.437500
vt 0.187500 0.562500
vt 0.250000 0.187500
vt 0.250000 0.312500
vt 0.187500 0.687500
vt 0.187500 0.812500
vt 0.250000 0.062500
vt 0.187500 0.937500
vt 0.265625 1.000000
vt 0.359375 0.000000
vt 0.125000 0.437500
vt 0.125000 0.562500
vt 0.187500 0.187500
vt 0.187500 0.312500
vt 0.125000 0.812500
vt 0.125000 0.937500
vt 0.187500 0.062500
vt 0.125000 0.687500
vt 0.203125 1.000000
vt 0.296875 0.000000
vt 0.062500 0.437500
vt 0.062500 0.562500
vt 0.125000 0.187500
vt 0.125000 0.312500
vt 0.062500 0.812500
vt 0.062500 0.937500
vt 0.062500 0.687500
vt 0.140625 1.000000
vt 0.125000 0.062500
vt 0.234375 0.000000
vt 0.062500 0.187500
vt 0.062500 0.312500
vt 0.000000 0.437500
vt 1.000000 0.562500
vt 0.062500 0.062500
vt 0.078125 1.000000
vt 0.000000 0.562500
vt 1.000000 0.687500
vt 0.171875 0.000000
vt 0.000000 0.812500
vt 1.000000 0.937500
vt 0.000000 0.187500
vt 1.000000 0.312500
vt 0.000000 0.312500
vt 1.000000 0.437500
vt 0.000000 0.687500
vt 1.000000 0.812500
vt 0.937500 0.437500
vt 0.937500 0.562500
vt 0.000000 0.062500
vt 1.000000 0.187500
vt 0.937500 0.687500
vt 0.015625 1.000000
vt 0.000000 0.937500
vt 0.109375 0.000000
vt 0.937500 0.812500
vt 0.937500 0.937500
vt 0.937500 0.187500
vt 0.937500 0.312500
vt 0.875000 0.437500
vt 0.875000 0.562500
vt 0.937500 0.062500
vt 0.875000 0.687500
vt 0.046875 0.000000
vt 0.953125 1.000000
vt 0.875000 0.812500
vt 0.875000 0.937500
vt 0.875000 0.312500
vt 0.875000 0.187500
vt 0.812500 0.687500
vt 0.984375 0.000000
vt 1.000000 0.062500
vt 0.890625 1.000000
vt 0.812500 0.812500
vt 0.812500 0.937500
vt 0.875000 0.062500
vt 0.796875 0.000000
vt 0.812500 0.062500
vt 0.812500 0.187500
vt 0.812500 0.312500
vt 0.828125 1.000000
vt 0.921875 0.000000
vt 0.765625 1.000000
vt 0.859375 0.000000
vt 0.703125 1.000000
s 0
usemtl Material.001
f 871/935/931 872/936/931 874/937/931 873/938/931
f 873/938/932 874/937/932 878/939/932 877/940/932
f 877/940/933 878/939/933 876/941/933 875/942/933
f 875/942/934 876/941/934 872/943/934 871/944/934
f 873/945/935 877/940/935 875/942/935 871/946/935
f 874/937/936 872/936/936 879/936/936 880/937/936
f 881/941/937 882/939/937 886/939/937 885/941/937
f 872/943/938 876/941/938 881/941/938 879/943/938
f 878/939/939 874/937/939 880/937/939 882/939/939
f 876/941/940 878/939/940 882/939/940 881/941/940
f 883/943/941 885/941/941 889/941/941 887/943/941
f 880/937/942 879/936/942 883/936/942 884/937/942
f 879/943/943 881/941/943 885/941/943 883/943/943
f 882/939/944 880/937/944 884/937/944 886/939/944
f 886/939/946 884/937/946 888/937/946 890/939/946
f 885/941/947 886/939/947 890/939/947 889/941/947
f 884/937/948 883/936/948 887/936/948 888/937/948
usemtl Material.002
f 890/939/945 888/947/945 887/948/945 889/941/945
f 908/949/949 900/950/949 899/951/949 907/952/949
f 912/953/950 904/954/950 903/955/950 911/956/950
f 904/954/951 1019/957/951 896/958/951 903/955/951
f 909/959/952 901/960/952 900/950/952 908/949/952
f 894/961/953 895/962/953 1014/963/953 1013/964/953
f 902/965/954 895/962/954 894/961/954 901/960/954
f 896/958/955 895/962/955 902/965/955 903/955/955
f 915/966/956 907/952/956 906/967/956 914/968/956
f 899/951/957 892/969/957 1018/970/957 898/971/957
f 918/972/958 910/973/958 909/959/958 917/974/958
f 913/975/959 905/976/959 904/954/959 912/953/959
f 891/977/960 906/967/960 898/971/960
f 897/978/961 1020/979/961 905/976/961
f 910/973/962 902/965/962 901/960/962 909/959/962
f 894/961/963 893/980/963 900/950/963 901/960/963
f 916/981/964 908/949/964 907/952/964 915/966/964
f 926/982/965 918/972/965 917/974/965 925/983/965
f 920/984/966 912/953/966 911/956/966 919/985/966
f 891/986/967 914/968/967 906/967/967
f 897/987/968 905/976/968 913/975/968
f 923/988/969 915/966/969 914/968/969 922/989/969
f 919/985/970 911/956/970 910/973/970 918/972/970
f 925/983/971 917/974/971 916/981/971 924/990/971
f 921/991/972 913/975/972 912/953/972 920/984/972
f 924/990/973 916/981/973 915/966/973 923/988/973
f 934/992/974 926/982/974 925/983/974 933/993/974
f 928/994/975 920/984/975 919/985/975 927/995/975
f 891/996/976 922/989/976 914/968/976
f 931/997/977 923/988/977 922/989/977 930/998/977
f 927/995/978 919/985/978 918/972/978 926/982/978
f 897/999/979 913/975/979 921/991/979
f 929/1000/980 921/991/980 920/984/980 928/994/980
f 933/993/981 925/983/981 924/990/981 932/1001/981
f 935/1002/982 927/995/982 926/982/982 934/992/982
f 932/1001/983 924/990/983 923/988/983 931/997/983
f 942/1003/984 934/992/984 933/993/984 941/1004/984
f 936/1005/985 928/994/985 927/995/985 935/1002/985
f 939/1006/986 931/997/986 930/998/986 938/1007/986
f 897/1008/987 921/991/987 929/1000/987
f 937/1009/988 929/1000/988 928/994/988 936/1005/988
f 941/1004/989 933/993/989 932/1001/989 940/1010/989
f 891/1011/990 930/998/990 922/989/990
f 943/1012/991 935/1002/991 934/992/991 942/1003/991
f 940/1010/992 932/1001/992 931/997/992 939/1006/992
f 950/1013/993 942/1003/993 941/1004/993 949/1014/993
f 897/1015/994 929/1000/994 937/1009/994
f 947/1016/995 939/1006/995 938/1007/995 946/1017/995
f 945/1018/996 937/1009/996 936/1005/996 944/1019/996
f 949/1014/997 941/1004/997 940/1010/997 948/1020/997
f 944/1019/998 936/1005/998 935/1002/998 943/1012/998
f 891/1021/999 938/1007/999 930/998/999
f 948/1020/1000 940/1010/1000 939/1006/1000 947/1016/1000
f 958/1022/1001 950/1013/1001 949/1014/1001 957/1023/1001
f 951/1024/1002 943/1012/1002 942/1003/1002 950/1013/1002
f 897/1025/1003 937/1009/1003 945/1018/1003
f 956/1026/1004 948/1020/1004 947/1016/1004 955/1027/1004
f 953/1028/1005 945/1018/1005 944/1019/1005 952/1029/1005
f 957/1023/1006 949/1014/1006 948/1020/1006 956/1026/1006
f 952/1029/1007 944/1019/1007 943/1012/1007 951/1024/1007
f 955/1027/1008 947/1016/1008 946/1017/1008 954/1030/1008
f 891/1031/1009 946/1017/1009 938/1007/1009
f 966/1032/1010 958/1022/1010 957/1023/1010 965/1033/1010
f 960/1034/1011 952/1029/1011 951/1024/1011 959/1035/1011
f 959/1035/1012 951/1024/1012 950/1013/1012 958/1022/1012
f 964/1036/1013 956/1026/1013 955/1027/1013 963/1037/1013
f 961/1038/1014 953/1028/1014 952/1029/1014 960/1034/1014
f 965/1033/1015 957/1023/1015 956/1026/1015 964/1036/1015
f 963/1037/1016 955/1027/1016 954/1030/1016 962/1039/1016
f 891/1040/1017 954/1030/1017 946/1017/1017
f 897/1041/1018 945/1018/1018 953/1028/1018
f 974/1042/1019 966/1032/1019 965/1033/1019 973/1043/1019
f 968/1044/1020 960/1034/1020 959/1035/1020 967/1045/1020
f 967/1045/1021 959/1035/1021 958/1022/1021 966/1032/1021
f 971/1046/1022 963/1037/1022 962/1039/1022 970/1047/1022
f 969/1048/1023 961/1038/1023 960/1034/1023 968/1044/1023
f 973/1043/1024 965/1033/1024 964/1036/1024 972/1049/1024
f 891/1050/1025 962/1039/1025 954/1030/1025
f 897/1051/1026 953/1028/1026 961/1038/1026
f 982/1052/1027 974/1042/1027 973/1043/1027 981/1053/1027
f 976/1054/1028 968/1044/1028 967/1045/1028 975/1055/1028
f 975/1055/1029 967/1045/1029 966/1032/1029 974/1042/1029
f 972/1049/1030 964/1036/1030 963/1037/1030 971/1046/1030
f 979/1056/1031 971/1046/1031 970/1047/1031 978/1057/1031
f 981/1053/1032 973/1043/1032 972/1049/1032 980/1058/1032
f 891/1059/1033 970/1047/1033 962/1039/1033
f 977/1060/1034 969/1048/1034 968/1044/1034 976/1054/1034
f 897/1061/1035 961/1038/1035 969/1048/1035
f 984/1062/1036 976/1054/1036 975/1055/1036 983/1063/1036
f 983/1063/1037 975/1055/1037 974/1042/1037 982/1052/1037
f 980/1058/1038 972/1049/1038 971/1046/1038 979/1056/1038
f 990/1064/1039 982/1052/1039 981/1053/1039 989/1065/1039
f 985/1066/1040 977/1060/1040 976/1054/1040 984/1062/1040
f 891/1067/1041 978/1057/1041 970/1047/1041
f 989/1068/1042 981/1053/1042 980/1058/1042 988/1069/1042
f 897/1070/1043 969/1048/1043 977/1060/1043
f 987/1071/1044 979/1056/1044 978/1057/1044 986/1072/1044
f 992/1073/1045 984/1062/1045 983/1063/1045 991/1074/1045
f 991/1075/1046 983/1063/1046 982/1052/1046 990/1076/1046
f 988/1077/1047 980/1058/1047 979/1056/1047 987/1078/1047
f 998/1079/1048 990/1064/1048 989/1065/1048 997/1080/1048
f 993/1081/1049 985/1066/1049 984/1062/1049 992/1082/1049
f 997/1080/1050 989/1068/1050 988/1069/1050 996/1083/1050
f 891/1084/1051 986/1085/1051 978/1057/1051
f 897/1086/1052 977/1060/1052 985/1066/1052
f 995/1087/1053 987/1071/1053 986/1072/1053 994/1088/1053
f 1000/1089/1054 992/1073/1054 991/1074/1054 999/1090/1054
f 999/1090/1055 991/1075/1055 990/1076/1055 998/1079/1055
f 996/1083/1056 988/1077/1056 987/1078/1056 995/1087/1056
f 1006/1091/1057 998/1079/1057 997/1080/1057 1005/1092/1057
f 1001/1093/1058 993/1081/1058 992/1082/1058 1000/1089/1058
f 1005/1092/1059 997/1080/1059 996/1083/1059 1004/1094/1059
f 897/1095/1060 985/1066/1060 993/1081/1060
f 891/1096/1061 994/1088/1061 986/1072/1061
f 1003/1097/1062 995/1087/1062 994/1088/1062 1002/1098/1062
f 1007/1099/1063 999/1090/1063 998/1079/1063 1006/1091/1063
f 1004/1094/1064 996/1083/1064 995/1087/1064 1003/1097/1064
f 1014/963/1065 1006/1091/1065 1005/1092/1065 1013/964/1065
f 1008/1100/1066 1000/1089/1066 999/1090/1066 1007/1099/1066
f 1013/964/1067 1005/1092/1067 1004/1094/1067 1012/1101/1067
f 897/1102/1068 993/1103/1068 1001/1093/1068
f 891/1104/1069 1002/1098/1069 994/1088/1069
f 1011/1105/1070 1003/1097/1070 1002/1098/1070 1010/1106/1070
f 1009/1107/1071 1001/1093/1071 1000/1089/1071 1008/1100/1071
f 1012/1101/1072 1004/1094/1072 1003/1097/1072 1011/1105/1072
f 897/1108/1073 1017/1109/1073 1020/979/1073
f 1016/1110/1074 1008/1100/1074 1007/1099/1074 1015/1111/1074
f 891/1112/1075 1010/1106/1075 1002/1098/1075
f 897/1113/1076 1001/1093/1076 1009/1107/1076
f 892/969/1077 1011/1105/1077 1010/1106/1077 1018/970/1077
f 1015/1111/1078 1007/1099/1078 1006/1091/1078 1014/963/1078
f 1013/964/1079 1012/1101/1079 893/980/1079 894/961/1079
f 1017/1109/1080 1009/1107/1080 1008/1100/1080 1016/1110/1080
f 1012/1101/1081 1011/1105/1081 892/969/1081 893/980/1081
f 1019/957/1082 1016/1110/1082 1015/1111/1082 896/958/1082
f 891/1114/1083 1018/970/1083 1010/1106/1083
f 1015/1111/1084 1014/963/1084 895/962/1084 896/958/1084
f 897/1115/1085 1009/1107/1085 1017/1109/1085
f 1020/979/1086 1017/1109/1086 1016/1110/1086 1019/957/1086
f 917/974/1087 909/959/1087 908/949/1087 916/981/1087
f 907/952/1088 899/951/1088 898/971/1088 906/967/1088
f 905/976/1089 1020/979/1089 1019/957/1089 904/954/1089
f 911/956/1090 903/955/1090 902/965/1090 910/973/1090
f 891/1116/1091 898/971/1091 1018/970/1091
f 893/980/1092 892/969/1092 899/951/1092 900/950/1092
